"entity_id:ID","entity_key","canonical_name","aliases",":LABEL"
"0000b517-76f2-57cf-8e77-18fb96559100","chain_node:v2_b8de371727c4291a79d664c44a544f9ec632203b","钴盐","","ChainNode"
"000949ac-b541-5d8e-85a1-75f8c2da2954","industry_chain:medical_devices_and_equipment","医疗设备产业链","医疗器械设备产业链","IndustryChain"
"0009eded-3837-532a-9e71-5cc202c0a490","chain_node:v2_470aeec60aa168d495f4140d016345a2933a30b4","供应商寻源与询比价服务","","ChainNode"
"00181650-ddac-591e-9cdc-7989132eb797","chain_node:v1_3dbfb273d81f6634fe543b05bee5616c88bd871c","胶黏剂及胶带","","ChainNode"
"00236f3a-fd2e-596a-9739-0a87703a3a31","chain_node:v2_589ad05a432f5b7a4adb3d9cb18639c3d9161461","人才数据库服务","","ChainNode"
"0047322c-dcaa-5505-943a-bf21b0dd40b9","chain_node:v2_7fb246f4c23208b272a4c58d104094dddf38d637","石灰石","","ChainNode"
"005bb987-7971-5e37-9eb7-9aae7e9a8cdb","chain_node:v2_2f1085a906178b1b05e3e9d63a3dd1849072108a","预加工食品加工服务","","ChainNode"
"0064ba97-3a82-5fe5-8619-e0300c79e03e","chain_node:v1_32afbdc2837017da5c25e9e4062cc867f61f439a","PEEK材料","PEEK材料概念","ChainNode"
"0068a811-9bd0-5c07-8ff7-c5444a34b14c","chain_node:v1_7d4d32b83367e129f8055f4f78efc164646a4ec0","房屋建设","房屋建设Ⅱ|房屋建设Ⅲ","ChainNode"
"006a5acd-a586-535b-add7-ed3013bd7640","industry:sw:workbook_snapshot_v1:720900","出版","","Industry"
"007d5615-e7f5-5a58-9d97-c8538c0592e0","industry_chain:new_energy_vehicles","新能源汽车产业链","电动乘用车产业链","IndustryChain"
"00823654-88a9-5ddc-b2e1-cbebfc9e85ba","chain_node:v1_7a66f1cb23fe3de554d7b975f02fbe4ce181c4ba","商用载货车","","ChainNode"
"00a83b14-082a-5e7d-b62f-462e9942c89a","industry_chain:telecommunications_terminals_and_accessories","通信终端及配件产业链","","IndustryChain"
"00c9a31b-b5bd-5fda-9d4c-22923cc53140","chain_node:v1_10d95da300067a992ab5859861080eccf5d3d5fd","家用洗衣机","","ChainNode"
"00e42f79-2ff5-556f-9fbe-b692cf7d77f6","chain_node:v1_18e1e0294b854c33f5708354e9833f7cd79296ec","核酸药物","","ChainNode"
"00f9a4bf-b389-57c2-bd0f-0189cac2a3bb","chain_node:v2_dad076a80d692bd5eafe860c231a4581ecba3c59","铅锌矿石","","ChainNode"
"011599c9-46b1-550e-9809-0c985acef1c5","chain_node:v2_a8883dcf4b3cced278ad23021be0870074154027","舰载雷达通信系统","","ChainNode"
"01159d34-1ff4-55cf-821a-0343925794a4","chain_node:v1_0f0483c5876549c0f962c8fca3aa6eeb051d0334","免税零售","免税概念|免税店","ChainNode"
"011e71ad-23d0-5f8f-a7bf-ce06a06033bc","chain_node:v1_3a37379777925de10142e95e587cb12a5b08d263","网约车服务","网约车","ChainNode"
"0125122b-62a3-5232-9f8e-d6e705c14e01","chain_node:v2_1407ea7f0d5dcf6f753751839fd22c0d228c1df7","纺织助剂配方生产服务","","ChainNode"
"0128a1b9-386c-5016-bc95-2334bdb4c731","chain_node:v2_cf06a98eefcffe36592ceb5ef56fe1879bf4f3a0","国资云资源池","","ChainNode"
"012eabeb-43e2-5f2d-8039-d2d9b073569f","chain_node:v2_e63c15ebe17cff0fb5e44957509791d33258a2b7","压水堆核燃料组件","","ChainNode"
"013416f0-2561-56f7-a763-b819ae547a14","concept:master_v1_498340fced20d28d","中芯国际生态","中芯国际","Concept"
"01543199-c7f6-56b2-a3b8-4da20d8f9b31","chain_node:v2_a064bd2f7a3fdc1a58176079f09c8324a5f50021","休闲食品调味料","","ChainNode"
"016106d3-ee7f-575e-a2e7-21268f933427","chain_node:v2_224f01f937b9cb92b44e3ccbf12114601003da80","磷掺杂多晶硅层沉积服务","","ChainNode"
"0162be21-4acf-5258-bed5-78f49a0ad92e","chain_node:v1_bd6739cd4cb9c87d5f45c8549bec19106a97494b","房屋检测","","ChainNode"
"01693e27-c53c-55e1-a202-02e4e3db7005","industry_chain:digital_twin_implementation_services","数字孪生实施服务产业链","","IndustryChain"
"0179bdf8-2a8e-5a6e-962f-3375f3ea5df9","chain_node:v2_03bad55d1efe748d4f3c02ecc208a61aa2c6286e","城市原水","","ChainNode"
"017a8df0-2adb-5f9a-a367-72e7ddc710ec","chain_node:v2_ef5af0f1f07a61946b71bd739332be8d1abe2bdf","办公订书钉","","ChainNode"
"0184202c-6030-580b-9475-d3e8813a0a57","industry_chain:photovoltaic_inverters","光伏逆变器产业链","","IndustryChain"
"01aab018-0a9f-5824-ad01-c80d0c003690","chain_node:v2_cb98a1796decc8abcdcfea2a07c1fa045a59191d","医疗信息系统","","ChainNode"
"01d3d751-869c-5962-9dd2-ecdd4a2ef6da","chain_node:v2_d51b1e27d51e09c8fcc48c74f6c8976ffe0f6fd9","门户采编服务","","ChainNode"
"01f0a133-2024-5d59-9d5b-8bb6da28b626","chain_node:v2_9d67964835ee22119d3f15e5feea8bb431d96c2b","磁悬浮直线电机","","ChainNode"
"021c8727-c279-58db-9639-c6761172b44f","industry_chain:lithium_resources","锂资源开发产业链","锂产业链","IndustryChain"
"023849b3-f65f-5814-ba7c-bb720bd25992","chain_node:v1_bf7b91bf20462497f39dcb77956c6ef0d80685c4","石墨电极","","ChainNode"
"02447e28-2b81-55be-b1e3-959b455c0dd0","chain_node:v2_de350e47b1d35bafaa83d68e1d32e14594d594ef","赤藓糖醇生产菌种","","ChainNode"
"02577300-b70d-5df5-80d2-fa433d5b827e","chain_node:v1_ce87d291781abc50a256a7356e459121e6b3e392","MicroLED","","ChainNode"
"025ae2bc-4467-5ff2-aef0-809af9417543","industry:sw:workbook_snapshot_v1:350106","其他纺织","","Industry"
"025f4d5f-74dc-588d-befc-6195ee0bf695","chain_node:v2_16d11ce8b39c44d74e8716030dd3d94813cf6820","住宅开发用地使用权","","ChainNode"
"026430ba-38ca-5c41-8b38-6d42e79fb071","chain_node:v2_fbedbb5732b8640138c0f773a07236daef66c7ae","房屋租赁签约协助服务","","ChainNode"
"02887ed5-c1c0-5c7f-b930-563844c9f10d","chain_node:v2_2b085e8d9c38367993f84cd57b8e2ddffae84e22","超超临界锅炉","","ChainNode"
"029ea129-4fe9-5eae-8932-f4892fd29732","industry:sw:workbook_snapshot_v1:340803","熟食","","Industry"
"02a3e348-a0dd-5e6a-8ac4-548f3277986f","concept:master_v1_588c05fa2f0f37ee","C2M模式","C2M|C2M服务|C2M概念","Concept"
"02ac1ea5-6409-5273-b6fc-668b0c26d2a9","chain_node:v1_fa2d509cc3eb1ad20f11e36c71144ec1993a173e","粮油加工","","ChainNode"
"02c78309-4413-5d8f-a46b-c81c9f6b013b","industry_chain:fashion_jewelry","时尚饰品产业链","非贵金属饰品产业链","IndustryChain"
"02db8efa-8159-5a52-8dee-3bf43aaad377","chain_node:v2_45ed992b0dd9caec288adac8a9e5c3cfba451ea8","公共充电运营服务","","ChainNode"
"02e6a11b-8c8f-5d08-b690-d36eedc84bc7","industry_chain:bathroom_fixture_products","卫浴制品产业链","","IndustryChain"
"03075abb-c234-52f0-bda1-f802219bd173","chain_node:v2_fb627f263b4b3b3c617a2f2358f469b2fcf334df","TPMS接收控制器","","ChainNode"
"033059d0-68cd-5f3c-b23b-53756555196f","industry_chain:industrial_abrasive_materials","工业磨料产业链","","IndustryChain"
"03466c48-c3d2-5014-945c-a9f8a3d5747d","chain_node:v2_ea33a3ca3e720e87c5e24764858526ca2739c37a","溶解浆","","ChainNode"
"036b9443-e0e6-5cb9-8a61-28b401e51785","chain_node:v2_3901281f840f277113b7eb2a5ad462415816b519","超薄盖板玻璃","","ChainNode"
"03734e9f-cdf2-5857-9aab-152ad388cc17","industry_chain:public_ev_charging_operations","公共充电运营服务产业链","","IndustryChain"
"0397fac0-f191-5633-b0b3-814c4847f78a","industry_chain:range_hoods","吸油烟机产业链","油烟机产业链","IndustryChain"
"03a96f55-560d-5be3-ae62-6d8c48015c2e","chain_node:v2_7cbdcdee406188b84f3c4aafed576db29134cb25","多层陶瓷电容器（MLCC）","","ChainNode"
"03c6f9c1-8728-56e5-9e33-092f5956f111","industry:sw:workbook_snapshot_v1:630500","光伏设备","","Industry"
"03d366be-3c4b-5ce6-b71e-de26d1ba89f4","industry:sw:workbook_snapshot_v1:280601","商用载货车","","Industry"
"03d36e6a-20bf-57f4-8b27-d19a7e1633b0","chain_node:v2_d249b1e82009823f5fe94d2d53b1707b97842be0","主题IP内容授权服务","","ChainNode"
"03dcea75-e779-5e22-ac27-2ffd55946c51","chain_node:v2_8ac1825387ba38b339e7b750a2eb1ce238e3f36e","纺织印染服务","","ChainNode"
"03fbd9e3-2bdc-559f-8a6c-734ec4a4503c","chain_node:v2_d2b8f8b365cf7a80468fbaa1a3bbb00b657eaadb","桌面游戏规则与内容设计服务","","ChainNode"
"04152724-6c2f-54a3-8eca-6d8148fbcfd4","chain_node:v2_f44bd0cd2a5c22fcd9983dad703891197952fce4","增材制造后处理服务","","ChainNode"
"041a3246-1922-5db6-a489-2c381217b0df","chain_node:v2_bef38dfe641e14064476f900fa15cbfd8acb518d","兽药用抗感染原料药","","ChainNode"
"042f69c5-45c7-5b49-8032-4ef522331eba","chain_node:v2_542829cc994ca748fe6f745783e4fc7bddb5d546","LED分光分色测试服务","","ChainNode"
"0461e728-057f-5168-8879-193d6c9879ca","concept:master_v1_e6ed0f2499a7bea0","智谱AI生态","智谱 AI","Concept"
"0498ab5b-592c-5191-8024-60be4855dcc1","chain_node:v2_06864b8a40e6a836624156457a60b95dd413a670","抽水蓄能发电运营服务","","ChainNode"
"04af76a4-9805-5061-ba43-818cefbbc876","chain_node:v1_c5ea8ca690c407c7d5dd5afebdd48bc600e88174","虹膜识别模组","","ChainNode"
"04c66f13-6763-5a27-8c1c-56fe1bbe8a86","industry:sw:workbook_snapshot_v1:720702","音频媒体","","Industry"
"04d3042a-acb4-5622-923b-2de843bafcd8","chain_node:v1_7866bcdb8d5e65abc0cbdb226c272f11a889cd2f","百货零售服务","","ChainNode"
"04e28815-173f-524f-bbd8-102f438662cc","chain_node:v1_2031082c8fe3f60ad8fa238ccb03170683261661","超硬磨具","","ChainNode"
"0506601b-3fb4-5366-80b3-aeb03bfdc797","chain_node:v2_73449463cdded68bea128031b0c035171c77d52e","硫酸电解液","","ChainNode"
"05309561-4942-55d5-86a8-ac649932fa4f","chain_node:v2_92fccd80220382ff9e86cf73c59237375b380335","甲醇制烯烃（MTO）工序","","ChainNode"
"053c3851-055c-57ee-b93a-4db0783ec182","industry:sw:workbook_snapshot_v1:350301","钟表珠宝","","Industry"
"0575c722-1899-53a7-8686-2b01bcc4dbc9","industry:sw:workbook_snapshot_v1:220501","其他塑料制品","","Industry"
"058392ba-7b45-5537-8249-d9887daaf505","chain_node:v1_9c34098a2c06eef1c1ad92817eea77d75dc1abd0","电商代运营服务","","ChainNode"
"05874d1e-1fa9-5516-baef-ff5de57648ee","industry:sw:workbook_snapshot_v1:240301","铝","","Industry"
"05b234f8-10b0-59be-acb5-51f05edcaf34","chain_node:v2_30018e3e594b4f8b00b613e16aff60650877aa56","非运动服装产品","","ChainNode"
"05bcc2ec-747e-543d-966a-5e3d1cca48df","industry_chain:acrylic_acid","丙烯酸产业链","","IndustryChain"
"05c2b2f7-edee-5300-b7f3-486b8cf9c8d1","chain_node:v2_b2479d30525553a16a4aaca8bd1499d185c22a93","TOPCon光伏组件","","ChainNode"
"05cc139c-da55-5a4c-95ee-698c589f39df","industry:sw:workbook_snapshot_v1:480301","股份制银行Ⅲ","","Industry"
"05d427df-6432-5ca9-8480-89cbecf814e6","chain_node:v1_fb9dcf7ad208ff8ab8ce7e8179affe3e75285f4a","光刻机","","ChainNode"
"05d6cdcd-265a-589e-9bb4-da1654af4b1f","chain_node:v2_65ef633f51a2de59d98aa00f4a677efe502f9409","线下药店门店网络基础设施","","ChainNode"
"05dc4c45-f453-545a-ba41-35274f3f7265","chain_node:v2_914e59eb94bcae4edb42881ebc56c8cf6f03aa68","IDC机柜托管服务","","ChainNode"
"06194620-42ac-5b92-9285-eb445fa62ae8","chain_node:v2_2a1bf89fccbd6a066aad292d0136c250bc45d59d","数字化织机","","ChainNode"
"061bd82d-65f6-5162-9adf-63dbdfd7eae1","chain_node:v2_9f3080728daf6ce7edc7f0bdb7913636c329db8f","主题公园规划设计服务","","ChainNode"
"061d23d2-9316-59de-a917-0939a5fcb426","chain_node:v2_7554d3e25f273279ffb9588c92e34dca860f9ccb","海外仓服务","","ChainNode"
"0620beda-f1ce-5a29-be8a-e8b1f2e5b8c7","chain_node:v2_1a056c44afd16860f2fd5c5842e8bb64eed49c92","焚烧炉渣资源化服务","","ChainNode"
"062212be-1065-53e2-9f84-e9dd0fdc8d0a","chain_node:v2_d2f8322d236950578933dfc586dd312514a964e4","建筑采暖系统","","ChainNode"
"0631d387-96a9-5f01-8d9e-c3455aa1fb55","industry:sw:workbook_snapshot_v1:360501","文化用品","","Industry"
"064c463c-7a03-5da9-b2ef-6f581529b34b","chain_node:v2_53cef3d9c02e90d1bd1cba102b88c6c69fa036e8","医药冷链仓储服务","","ChainNode"
"065261ca-a5dd-57aa-8a37-fbe44267e560","chain_node:v1_7ff0f6ea31113c423adf31ea72bd6ec464985a6a","托管安全服务（MSS）","","ChainNode"
"065b699e-6cdb-53be-b33a-2bc6cf907456","concept:master_v1_b45d91812071a925","百度生态","百度","Concept"
"065f935f-a308-5194-8545-e0ff77985853","industry_chain:gold_jewelry","黄金首饰产业链","","IndustryChain"
"066384a3-04f3-55dc-a29a-d986e27f1c0a","concept:master_v1_85b90fd5b69ebf2c","消费电子","","Concept"
"06694bc1-7c7f-5a01-aa68-c2b24374066d","chain_node:v2_d0f1a72b799fb7c34664e49b127183488c589284","仓储自动化设备","","ChainNode"
"0676708c-cbc6-585f-b452-ed059a4b1ffe","industry:sw:workbook_snapshot_v1:370404","互联网药店","","Industry"
"067af35e-2dae-5849-adf5-10317475d9cc","chain_node:v1_0cc1a67a17b26c83b98614a7e5940e6f841358f9","充电桩","","ChainNode"
"0689d5c7-df77-52c4-8f2e-ab0e9d50522b","chain_node:v2_67b4e2f579ea6b3c57c56a00b7840bdd723f45ef","商业用地取得服务","","ChainNode"
"068ea3f2-2a0b-5627-8055-9fb0144ae0bb","chain_node:v2_13beb80775af394d7de79e9c4c43e918fa49c8b9","四氯化钛","","ChainNode"
"068fe84c-03e7-5cd8-97e5-dd4b02267ec0","chain_node:v2_e327a95a16320dcd450de7b8bd3aaaba6de6135d","网约车调度平台","","ChainNode"
"06912625-65f0-55ef-ac99-61ef250ed470","chain_node:v2_26d52fc5c50c20e153f32ba220966f118eb0c081","通信卫星天线系统","","ChainNode"
"0691fcee-6543-5188-8105-55611194bf92","industry_chain:caustic_soda","烧碱产业链","","IndustryChain"
"06937b7c-d3a9-5065-8a8b-51954030dcdb","industry:sw:workbook_snapshot_v1:410109","其他能源发电","","Industry"
"06939a3c-cc18-527d-92ec-3ca4cced8e27","industry:sw:workbook_snapshot_v1:770100","个护用品","","Industry"
"06a2f8ed-6bab-58d9-baf6-a101463316e9","industry:sw:workbook_snapshot_v1:430100","房地产开发","","Industry"
"06b91db2-f4c6-5a0e-a2f7-e7a02e7c65e8","industry:sw:workbook_snapshot_v1:450300","一般零售","","Industry"
"06c2fd05-b593-5346-b1fb-2c53dfe1decb","chain_node:v2_9f0b3b22c2533ae1fbb28ff125feeec2a824a435","智能监控摄像机","","ChainNode"
"06ca9770-9d85-5e22-9239-5a305cd0671f","chain_node:v2_2f831bcd74243fcef9688a79ad9b495d32507340","载人飞船生命保障系统","","ChainNode"
"06dd5467-d054-56b3-889b-1a5852a8df8f","chain_node:v2_bb23bcc35bf9d1dcf79943ab00cc5f59c660f8ca","建筑门窗铝型材","","ChainNode"
"06ddeaa4-58b8-57b5-b032-ec0cc1bb5001","chain_node:v2_0e5041c7abdced0c2e21b4474c8ad6ceacf7387b","仲钨酸铵（APT）","","ChainNode"
"06dffe6b-28d8-5d86-8d20-bb47a7683c02","industry_chain:fluorochemicals","氟化工产业链","","IndustryChain"
"070cdbad-137c-5fa4-8591-0373f25de48c","chain_node:v2_3308ae78484523dc058b05dd995d1b2963c8d13e","分子伴随诊断服务","","ChainNode"
"070e2648-535b-5eb1-8516-bb99043a9439","chain_node:v2_7eb5cbca7075bfb89b943af8881990b55d9faf8b","云资源虚拟化平台","","ChainNode"
"070fdcaa-070d-55cf-afec-3c7209648a7f","chain_node:v2_1d40814c9e938ec6f313d9887e1a5ec30144b1dd","风电主轴热处理服务","","ChainNode"
"0710926f-e8cb-51ca-bfec-f5f2505b755e","chain_node:v2_70fbfb8b15c31eb7864993fc679d8928dff93c68","电子海图显示与信息系统（ECDIS）","","ChainNode"
"0716fe62-0c91-58cb-aff4-5c4ee7fd85db","industry_chain:architectural_coatings","建筑涂料产业链","涂料产业链","IndustryChain"
"07258a7b-5dec-5863-8879-0ac754b5c0a7","chain_node:v2_dcefe6f9b7be4b18f61566b4cd29c61ae618dd84","空间站电源系统","","ChainNode"
"0738cad8-8bf0-5c97-8156-8d79d8dfaab0","chain_node:v2_86cc25405dcfc02e6e4414f733abc642f9556c2c","移动核心网","","ChainNode"
"074632f8-2dac-51f5-bb4d-43df3224341b","chain_node:v2_8c435a9d6f6de9bc27907431c1e89b7c114aba2e","交联聚乙烯电缆绝缘料","","ChainNode"
"07717fb7-ad14-5ee4-9c30-878e74511734","chain_node:v2_e5fed3f2898a6bb02a1f8c1a1a9022123766f9d9","广播电视传输网络","","ChainNode"
"078502dd-5165-569a-a4ee-f146e0a9ee5e","chain_node:v2_d09485110110b81168043b1dd45a14cd45b0f300","汽轮发电机组","","ChainNode"
"07858c3a-5b40-5333-b656-e1880eaafa2a","chain_node:v1_bc892b49bfd485fb02872ff0c2b0f6feb9803057","核辐射检测服务","","ChainNode"
"07927ff0-be29-5a0a-8f12-1b589e0d06b3","chain_node:v1_3ee7867648d76dcd26bdb4b6dc22a41b5cdb55a4","线控转向执行器","","ChainNode"
"07941398-dc37-5266-ab7b-6452f0bafbbb","chain_node:v1_7a4e4ea687f372366e711ecf94a46671bdf5dd6c","煤炭","煤炭概念","ChainNode"
"07a60c6e-5f66-5d35-b2bb-965573d9fd13","industry:sw:workbook_snapshot_v1:720700","数字媒体","","Industry"
"07b7ceca-0b4b-593d-8213-2353a8cb27ef","chain_node:v2_02359fd3a10fba55512b5df7b31d9c7a71bba45c","兽用抗感染药品","","ChainNode"
"07b8ad1c-f6eb-564c-a4f8-4893e3c427b7","industry_chain:large_civil_aircraft","大型民用飞机产业链","大飞机产业链","IndustryChain"
"07e3d06f-b3a8-5444-9d23-d75b63f432e5","chain_node:v2_c758ddfdeabcbb7e32db69fb20a4a9fe4a62528c","棉织物活性染整服务","","ChainNode"
"07f31ec9-1ddc-502d-992d-5794b638decd","industry_chain:home_cleaning_appliances","家用清洁电器产业链","清洁小家电产业链","IndustryChain"
"07f5c33f-55da-552c-8fba-1547e502a10c","chain_node:v2_412c3d3eed1881899032b843b355d44fb57b585e","激光器芯片","","ChainNode"
"08113648-9d19-5130-9cc0-14f2789431e5","chain_node:v2_20376b49d8854eef40e80a106abe3d054a56acdf","单晶炉自动控制系统","","ChainNode"
"083d572e-0e87-51c5-8da6-5f4c2fe4f562","industry:sw:workbook_snapshot_v1:710100","计算机设备","","Industry"
"0841c65a-3d74-5937-8acd-6c17884a159a","chain_node:v2_158062613b8b3a5d0f00b92b3c156afc4c2b12e9","硅橡胶配方生产服务","","ChainNode"
"085466d9-06f0-551c-b6fa-0d97b4d753e9","chain_node:v2_d8acc916185a45f97b8012e317841fef5b41d5e7","服饰零售服务","","ChainNode"
"085fa5de-08b4-5bfa-afc8-6cbc19209eac","chain_node:v1_b835e5dd9f2332e8452b87954b15155c3c6fa079","涂附磨具","","ChainNode"
"08712d73-e6db-522d-a217-7006af9012b5","chain_node:v2_91e2a0da34375285faf122fd6ffb439d8ac828ef","数字身份数据库基础设施","","ChainNode"
"08794f8b-0308-564e-a55f-02e30a9863b2","industry_chain:printing_inks","印刷油墨产业链","","IndustryChain"
"089273e1-28c7-5320-9a4e-923617c63957","chain_node:v1_3de27450a9e984e8510694c8baa7b5a3c6a9a32a","集成电路封测","","ChainNode"
"089e698d-72eb-5173-8ac3-8f6b945bbd9f","chain_node:v2_7fb13b811fa452ec8fe3cc4a97c363ae101a7cb8","共享单车运营服务","","ChainNode"
"089fe79e-317d-5a29-afba-c6d7f8b362f3","chain_node:v2_85129e0b61d1267791e066bce258fa60def37c71","LED照明模组","","ChainNode"
"08a5fb28-e376-5c6a-a262-32deceb07ca9","chain_node:v2_db89bf78e1edc5dc084678a77cd90a446f8ca5cc","企业IT系统集成服务","","ChainNode"
"08a635ee-65ad-5a33-af9d-01672f05a91b","concept:master_v1_b2b0850a3e7c7bbf","军工信息化","","Concept"
"08c6bbba-7faf-5145-8b40-f373be9c0772","chain_node:v2_a2d5b01b8a50c2ea47ed2f3aa39d08989d29d2c3","智能手表SoC","","ChainNode"
"08ccc18e-96d1-5fcc-b1ce-13e8369afdb9","chain_node:v2_03ee2329f56eaf4c9fd4c314f0df40698915ba59","血氧算法软件","","ChainNode"
"08ddd66e-963f-58fb-83df-8487f188b151","industry_chain:tabletop_game_products","桌面游戏用品产业链","棋牌用品产业链","IndustryChain"
"08f2eb03-bfaa-5da4-9057-6772b9755ea1","concept:master_v1_84167afeaf356553","租售同权","","Concept"
"08f35b59-85d1-53a0-a013-790cbe7e7b2d","industry:sw:workbook_snapshot_v1:430303","房地产综合服务","","Industry"
"08fa4fc3-f87a-558d-b989-0f3718d89c9b","chain_node:v2_119c6d99325d289a241de4658c6fbb4c754144a7","日化表面活性剂","","ChainNode"
"092b880e-e8e9-5ede-89f3-565cde868494","industry_chain:snack_foods","休闲食品产业链","休闲零食产业链","IndustryChain"
"0935a627-785d-5258-8513-80350639702d","chain_node:v1_bf33531229ccf72f23c221db2131c21022978e26","BC电池","","ChainNode"
"0936a445-9485-5fd4-8bac-ea9e53d14e4c","chain_node:v2_734ab8369ccd3ce1ca7a4b774ea4905717884d5c","风电场土地使用许可","","ChainNode"
"094796fc-4a93-5528-b55a-eb36b6254946","chain_node:v2_79102b0b1b41b0d7b60a52bc54edce95b8cb6687","检验检测报告","","ChainNode"
"097129b7-6b9d-539a-891a-858613f46020","industry_chain:ai_data_center_liquid_cooled_servers","AI数据中心液冷服务器产业链","","IndustryChain"
"097c2b46-ba7f-5492-8e8a-012da7f169d8","chain_node:v2_2fc18047340a1fab34e55f69f0b3ccb06c949a19","聚氨酯硬质泡沫","","ChainNode"
"097d4fa8-0866-5b7b-8fe4-c3b7e3d30e41","chain_node:v2_c199e284a1ac76ab6f0f09443df559bc91cf7226","分布式光储充系统","","ChainNode"
"09840ee1-bdd7-5a7e-b781-e2e3703fb88c","chain_node:v2_a4081a506a1daf2fcdc8d20929506a929ecdf744","商业图片版权授权服务","","ChainNode"
"099072ff-2054-54fd-a96c-23dee3393314","industry_chain:automotive_shock_absorbers","汽车减振器产业链","","IndustryChain"
"09919af8-6209-5f4e-83e8-868d0d65278b","chain_node:v2_7f65e1f1664d2e5699265f3824d905d0131bbfe8","CPO光引擎","","ChainNode"
"09948bfe-ecb8-5663-9fad-661fd6759b38","chain_node:v2_f12a238abb2c74ce100cd6c8febd58082addf768","切磨裸钻","","ChainNode"
"099f1b2f-0e4e-5f00-9c04-618362dcd1e1","industry_chain:assisted_reproductive_medical_services","辅助生殖医疗服务产业链","辅助生殖服务产业链","IndustryChain"
"09a13623-174c-54f1-934a-ed703faf96c4","chain_node:v2_ad33e2298685518eb8223b16dc33d401995e2501","市政污水处理厂工艺设备","","ChainNode"
"09b4eb0e-e705-5983-a259-9365bcac2252","chain_node:v2_c9172345e07e434de4340f6e7f67753a211d373e","商业遥感数据服务","","ChainNode"
"09b6c25f-0c9d-5aaf-813a-8bc91203f851","chain_node:v1_055cd0e6985e5b5dbc841017d3fc736bb4570686","白酒","白酒Ⅱ|白酒Ⅲ|白酒概念","ChainNode"
"09dba43b-8045-55ab-80dd-3f30d74af950","chain_node:v2_95ba409ceac1c3fc1824e242a5dc0c07a419e35f","民用飞机型号合格证","","ChainNode"
"09dd1543-903d-5759-b8b9-5d1647fd88f5","chain_node:v2_936f35f23a9b7fbf5097fd58f5dad6072af48451","全屋智能家居系统","","ChainNode"
"09e3b673-e2f4-5e3d-918b-4c3c98cb641a","chain_node:v2_b4fe5db30689fc5a78a4adc487e0ec18efc194b6","厨房小家电控制器","","ChainNode"
"09e84b4b-035b-553d-b50c-726370d690fd","concept:master_v1_808ea5fd6152a12d","智能家居","","Concept"
"09f21f04-be38-52b4-8a3d-3dbd3c9e6f1d","chain_node:v1_115f1a11c2ca4c96e1805b8cd1a3f2fbe49fb16a","橡胶制品","","ChainNode"
"09fc42e9-f9ee-57c2-934e-8eb37e40297d","chain_node:v2_4de9897c009708707fa49f36632b308cc9fab2b1","特高压换流阀","","ChainNode"
"0a04d4cb-1b68-5626-b11c-45877507eeed","chain_node:v2_2fef96a851c6c74987c0ec74e7046fe7c57c0ea0","工业设备材料采购服务","","ChainNode"
"0a050042-530d-53b8-a673-6266f3a790f2","chain_node:v1_3dfc992c005af146bb3b954440bf46cf31246189","互联网保险服务","互联网保险","ChainNode"
"0a1583a3-ea61-5239-9240-62f0aba0199a","chain_node:v2_52ffc7f6af58ed2962912eb871a7422ef9407d0f","GIS平台","","ChainNode"
"0a197d1c-4872-5ce2-a41e-6b04adf09852","chain_node:v2_513fff1872d6d9a53fc6ed4b7049962fae7b7fe7","NAND Flash封装测试服务","","ChainNode"
"0a19c62c-24f8-5a7f-a777-29d7aa178002","industry:sw:workbook_snapshot_v1:240602","镍","","Industry"
"0a1b509d-21b1-5160-b80b-474186258618","chain_node:v2_73861350b8dd277abade1c64c28bead50d3cab2d","锂离子电芯制造服务","","ChainNode"
"0a22df3f-84a5-5fd8-b9e8-4e4ad9eba514","chain_node:v2_a9c590c6b0d0b0a3bbc43317cae09dafd18d4543","印刷包装品","","ChainNode"
"0a60f219-f3c3-54bb-80cd-a77101f1a2e2","industry:sw:workbook_snapshot_v1:461001","博彩","","Industry"
"0a650349-50eb-5b9a-bd59-81a9fe939c96","chain_node:v2_23580fe50bf736d04b40153ec92e492a898cdff7","水处理泵阀","","ChainNode"
"0a657b79-7380-51f8-9028-021f6ecf3b9a","chain_node:v2_60d67c1e6bd8bf30b8d60e2c4e6cc40c78cefcdb","污水处理尾水","","ChainNode"
"0a65e899-80d2-591a-99f6-2f95d101df47","chain_node:v2_db825c17212e3553ebc18ad81a547ce20574e9bc","风电玻璃纤维熔制拉丝服务","","ChainNode"
"0a8261d3-0341-5739-bee3-b1cf13b49971","industry:sw:workbook_snapshot_v1:650401","航海装备Ⅲ","","Industry"
"0a8557a3-8161-5e57-9ee9-21f62189705b","chain_node:v2_38134598ff1a220a91ed8bd3d79b65fa46cfe096","PEEK聚合服务","","ChainNode"
"0a90b4a7-27be-5a6e-bc46-1c59d971d8ba","industry:sw:workbook_snapshot_v1:350208","运动服装","","Industry"
"0a934e9d-7971-5425-850b-5f375187c08a","industry_chain:cybersecurity_software","网络安全软件产业链","","IndustryChain"
"0a9624bb-4a48-58bd-9328-d8ac66abcd8c","chain_node:v2_752e72975f12fe7bf081e7cd23c5166ea91c7f28","电动汽车直流充电连接器","","ChainNode"
"0abf6325-a9f3-5653-bfb6-eef2c311eb35","chain_node:v2_cc59d39d67ce7234cef26b7ad076ac1898d760cc","自升式海上作业平台总装集成服务","","ChainNode"
"0acf2482-ca82-5484-beb0-0dcf7b7c3fa0","industry:sw:workbook_snapshot_v1:760201","环保设备Ⅲ","","Industry"
"0ae4d2d9-733a-50b0-b488-e1c1921611df","chain_node:v2_c5574605758ae14c8177b80eb2176204401ac275","二氯乙烷（EDC）","","ChainNode"
"0af66b29-161a-5747-95b7-9a974dd2603d","concept:master_v1_2bb0d130482d979b","5G","","Concept"
"0b09f5ba-cfe6-5d0f-b883-09dc65be9869","chain_node:v2_53d59f3d0b4025f70af994c8730840419e91b5dd","湿法磷酸","","ChainNode"
"0b1d0462-0b85-5025-929c-ecb84a57953d","concept:master_v1_d220dfaca8301212","电子身份证","","Concept"
"0b3f0741-1778-526f-a30e-4196a3ef2a97","chain_node:v2_9e8e0eeb744a77a50113b8bedc32eda3da779d38","智能手表AMOLED显示模组","","ChainNode"
"0b40e682-e85b-57fc-98c2-0970c49385c4","chain_node:v2_d72cb5785266707a6335bafc796a24a4513f2191","品牌商品采购服务","","ChainNode"
"0b41dc03-ba21-55ef-9614-3b7ff5d42340","concept:master_v1_02d973474b0e76f4","英伟达生态","英伟达","Concept"
"0b4af85e-d89d-5d8c-9a4c-c89261e9d9b8","chain_node:v2_5683aaaf44cf29427ac386bf6aa564e192c51dc2","油田钻井工程服务","","ChainNode"
"0b65b1de-ba91-52a0-9590-e0c8afc7037b","chain_node:v1_ce5d2e9c340c721c8cb063d2f8d65e2ed277441f","城市轨道交通工程施工","","ChainNode"
"0b7e9458-7984-5659-b00d-ca3002a4d2e6","chain_node:v2_aff09c308f091f20110df35e8cc733889628f6ee","活性染料","","ChainNode"
"0b80ace8-2414-55c5-b166-032cbaf73ae0","industry:sw:workbook_snapshot_v1:270401","其他电子Ⅲ","","Industry"
"0ba2ab6f-9895-58ce-825e-187246e1bd9d","concept:master_v1_9a88efcf6a307038","数字孪生","数字孪生概念","Concept"
"0bc404c9-91a1-548d-99bf-a5ca60bef80b","industry_chain:hydropower_generation","水力发电产业链","","IndustryChain"
"0bfcd78e-9218-5f32-9533-1423366401db","industry:sw:workbook_snapshot_v1:630300","其他电源设备Ⅱ","","Industry"
"0c14273b-3c92-5d74-9c9a-afee63312c8d","industry_chain:adhesives_and_adhesive_tapes","胶黏剂及胶带产业链","","IndustryChain"
"0c1d670a-77bc-5d92-b706-22b0f2579827","chain_node:v2_66563fb7c11aa4e348ade82ef0ff41113e0ec296","精密机械加工服务","","ChainNode"
"0c20cc11-e79b-565e-bc63-3b991d6eb89d","industry_chain:gold_mining_and_refining","黄金采选与精炼产业链","黄金产业链","IndustryChain"
"0c2312e4-7b80-504a-b029-75ee2f25bfde","chain_node:v2_5fdaa029dabb68a7604be649c213a3f09b2f6452","重介质分选设备","","ChainNode"
"0c2a12f6-c3b9-5038-8a30-51a945e688cd","chain_node:v2_eae5855417f16d94054b441f646e323a40d3fd0a","隧穿氧化层制备服务","","ChainNode"
"0c4f851e-22cd-5f35-9317-08f152c64b44","chain_node:v2_4b180fc65529a7b9273b84b4ad496b6b3b3b57ac","智能语音算法SDK与云API","","ChainNode"
"0c5b166f-bbbe-5522-821b-5e31211a2cf4","chain_node:v1_3a5949b861904f4097b02dcfc78ba1dea0eaa32a","激光设备","","ChainNode"
"0c5df222-04a7-5ecb-ac90-073073d367f2","chain_node:v2_fbba06b0284c8a9a993d20e8864e3c5621914d55","数据清洗标注服务","","ChainNode"
"0c686375-12d7-50eb-aba5-543ecdd09d11","concept:master_v1_50d360de9f12997f","空间计算","","Concept"
"0c6d0f67-030e-5d1c-80c6-662a6c23dda2","concept:master_v1_c187b5e948f85add","冰雪产业","","Concept"
"0c6daf4e-fe2d-5d70-b22b-c96d323501f5","chain_node:v2_006d4c6f45ac41159cfbed2313760fd5edb751e6","生活用纸原纸抄造服务","","ChainNode"
"0c7aecf0-879a-59ae-a00e-ff2479a26c95","chain_node:v2_c3f29dfae7d11dc12bd1d09189a77c9ef0ed7e67","焚烧飞灰安全填埋服务","","ChainNode"
"0c8d9962-e546-5d1b-9395-9915992b15d1","industry_chain:bathroom_electrical_appliances","卫浴电器产业链","","IndustryChain"
"0c8e4bc8-070e-54b2-a06c-eaad90d209f5","chain_node:v2_b62297c9377fded32054ea2752c5659a3427df02","5G基站天线系统","","ChainNode"
"0c92bf2c-360a-567f-96a0-60a6f1a1082a","chain_node:v2_c76a94586e89bd2f00323b0e2986282801aea528","超高清视频制作平台","","ChainNode"
"0c99eaf0-8107-56aa-bfaf-85cb86c138f2","chain_node:v2_a9d91c3c01627bd6a46f7f696f8475cb7ffe9173","RV工业机器人精密减速器","","ChainNode"
"0ca52d84-1beb-5eab-8937-12cc2b26591d","chain_node:v2_1d8aa73f339f3cda4676b9010ce75a662ff72e58","退役动力电池","","ChainNode"
"0ce99872-5c21-512a-bad8-03481816b122","chain_node:v1_e0335d7401ab21df65ad92e6213cf452dd671e8d","纺织化学制品","","ChainNode"
"0cf838ea-18e1-53d9-b46c-40dee945b2e4","chain_node:v2_90b216a844bc03e9d7d0df41fd623c0316697edd","工业膜处理系统","","ChainNode"
"0d029739-179d-5b1f-b4de-5906442f532d","industry_chain:consumer_electronics_components_and_assembly","消费电子零部件及组装产业链","","IndustryChain"
"0d09b62a-869b-5be1-9994-85d1ba01d2aa","chain_node:v1_bbb9b620be081a66e8758c5705c8ce7c21dee56d","商用车","","ChainNode"
"0d0c2fc9-f7bf-540d-965d-bc7193e0fde2","chain_node:v2_72a24a7ac62db5fee9c4eb5651bca05313a72e08","数字水印算法IP","","ChainNode"
"0d18a230-79a5-521e-967d-113ff30f5eb0","industry_chain:nanosilver_materials","纳米银材料产业链","","IndustryChain"
"0d249e3e-94ce-51e1-aeb2-f60cf7d23ca2","chain_node:v2_b08cf1d87f76a3de7c7f012bf3a1952df469f58d","道路工程质量验收服务","","ChainNode"
"0d49cbb3-ee2b-5ae9-a392-9f35fa31b27e","chain_node:v2_f3058ad74a78ee917be81187b0e86409b02b92db","铅合金","","ChainNode"
"0d4cb5ea-1136-5351-aa17-44d5c8c5c9ba","chain_node:v2_e2825f18fad23e55097a1144cbeeb81371b9e50e","可逆式水泵水轮机","","ChainNode"
"0d509d99-59de-59b9-9b92-d7316888a276","chain_node:v2_5038b6bc81e40032f9f2347c43cfd46b987b9c3f","光伏扩散炉加热炉体","","ChainNode"
"0d541345-1d5b-53bf-966a-d13badb251e7","industry:sw:workbook_snapshot_v1:220600","橡胶","","Industry"
"0d59c958-589d-5f67-ac24-da189f696746","industry_chain:wind_turbine_generators","风电机组发电机产业链","","IndustryChain"
"0d792f21-7d6c-5956-ba0e-d0d5f88e3b54","chain_node:v2_16d71539130b961d9d43f3e44694fae36d68180d","光伏层压机真空泵组","","ChainNode"
"0d976c20-aa42-5a69-9e4b-5b650fe924a6","chain_node:v2_61233279789fcc32b49a7f6b400442a15dd65fe2","建筑钢结构用钢板型钢","","ChainNode"
"0db3b9f6-cffb-55c0-ab52-81683fb9f4a2","industry:sw:workbook_snapshot_v1:610102","水泥制品","","Industry"
"0db4c145-91a1-5ded-a8a6-a8671eda6808","concept:master_v1_10282eaa77d7e1b3","钴产业","","Concept"
"0db75833-45ba-5642-8a75-e292d137973c","industry_chain:vertical_industry_application_software","行业垂直应用软件产业链","","IndustryChain"
"0dc3d8a3-a5b6-566b-9b40-b799784be16c","chain_node:v2_f0bbcdd60b18fc85c4ee370202ce255784922994","土壤修复药剂","","ChainNode"
"0dd225bf-f6a2-5d66-b9f3-5a8d089cc220","chain_node:v1_97c7238b04e4b432dfe690579deedaaf5310b855","电影院线运营","院线","ChainNode"
"0dd6dd07-5958-5fcb-a8c3-85c8d822d1ff","chain_node:v2_de66d6f095ea79570f16a9902d92e36b2dddc8da","磨具级人造金刚石","","ChainNode"
"0df6771d-350e-5361-b18c-b7a08f38c3e6","chain_node:v2_621024e872afa0432af2246ce1532222a387f6ef","精密磨削加工服务","","ChainNode"
"0dfc0dbb-d681-5846-b3fe-bb30d3da466c","chain_node:v2_d44e2bbeb69fde86ad85e97efa8306e977d065bd","用户身份与社交关系数据","","ChainNode"
"0e037893-3b95-5c7c-8115-2fa8720dbca9","chain_node:v2_e64f6b4fbefd9c56e2c7960750c503e24f83f72f","牙膏用水合硅石摩擦剂","","ChainNode"
"0e0d5ec1-95e9-51f7-ad7a-b6911bc67068","industry_chain:animal_vaccines","动物疫苗产业链","","IndustryChain"
"0e120c2e-2ce8-52ce-b0f2-04cd5c34ffaa","industry_chain:wind_turbines","风力发电机组产业链","风电整机产业链","IndustryChain"
"0e15dedd-3ead-54d4-bb03-ab68b010a68c","chain_node:v2_fd7cfea615cf76f7f5be6aad35fdec91e96e7082","汽车制动液压单元","","ChainNode"
"0e1df916-c3c9-50b2-9ae1-c3be1156d520","chain_node:v2_2b0be8df57469bc7550377fa0225d7578d13f193","铅酸电池极板","","ChainNode"
"0e2fdd6b-9dfe-50e1-9611-872c4569c44b","chain_node:v2_1f01e17a1418369c5d2a3a3b1c601596080c960f","变电站通信网关","","ChainNode"
"0e32cd00-de1d-5404-ba45-65f9404aafd1","chain_node:v1_229ed12c43a4fa12bdeb44ae9c8b2230248861fc","工程勘察服务","","ChainNode"
"0e49f832-7e3a-577c-a383-ce2e7df01bfe","industry:sw:workbook_snapshot_v1:220202","氯碱","","Industry"
"0e70cee5-c057-5ada-bbc3-11b576c846c1","chain_node:v1_a09256d7a5b3a2c5302916e5873ffca6c2cbc313","自然景区运营服务","自然景区","ChainNode"
"0e82aa25-fd70-5196-930b-d8070b70a902","industry_chain:textile_and_garment_machinery","纺织服装设备产业链","","IndustryChain"
"0e83afcb-dd43-54a8-970e-7b5c7ea6229e","chain_node:v2_6884cab9ad17a691948a234da61436da354938af","酿酒原料","","ChainNode"
"0e906cd8-42d9-5597-aa51-825ef16f352e","chain_node:v2_37e8fbc73ed872af960c9943bac8475cb4871b1b","器件模型与工艺设计套件","","ChainNode"
"0e97587f-2cf5-5f67-9c9a-5e84fd95fed4","chain_node:v2_a8c692d91acebc8a922f5fe6eaf8984252c428d3","电子级钛酸钡陶瓷粉体","","ChainNode"
"0e9ab352-b835-515b-8963-8bba7726f562","industry_chain:semiconductor_lithography_equipment","半导体光刻设备产业链","光刻机产业链","IndustryChain"
"0e9dd46d-fd8e-5196-b7ee-a10aba2f295b","chain_node:v1_7d88b69fad27c95479197ae2e34bca3ea15f03b8","人造石墨负极材料","","ChainNode"
"0ea824b8-49a1-50d4-895f-954bd13f9a6f","chain_node:v2_cc1144eb256f5e494f4a6d3f39326daadd832cc8","XR头显整机","","ChainNode"
"0eb82f54-0ad4-5533-9555-3a7fe6517cae","industry_chain:human_vaccines","人用疫苗产业链","生物疫苗产业链","IndustryChain"
"0ecb6b27-8844-5437-afe8-5f2635faaf8a","chain_node:v2_d7ac3c0a7eb38cf8254e3e83da13a2813ca78efa","患者生物样本采集服务","","ChainNode"
"0ecdc7ff-6423-5b68-8a96-4df69280fb64","chain_node:v2_06a887f55b104ceca1a9b0d423a157fd9dfc3a3e","奢侈品牌资产","","ChainNode"
"0ee17803-4967-574d-a377-2535714c874d","chain_node:v2_2de517ea265a3d0a3a3627199ca9722e74229efa","纸尿裤用绒毛浆","","ChainNode"
"0eeb138e-eb03-573b-81e7-6f3549b3f9ab","chain_node:v2_e282145422759aca653837108224c32fb4037a17","烟气脱硝设备","","ChainNode"
"0ef5901d-16bc-5495-b180-26a908846f96","chain_node:v2_fb796773d025fd7060ee4cf89c4266b20cb9931e","林木种苗","","ChainNode"
"0f022980-20e8-598d-929b-de854d910937","industry:sw:workbook_snapshot_v1:630301","综合电力设备商","","Industry"
"0f06dcad-bfe1-5c28-a516-99785e9c3fa0","chain_node:v1_d6b10edb0905307739163da1271b6cae157fb567","电子车牌系统","电子车牌","ChainNode"
"0f0ebc33-01ac-54ff-9e0e-e3916df1614c","chain_node:v1_072b496452fba5ecd56994ab2de8418d32103375","饲料","","ChainNode"
"0f1cf736-13b6-5e53-9035-b78348017866","chain_node:v2_c2a6bd246d470155fb2f234ad2f5c95570d1ba12","游戏主机散热系统","","ChainNode"
"0f20ec56-3dbb-5cd0-9f46-a0e5311e0dfc","industry:sw:workbook_snapshot_v1:340501","白酒Ⅲ","","Industry"
"0f4bd06c-788a-5dd2-be2e-6baad80b9f92","chain_node:v2_0dc3b9d3636bf1d63d689db6bdb5275258371a90","智能手表电池","","ChainNode"
"0f4d961c-8edc-5c1d-8b92-c270fb2eafc7","industry_chain:synthetic_dyes","合成染料产业链","染料产业链","IndustryChain"
"0f58d416-b3c3-59fe-93ec-501727185285","chain_node:v2_53d19173baf8960d45692ebc36b8af707edcc734","商业航天发射服务","","ChainNode"
"0f89c783-6eba-5b7e-898b-7e0961e20c39","industry_chain:solid_waste_treatment_services","固体废物治理服务产业链","固废处理产业链","IndustryChain"
"0f8ae978-c5b6-5b67-809c-232b2aa1061f","chain_node:v2_4249d937c4222392b4a54d6a20fe871de0be026d","工程设计软件","","ChainNode"
"0f90f088-d4fe-5ed3-b28f-6e0b4dd44802","chain_node:v2_f6bcf2912377d98ed9ff6021165320ac68c43ed7","精准用药决策服务","","ChainNode"
"0f941bd4-434d-5611-a654-f0aa1dd66832","chain_node:v1_48c8361e3c71aef6d4ed35238517491eb58d5ea8","锦纶","","ChainNode"
"0fa79f75-de13-5f9a-899e-bcac36d7d665","chain_node:v2_94abb3e98a36600759c4317d60f6cb647cd58563","军用航空发动机","","ChainNode"
"0fb7819c-3ff0-5ca0-a930-421e9d50f961","chain_node:v2_118c3c3c4bda80cf081fe962973a9d4ba3f65a69","聚氨酯硬泡组合料","","ChainNode"
"0fc335dc-41c6-5b49-a9c4-92fe6caaa435","chain_node:v2_714a9814878f24f42cd7da293f829d1aa18c338e","商业设施设备运维服务","","ChainNode"
"0fc69f9a-7336-5483-8aff-4d16214c110d","industry_chain:fingerprint_recognition_modules","指纹识别模组产业链","","IndustryChain"
"0fdca3c9-21d4-542b-9efd-3be135e3e684","chain_node:v1_20df5a6e7e540cba6fd782748014af08d8849ea6","跨境支付服务","跨境支付","ChainNode"
"0ffee459-915f-50ca-a5dc-40128f0a637b","industry:sw:workbook_snapshot_v1:220311","氟化工","","Industry"
"100b050c-7dc1-573e-94c5-650357967606","chain_node:v2_5f8cd933b3ef1b4dc4cead249df17b455783a243","植物光谱控制器","","ChainNode"
"103197df-f0b6-5b0f-abc3-744e3befcab3","chain_node:v2_7da3036b65b5bac49db664477de66aa451267363","农畜水产食材","","ChainNode"
"103b3ffb-42bf-5263-a118-4e1bbc52d3de","chain_node:v2_d6edf750a6ab9c5df51f3eb414dae2f741814f29","数字图片媒体平台服务","","ChainNode"
"103de71e-8efc-50e0-ae80-e0f10d965337","chain_node:v2_e732e411e2f10329a2ab1b0bb2fbeec94480e50c","光伏PVD真空泵阀系统","","ChainNode"
"104bd4ae-46c4-5b3c-b1d1-95f8f5f4ee8a","chain_node:v2_91ec8ca70b4c275936ec12e5baf5408d9825051a","智慧城市治理应用服务","","ChainNode"
"1057cca9-9c76-5f8d-bc48-3714e81335f0","industry_chain:road_freight_transport_services","公路货运服务产业链","","IndustryChain"
"105b2174-028c-5057-8c3d-4dfcd067074b","chain_node:v2_b07cef37f6f4a7a821562fe420fc575d992adc43","音频流媒体分发基础设施","","ChainNode"
"10926168-85b5-5703-a2de-5e6b95304144","industry_chain:air_source_heat_pumps","空气源热泵产业链","空气能热泵产业链","IndustryChain"
"1097680e-3606-5ec4-9455-893da9370846","chain_node:v2_0665368ad7962c9fcfce2d8886bea3b171387240","智能手表操作系统","","ChainNode"
"10a1c6ef-fa1e-5d4a-b019-4a1e21428a27","chain_node:v2_ea7a93a1f074b2a42917159a461971b6f3c5acd3","AI药物发现模型平台","","ChainNode"
"10a22e43-3c51-5f39-8596-b6c4cc83ba4c","industry:sw:workbook_snapshot_v1:730205","通信线缆及配套","","Industry"
"10a7f544-8a9c-5dec-aa04-5e4dddecc1bf","chain_node:v2_e7bc57791c6db9b74ba2b8d0cb34fbbef93948b6","建筑钢筋配送服务","","ChainNode"
"10ccd2e2-0486-5ae4-89a9-aae27b87bb89","industry:sw:workbook_snapshot_v1:760200","环保设备Ⅱ","","Industry"
"10cf6c07-3bb7-584c-9abe-6fe9249d572b","industry_chain:consumer_electronics_mcu","消费电子微控制器产业链","消费电子MCU产业链","IndustryChain"
"1100511b-46c9-5f31-a590-35de86bf3abb","industry_chain:heated_tobacco_products","加热不燃烧烟草制品产业链","","IndustryChain"
"1117fa14-8aca-5e38-94da-fa5f931f6f22","industry_chain:healthcare_information_systems","医疗信息化系统产业链","","IndustryChain"
"1138cf96-301f-5f32-a461-76f74febcb3a","chain_node:v2_703e275f137d68640d7342279bb38c650b16c831","阻燃剂","","ChainNode"
"115263fb-71fa-5f1c-9081-e8a69b1efc62","industry_chain:specialty_paper","特种纸产业链","","IndustryChain"
"1154a5c6-d247-5037-8d60-a1d1b3ce6366","industry:sw:workbook_snapshot_v1:450401","专业连锁Ⅲ","","Industry"
"115cf01a-9a71-59f9-92c4-bc2cfb78a387","chain_node:v2_c312a69e10274e66642270a53487e8eb7228ae9d","皮棉","","ChainNode"
"1166d003-1048-5412-b7f4-d258f56fe3f3","chain_node:v2_4ac69f1b0821d45d07bc48e59779b7fd5e5d66e9","无缝钢管穿孔服务","","ChainNode"
"11721a76-b867-56e5-9138-a2bf202bbb4a","chain_node:v2_f988e274991a676fdc36a54e669017a6d6ce94a5","加热烟弹","","ChainNode"
"117b46af-4e0b-5f8b-910a-8ff3f9d09e3b","chain_node:v1_ab751b391032a0197cc355c671509db4820df384","棉纺加工","棉纺","ChainNode"
"11818228-59ab-5a0c-abdf-58d738178679","chain_node:v2_a08b923a9d8bdd7bd82c86cff955511926b42a97","兽用抗感染制剂生产服务","","ChainNode"
"118fb316-290d-51ec-b424-3e02f562a6cf","chain_node:v2_97ab651c3450d2f76bd80ac417aa466af17ee5dd","医疗废物专用收集容器","","ChainNode"
"119d58f1-12c8-5ba1-906d-71a5b1a88a42","industry_chain:programmable_logic_controllers","可编程逻辑控制器产业链","PLC产业链","IndustryChain"
"11a4ab1d-dcdf-5af1-a076-cd9a8a2d7eb0","chain_node:v2_b53ef48ac1cbe05773fb65bbcd27d7268852e9b0","汽车注塑零部件","","ChainNode"
"11acac5e-4b59-58f5-9088-e2e9dc2a51ea","industry_chain:high_voltage_fast_charging_systems","高压快充系统产业链","","IndustryChain"
"11b185a7-af17-5178-98bc-a05c0e8e80e8","chain_node:v1_a336b7ef0d6cb051de1fa114479732251cf44820","基因测序","","ChainNode"
"11c75887-f3b6-5492-822e-016b93529985","industry_chain:home_audio_equipment","家用音响设备产业链","","IndustryChain"
"11c957f2-6a98-5a66-8551-0c7aaea9aa16","chain_node:v1_1287e18c198e9064020461173952c6447240652e","玻璃纤维制造","玻纤制造","ChainNode"
"11cebe13-9ac1-5a1d-9f64-f16b681e8649","chain_node:v1_8befbf0232aeb198bb5c89c8876f06596cb42171","医学诊断服务","诊断服务","ChainNode"
"11dd231e-83c8-5c3e-a8d4-4e24c3635220","chain_node:v2_dd0d0990bf0a3410d26fe4e03e7b86963d0e939b","工业3D打印设备","","ChainNode"
"11e5af2f-21cf-5576-b308-d6d8dbcb232e","industry:sw:workbook_snapshot_v1:740102","焦煤","","Industry"
"11f32fc2-a1e6-5438-878c-3b49e5fe30f5","industry_chain:contaminated_soil_remediation_services","污染土壤修复服务产业链","土壤修复产业链","IndustryChain"
"1203240e-4f17-50ab-9b99-1f7e225b345e","chain_node:v2_09c9653bedbef38ecd3b9afe8ded8b52c273d1f4","智能电视声学模组","","ChainNode"
"1211dcd4-b212-5c53-8f14-09c16e90772c","chain_node:v2_3bd1e2f6eb3547b972d54f1a339865bb5cd4c237","铜母排","","ChainNode"
"1212edb5-6276-5c91-bce0-09f0411244d8","chain_node:v2_f33f152a2eeb34004e11ed1d3fe2fd28ed0e29c7","机械表表带","","ChainNode"
"1220a6a8-da00-5bd9-939f-788e36d37286","chain_node:v2_2483a1a553fbd58eaee704a6c2667f44f34f698d","财税管理软件","","ChainNode"
"123e51c3-de20-5bec-b2da-389a5ce36200","chain_node:v1_2d88cdc8fd6ddef5d80e39bb1d78a096aa417023","移动支付服务","移动支付","ChainNode"
"1240aa79-74a6-5d5a-bda5-899dab8f35f1","chain_node:v1_18273b18c9274031ffd7d107b939d90b65b5d5fb","调味品","调味品概念","ChainNode"
"1241006e-1506-5dbf-91d8-846106ab4a98","industry:sw:workbook_snapshot_v1:620401","钢结构","","Industry"
"1243779c-dfb1-5636-8026-e4b45e17ea63","industry:sw:workbook_snapshot_v1:270500","消费电子","","Industry"
"1260aba1-640d-5b4a-b785-620ef6132fb1","chain_node:v2_17458dcb0fb58ff3cf2bfcff466eb86fbf0da516","CAR-T细胞制备服务","","ChainNode"
"127dadec-1da9-526d-8aec-fb54536f20e6","chain_node:v2_c6295864538da9fc5bb7cb627039c867c4e66a74","国产服务器","","ChainNode"
"128382b5-2408-55b0-97b4-07fe48a409de","chain_node:v2_ed47836aebfa8defa3310d60e07cb7fcf1c299cd","建筑钢结构焊材","","ChainNode"
"12948127-0c8e-5526-8930-cefdd3a44722","chain_node:v2_0a1406a85fb2475ed6bddb48281b2591792b8121","发动机铸锻件","","ChainNode"
"12984f4f-ba30-5d54-911c-605794292a94","chain_node:v2_8789c2091a067aaccb03325594bddc1ac01d3434","通信网络测试验收服务","","ChainNode"
"12b8741f-f285-5834-98b4-c76c09d19f59","chain_node:v2_9ffa1267e65a05e3689a03ecd7c067b56d1df9e3","纳米银线合成纯化服务","","ChainNode"
"12c6b99d-43e2-53a2-bf6f-18273d6f5218","chain_node:v2_f54d287d72f1d38adbd18650e9a2c51f21fce758","市政污水收集管网","","ChainNode"
"12cf7d71-27ee-567f-bd70-a7a24b581db6","chain_node:v2_110f6921f0c4826451d0e15551a494bbf0b06a77","地热井","","ChainNode"
"12d6e609-4ab1-503d-b1d5-1436bf57d30a","chain_node:v1_67d34e424d3a0bfe1fbfff40159166e19f8fafbe","电力","","ChainNode"
"12d8dba7-549f-551b-b11a-ab3caeb42357","chain_node:v2_0e6fbd3e39a0e4b4dcabb26b3d94aae510cf2fbb","软饮料风味浓缩物","","ChainNode"
"12db7ec1-0c34-5e6b-aed4-51a743a87fdb","industry:sw:workbook_snapshot_v1:240402","白银","","Industry"
"12eccac8-b7c4-554c-b6d2-498b4f680a9e","industry:sw:workbook_snapshot_v1:620600","工程咨询服务Ⅱ","","Industry"
"12ede7ba-5d0d-514b-8b6c-f7e62f4f115f","chain_node:v2_9bda96516a789dcb8729c2d1e77c896e90d49588","车载指挥通信系统","","ChainNode"
"12f354e1-8de5-5490-9e97-c0b8c06b90fe","industry:sw:workbook_snapshot_v1:720704","门户网站","","Industry"
"13105134-1cdb-5348-a1ed-d78151939e7c","chain_node:v1_0fd38c306e3cc188e99a6b5768328ff91e3e1105","工业金属","","ChainNode"
"13236c44-f0f4-5e51-b722-f2166fcfac18","industry:sw:workbook_snapshot_v1:280302","汽车经销商","","Industry"
"1326fbed-75ee-544c-9b6e-6a628536c172","chain_node:v2_c07a03b6926efd5c120794599fd1eb18e547eac1","电力智能传感器","","ChainNode"
"13425716-6ef7-5c7b-8747-364aa02d2b2a","industry_chain:semiconductor_manufacturing_equipment","半导体制造设备产业链","半导体设备产业链","IndustryChain"
"137d3993-181b-5f9f-8d4d-f3f16ef8820f","industry_chain:local_consumer_services_platforms","本地生活服务平台产业链","","IndustryChain"
"1388bd38-ed27-5ae2-a519-cb444ecd5a8b","chain_node:v1_b17e1110ce9054f2d46de11316ec01716e098e38","软件云服务（SaaS）","","ChainNode"
"138d1548-b613-5f4c-b2f6-32eef604583c","industry:sw:workbook_snapshot_v1:710401","垂直应用软件","","Industry"
"139bd6b8-6a85-5316-a721-9b0f05a8cc00","chain_node:v1_0e3b13e73a3b55837d073e84d74ad22fa340a8c5","AI PC","","ChainNode"
"13a26920-0a6f-596f-9ec4-33cf33b18387","industry_chain:crop_protection_pesticides","作物保护农药产业链","农药产业链","IndustryChain"
"13ea4a9b-38f5-5c7c-923c-999f58ba6311","chain_node:v2_426978d7cba1ab0db8ab6255745f9cc39c537d80","烘焙用小麦粉","","ChainNode"
"141c4ab0-6fb3-561a-a741-0ce2a04ebde5","chain_node:v2_56ab646e47256763e4d20e03ccf1ecb9ad55b309","变压器铁芯","","ChainNode"
"143e551d-7ea5-5f40-b063-0d39f0ad3644","industry_chain:commercial_space_launch_services","商业航天发射服务产业链","","IndustryChain"
"144e3797-b514-50ce-88f9-1018ced48c2b","chain_node:v2_f38e89f8ea7ab675edaf05510538baad0e8a86c6","LED外延金属有机源与气体","","ChainNode"
"14517521-22de-5574-9256-328537affe43","industry_chain:lead_acid_batteries","铅酸蓄电池产业链","蓄电池产业链","IndustryChain"
"145b2bff-68c2-5763-b5f0-001c52b52a5e","chain_node:v2_6820dccf7353fbe91f730885f241ff2270056e52","云协作文档引擎","","ChainNode"
"146ac450-3441-5284-a064-a582f7b8a176","chain_node:v2_3de74aa8052663b4f6d70d56c5179f9abb82b09b","笔用塑料笔杆部件","","ChainNode"
"1480e41d-3bd8-5ec6-91bd-6d5496abf6e9","industry:sw:workbook_snapshot_v1:350100","纺织制造","","Industry"
"14b0674d-4a8c-5421-90e4-bbb2bf8b1dfa","chain_node:v2_151596974f8601a1765454ed6bcab64b0627028d","鞋底材料","","ChainNode"
"14b22eaf-ab92-57b8-ac9d-110a4893b432","chain_node:v1_048cc4e22b860b4403a064df9aee09c0e818a9ec","配电设备","","ChainNode"
"14baf7df-48a6-5249-a0fa-5e5351e832ed","industry_chain:plasma_derived_biologics","血液制品产业链","","IndustryChain"
"14c69ff5-06a8-51c2-97c9-f3cb0de2a13d","chain_node:v1_68ecd470e4075480578ca6597556d64169621e02","工业工程总承包服务","","ChainNode"
"14c9346a-146d-58bf-8bd4-36c6d3e48ac0","chain_node:v2_23d7787b390d399e0b6a7c104d974d8db948b32f","木浆","","ChainNode"
"14cc8aee-9c97-5f4f-badd-7645dabc5db6","industry_chain:offshore_engineering_equipment","海洋工程装备产业链","海工装备产业链","IndustryChain"
"14d11ed4-8b28-50f5-802a-3fe42a7f6467","industry_chain:major_kitchen_appliances","厨房电器产业链","","IndustryChain"
"14d764aa-4672-5996-a5a9-3e4a53b725f8","chain_node:v1_4620badd8d87a89cd4d491cd33c2f54bcd07a5a5","印刷包装机械","","ChainNode"
"14e54e7d-d87c-5b13-8b43-f953a81c0452","chain_node:v2_05bd8be06f68bdefbcb8691ac486b39411cf4a58","在线教育数字课程内容","","ChainNode"
"1500e516-c1ed-5dce-81c5-73e624724102","chain_node:v2_f3bdf3b3ff5740aebe3c22fd9b59978e18db7c6f","CAR-T病毒载体","","ChainNode"
"15164034-bb81-5fe5-95c2-c53325381fa7","chain_node:v1_3cb25a92c80ac8458163c9c68738b1c9abff84f1","电商技术服务","","ChainNode"
"15199dc8-29cf-5f32-829a-c13176b358cf","industry:sw:workbook_snapshot_v1:410000","公用事业","","Industry"
"15203824-6587-5b0c-a9fe-d09270f7f030","industry_chain:wind_turbine_main_shafts","风电主轴产业链","","IndustryChain"
"1523135e-f105-5005-ab89-f33efc74ab82","chain_node:v1_ad5611ab7540b5088d1ba9e7703709d137b5e673","造纸生产","造纸","ChainNode"
"1524373f-ce4f-5123-878e-515fbadc7cb2","chain_node:v2_a75b5ba586afdc466b7982686652abd70a78fc52","眼科检查诊断服务","","ChainNode"
"153c48cc-87f0-52ab-9e90-6e803fec514a","chain_node:v2_e43072c068c04e8935c0d8d646c20fb19dd44e8b","多材料包装制造服务","","ChainNode"
"1553620f-e6c5-5729-abd9-b07124284d79","chain_node:v2_cfd89198a3c7035a6f0faaf57b29aa69aa2517f9","汽车饰件用改性塑料","","ChainNode"
"15566806-7fe9-5333-8543-9d6877d39b7d","chain_node:v2_391eefe3286a0bba78b28cd887fd46ec9a68acd6","NK细胞临床开发服务","","ChainNode"
"155bf69e-959c-519f-b488-5977e8611f84","chain_node:v2_7e9b96ef72f3ca79a3db4455ab7baaaefed9a923","TCR基因载体","","ChainNode"
"155f3d5f-3374-5378-beef-8398c2bd582e","chain_node:v2_a6a322500937c9b19defeb714206d5f658a232a8","检验检测仪器设备","","ChainNode"
"15614c6e-9442-5128-8a22-e3bccd40f898","industry_chain:vehicle_road_cloud_coordination_systems","车路云一体化系统产业链","","IndustryChain"
"1565a4f4-547a-5ecf-b409-2e8c1768ba59","chain_node:v2_dc84d68ff160f1eb88ea4af1d9326639d3f0f4b2","数据中心制冷系统","","ChainNode"
"1566eb4b-ab73-5104-a7b0-09e958dc0aef","chain_node:v1_0f6e5f0c698ce7e13d77919fdbb7ade9eae9d553","光热发电","","ChainNode"
"159aea1d-7f02-5d87-b15d-6b520cc9dd7b","chain_node:v2_93725be185dd2d3aa0cf4a80df56afe4b672c6f8","尿素氮肥","","ChainNode"
"159bb133-3167-5bd5-b40f-81b95067b2d8","chain_node:v2_cae50d92dcde2bccdd62801168b1d49f2fb2cac5","粮食作物良种种子","","ChainNode"
"15ad1592-86a3-5be6-a5c5-64a759ff7194","chain_node:v2_c09208f528548d2377db2ab1fbec28f02c92f9ad","通信光纤预制棒","","ChainNode"
"15b2f3c6-3cbb-5523-8dac-f700f562b252","industry_chain:educational_publishing_services","教育出版服务产业链","","IndustryChain"
"15b6b535-fd70-5390-a46f-4add2fb6dd4c","chain_node:v2_3ba9a313282cd17a49199e430bf3a982361152f0","储能变流器（PCS）","","ChainNode"
"15bc6f12-e46b-5555-b9c0-394400c5fdcc","chain_node:v2_707f3f0a29d2bc66279e538807b6ca6dcddf65c3","激光运动控制系统","","ChainNode"
"15bdeeac-8619-5c64-9c79-40307d63e1b3","chain_node:v2_d85a0a0955f58f3b7fadc478fb5aed32305a9de6","餐饮厨师烹制服务","","ChainNode"
"15c10acc-c58f-5074-a509-b6134b135ebc","chain_node:v2_6831d87220c0cea2fbcdb24ed2c82e539a5ce691","变压器绝缘材料","","ChainNode"
"15f71c09-2426-5c71-b916-906508ed47a5","industry_chain:industrial_hemp_products","工业大麻产品产业链","","IndustryChain"
"15fbfa97-78d2-53ea-af63-af69c5ba6685","chain_node:v2_27c8c21128be961bb7a66485a9347c09b7189bbe","铁路货运运输服务","","ChainNode"
"161a2ebd-5cf2-5aad-86a9-fea0b48e1211","industry:sw:workbook_snapshot_v1:630504","光伏辅材","","Industry"
"161a707f-e37c-5f0b-93ce-57073fe133e9","industry:sw:workbook_snapshot_v1:220403","粘胶","","Industry"
"162f7bbf-151a-5a96-a9cf-ec9ae283a22a","chain_node:v2_847df5758d27de3802af4e6c2b83289bf44e64ac","电动汽车直流充电功率模块","","ChainNode"
"163c250d-a4b6-538f-8237-159b448999b1","chain_node:v1_c3ebf967d316a5aac53c6ab43a427045746befc1","工控设备","","ChainNode"
"163eff63-5f71-51be-b9bd-526ef913853e","chain_node:v2_15b0a46e6b515c1c4c66cb14693ba9c6360571c6","政务数据治理服务","","ChainNode"
"1642d394-89e2-5685-9d16-05e36a6c7cf4","chain_node:v2_62fcebe58e9e2f77ec18575ae62085c9580df527","高速铜导体","","ChainNode"
"1652c062-f90c-5308-a8ea-7f6e3e1c2883","concept:master_v1_4c05cce613a4f1bf","碳基材料","碳基材料概念","Concept"
"165b7626-d528-55f0-874c-613ce3e260df","chain_node:v2_52bdab4f05e33fdd609648696c0cc5ffb1016a02","金刚石砂轮基体","","ChainNode"
"1662be2e-86d0-5398-ac7d-0e9d392326d2","industry:sw:workbook_snapshot_v1:350104","印染","","Industry"
"16741d7a-b329-5070-83e3-45d0f100017d","chain_node:v2_568b7c5a66cdd7d781890b2b1761d9d428b19740","HJT薄膜沉积设备","","ChainNode"
"16af25e3-fdbd-5ccf-83dc-4bd6ad3cec8e","chain_node:v1_227df7a3b343b6a5e9dda81cb50369c55f119608","家用冰箱","","ChainNode"
"16b1e178-8fae-5db3-a68a-750ac931e487","industry:sw:workbook_snapshot_v1:450700","旅游零售Ⅱ","","Industry"
"16da206c-226e-5490-b9a7-0b7341275989","concept:master_v1_e200848f33d49aaf","可控核聚变","","Concept"
"170004eb-9b32-5bd6-b40e-ef613ff30d83","chain_node:v2_76e147aafdaee7eb0b40dae1564881bf82c7c67b","商品原油","","ChainNode"
"17023dff-c08b-5653-aba5-7cc9af171cf7","industry_chain:autonomous_driving_systems","自动驾驶系统产业链","","IndustryChain"
"1711d82d-eab4-52c2-995a-ecd4dca94df5","chain_node:v2_e29b51531849b7eed46dac6775a09e7286122ab7","NK细胞治疗药物注册审批服务","","ChainNode"
"1717181b-ea4f-5042-a1b3-59df75de317d","chain_node:v2_7cfe92e365a58b2401b8cc85b331aafd67f301ef","养老机构设施","","ChainNode"
"1722fe13-f7d8-5a30-9579-a01ac951242c","chain_node:v2_c57e44a440fce2ce5053c7680b1881d0729825a8","转化归因与监测平台","","ChainNode"
"17372304-901b-5af7-b5bc-c9d2a995f985","chain_node:v2_1e0f090402bf3ef4860b12193ff3ad0cf5dea670","即食熟食复合调味料","","ChainNode"
"1741532d-31f5-57ce-9057-aef785d1fec8","chain_node:v2_fa20a906a26b9facfe887e466f8164815b98912f","物联网连接网络","","ChainNode"
"17494548-45b6-50e9-98d1-81216b5490cf","industry_chain:department_store_retail_services","百货零售服务产业链","","IndustryChain"
"175b1945-fcba-5451-9ea5-9463328cbfd2","chain_node:v1_3eeb9601df95a570257b3b3dfa7f95a6438b6324","抗菌面料","","ChainNode"
"176f384a-dacc-587f-81ce-916dbaf47863","chain_node:v2_bab6e9a9807a543b8073dff63a424b8a5490623a","一次性无菌医疗耗材","","ChainNode"
"1787a7ff-dc0f-5df8-a797-9c023a14429b","chain_node:v2_48353db2f2eaad43c7e9ff156820d74bce1c8630","企业IT运维服务","","ChainNode"
"178bbe31-a1b5-56c3-b5d8-2259412666b7","chain_node:v2_09957e43bb776f998f689ddcf8ac10be0729d3d2","运动服装功能面料","","ChainNode"
"1795d30e-b60e-52c5-b2c1-0910d2e42f23","industry:sw:workbook_snapshot_v1:360203","金属包装","","Industry"
"179c2b39-f695-5881-88df-378e404f2884","chain_node:v2_ec32ee2bd5c20173ce8bb09946bdebc4f18c5d06","火力发电运营服务","","ChainNode"
"17a7636f-4dd3-529b-95fd-b14e2dc8e8fe","chain_node:v2_05945c21d43a20dcccc1984891639844e12c7abf","建筑材料检测服务","","ChainNode"
"17b08d48-8213-521f-b946-3aad7217e917","chain_node:v1_f4895e4b602f60cb84853562991b946136973974","横向通用软件","","ChainNode"
"17c95e35-3265-58ac-891b-34c62492c647","chain_node:v1_dbd4bbffd44595bbee5372b6a2efc88032282e7c","农业机械","农机|农用机械","ChainNode"
"17e788a4-d11e-5e75-ae47-002c6d74c979","chain_node:v2_5de097a4d9fb161a2dc603eddf63d8e33e3b0a42","持续服务型在线游戏内容产品","","ChainNode"
"17e7f1a6-1430-5422-961a-db7299c8a80d","chain_node:v2_30602a758721c31cdb59e1a6183bf68a40603f5b","数控金属切削机床","","ChainNode"
"181631a1-baf0-55f2-bc1a-fc9a242a242f","chain_node:v2_2a712bad341b25bd2e7ccdeaf8dd9be909fb43ae","MMC功率子模块","","ChainNode"
"18194b01-7a92-50d4-8eb1-68643a692166","industry_chain:viscose_fibers","粘胶纤维产业链","","IndustryChain"
"185f58a7-cf1f-5b8d-b232-2c83b82658a7","chain_node:v2_c5618736458501bcc496ebf7a0915938cd1bad01","汽车芯片设计IP","","ChainNode"
"186d6258-cde3-50ee-9279-e43a43007a87","chain_node:v2_c50aad45fe9570c7d834b943194f5981345e1acd","碳化硅外延片","","ChainNode"
"1882deec-7a74-5c81-b156-f5652fc8e708","chain_node:v2_e689625172c368fa5e10187005f0341c1826eff1","乘用车车身总成","","ChainNode"
"188cd8b9-425a-5476-9615-d176299b3494","industry:sw:workbook_snapshot_v1:340702","乳品","","Industry"
"1896c114-5dad-57e3-a5ad-d11d67d89e23","chain_node:v2_8944c5679d4e9e9755ebe17e6fe997f0ff136366","工程爆破服务","","ChainNode"
"189c1c0b-0f37-5f26-9843-1b62cbb4e0c2","chain_node:v1_4e830c0eea20d73f1ee7374d1a2131a2a5ff0be1","游戏研发服务","","ChainNode"
"18a3ecaf-dcf4-5159-9ff9-4ec90c0555dc","chain_node:v2_d855ade098add36bf803785c38b1ed48f05320e4","物联网平台","","ChainNode"
"18b5eca7-3841-571d-8322-80ad75b45ded","chain_node:v2_8d609f296f76be3d715498c9b4fead539d7b9550","用户创作视频内容","","ChainNode"
"18e71257-aafa-5c41-b5ad-3acfdcb34604","chain_node:v2_57772a37db9750a1bcc7b8dd5973ddae455a0831","维生素C发酵中间体生产服务","","ChainNode"
"18e765fe-03a7-58f0-9705-077877b96a20","chain_node:v2_240dfa2c5982dbe7923577988ebe905f452462d9","超超临界机组控制系统","","ChainNode"
"18f5f468-239f-55da-92ef-68f8cc2a4e24","chain_node:v2_2bf66e0b47b5fc972cc13a19d0aa63b6323768f7","眼科术后随访服务","","ChainNode"
"19029c3a-a91f-5cfa-8608-6bc001d5013b","chain_node:v2_9cf34d785326fb9f3a70256e47304bb581e31fa3","硫酸","","ChainNode"
"19062647-256b-5ffe-b1b4-32f0903d10dd","industry_chain:industrial_engineering_epc_services","工业工程总承包服务产业链","","IndustryChain"
"19094106-2d47-583b-8d64-4b637c462f03","chain_node:v1_25abb39f560ec99ee2a268b2467c3b68c59cf4f1","核污染治理服务","","ChainNode"
"190c144e-c966-5967-9b5b-57a271c013da","chain_node:v2_400fd699719ec3d5149309ce5e9b97a5edd88ab9","炼厂原油进料","","ChainNode"
"190e1ad8-4f00-5be8-91db-9989e540653e","chain_node:v2_30fe158b48aa0f4e130ae9276a298726f73b23ee","治疗用单克隆抗体药物","","ChainNode"
"191959d4-2650-55c6-a67c-2c6bb8b9d5ae","chain_node:v2_53c5735a9518d7bbc8fb4614525508cf88ed3b07","运载火箭贮箱结构","","ChainNode"
"191e4a44-1ccc-5ceb-b56d-463b59f91588","industry_chain:road_infrastructure_construction","道路基础设施建设产业链","","IndustryChain"
"192c074b-297f-5d6d-b14b-73a7a6aee1a9","chain_node:v2_26d493afb0a30c1c4d721035f998bbef558d3464","锌电积精炼服务","","ChainNode"
"193d5875-ea68-5d08-b5ac-a2ff4210d0be","industry_chain:lithium_battery_composite_current_collectors","锂电池复合集流体产业链","","IndustryChain"
"1947ef79-a12e-5e65-97c6-6973cc101a2d","industry:sw:workbook_snapshot_v1:760102","水务及水治理","","Industry"
"196f367e-2c25-5667-ad67-70a5768d159a","industry:sw:workbook_snapshot_v1:330000","家用电器","","Industry"
"1970c1e8-1a14-5d5e-86a7-f36fdd92b948","industry_chain:rural_ecommerce_platform_services","农村电商平台服务产业链","农村电商产业链","IndustryChain"
"19890c07-f207-573f-9007-c7072aef8df9","industry:sw:workbook_snapshot_v1:280402","摩托车","","Industry"
"19915558-4da4-5999-93d2-ba922a31c37b","chain_node:v2_c811d9a9dc9234e4586bcd6e4f89c79a14b1f9e5","钢结构现场安装服务","","ChainNode"
"1993ad8b-b8d6-5a2a-a201-0f4a710e6a73","chain_node:v2_a045640b0993c6db74983a3896440d2b20ce00b9","动力煤洗选服务","","ChainNode"
"19ad0720-b18b-5714-939a-1cb3c01c33f3","chain_node:v2_761a658527827909251177bc9d0dbcc44071c066","光伏层压机控制系统","","ChainNode"
"19b4c938-db36-570f-8489-acfc5b92372d","chain_node:v1_e84dc10fd25b3ef93874ee2f50130213579f93f7","电阻电容电感元件","被动元件|被动元件概念","ChainNode"
"19ccc458-76d1-5de3-a30a-ed0ecffcd3e0","chain_node:v2_4450e32e9dd301d91e666afc1c0e3cde9581e74b","环境声学检测评估服务","","ChainNode"
"19d0c141-65dd-541f-8456-55db60fc040b","chain_node:v2_ed681f5b1e63a4d8ac557e48492c4ee425c2e4fa","道路规划勘察设计服务","","ChainNode"
"19d1297b-0355-5b80-8760-f2426b80ef2a","industry:sw:workbook_snapshot_v1:270102","分立器件","","Industry"
"19e79786-bd0b-5d68-93eb-912fb47e5008","industry_chain:chlorine_chemicals","氯气及氯化工产业链","氯气产业链","IndustryChain"
"19f84b72-a77f-5d6a-83f0-bd632203a606","chain_node:v1_0c7975b3a853b76adaaf629074ee46338161bb5a","耐火材料","","ChainNode"
"1a135c4b-35d3-5039-b9ed-e1a1e2c3640f","concept:master_v1_90fdc8a3b9f6b074","AI制药","AI 制药|AI制药（医疗）|AI药物研发","Concept"
"1a26b662-86ec-568a-9650-30addf55b9c8","chain_node:v2_d7a181288070b2f748067cf9f27ecb3b31c7ae38","柔性制造产线","","ChainNode"
"1a2b9f86-0c30-5497-915e-34aa014baab9","chain_node:v2_11986c89357285d6f7e59671170c5a4635c6c850","电商云基础设施","","ChainNode"
"1a3cad54-f738-51ae-ba50-02d03d5fe925","concept:master_v1_7e974cc2cae8cbfe","小米生态","小米","Concept"
"1a4a4cc6-7e5d-5b5a-9899-8d9eb527a5d4","chain_node:v2_c486767db90d4a94d214bf3ce9b564c1d51c5348","自然景区经营许可","","ChainNode"
"1a58a0a4-a5b4-5ea1-8cd8-0543720275b4","chain_node:v2_b16489088716dd657fdb9ad9fd571b5f9a42e616","通信光纤拉丝塔","","ChainNode"
"1a78b3a6-1ad4-5674-8782-c0d8437c6cdf","chain_node:v2_1b1a9724a95fad0525a2698269b71729fa2f173d","电力工程勘察设计服务","","ChainNode"
"1aa4e74a-830b-55f5-ab9a-214fa93c691f","chain_node:v2_9e2c79c3c90bf740ade49003c543835d67a57128","数据中心设施运营服务","","ChainNode"
"1aaf3895-b3e3-5a3d-84cb-b17859aee029","chain_node:v2_662a829213cbe473401802f2559c16f51bff8a6d","冷轧钢板","","ChainNode"
"1ab9846b-827b-58ea-b908-db6b65a69c29","chain_node:v2_c51aedff3f7999202e67b8dc2479fa2896b4091c","植物照明LED光源组件","","ChainNode"
"1abc0cf5-3d67-5956-9524-89a174c57415","chain_node:v2_3ca0f756496430ce3f4d718e53241896bd8608f0","便利店供应链信息系统","","ChainNode"
"1abe1dbf-24aa-5bc4-97c4-26ac2f6c87e4","industry_chain:primary_aquatic_products_processing","水产品初加工产业链","","IndustryChain"
"1abff7c0-5db5-5f54-96fd-ff7f7716ae93","chain_node:v2_9a0f17c9119b451c35efc50a87bc03d5a26526dc","锌精矿","","ChainNode"
"1acbc921-7b2d-57fa-ac9e-b6f1183774b3","chain_node:v2_10bda6bb592a7ee9bb96d167ced9d5a112a1aca4","光伏扩散炉工艺气路系统","","ChainNode"
"1ace7a0f-4d8d-5f7a-8138-c59cea78db6f","chain_node:v2_3b5a134b2259aecd3b102f74c93a501d5c537c25","建筑用成品钢筋","","ChainNode"
"1afd88a8-d4ad-56c1-a94a-becb059e5715","chain_node:v1_5241a5eca93d8adaf6b0be31fef45ff5797d3898","原材料供应链服务","","ChainNode"
"1b02bc06-78c0-5884-8a0d-2303d2fd6625","chain_node:v2_efaab092499dab77f8e05585941bf1184588e9db","酱油用大豆小麦原料","","ChainNode"
"1b163ce0-fa09-5da5-95ea-0d069a69127c","chain_node:v2_ad65094f4d497e3fff528cdde5d8c5c03eb2e01b","OLED有机发光材料","","ChainNode"
"1b42f5f0-68e1-5128-9035-abd67431eb3e","industry_chain:3d_sensing_camera_modules","3D感知摄像头模组产业链","3D摄像头产业链","IndustryChain"
"1b466bfd-6443-53bc-bb43-59d3a38d632f","chain_node:v2_404f7133b929865081331e6ca90aa18250e15bca","船舶推进系统","","ChainNode"
"1b698bef-9751-5d9f-9978-e3a2f17e13ce","chain_node:v2_a7e3755de03530d0edd573adf1553fb27f82e725","塑料软包装袋","","ChainNode"
"1b6b69f5-3673-5e3a-8b58-47b90cb3f057","industry:sw:workbook_snapshot_v1:340802","烘焙食品","","Industry"
"1b717bad-0730-57a3-8136-4c8809981660","chain_node:v2_ade8b05d3732111eea1b18ad0081b70176c362ac","企业信息系统","","ChainNode"
"1b7a20de-b264-5dde-9fe6-9d21156ddb50","chain_node:v2_c0e285a1e07b8fc68a3468125caa783fa2364925","游戏策划与美术创作服务","","ChainNode"
"1b7be64f-2ee2-53ea-ab91-38a1956eb56a","chain_node:v2_6eda2cbb560faf79da77b796491a70e56fae61d2","威胁情报服务","","ChainNode"
"1b7c20a7-fa5a-527a-8745-82c5629bb5a7","chain_node:v2_7e49c8de034d09f33a79a94580e8bfa7a4a46e39","层状氧化物钠离子电池正极材料","","ChainNode"
"1b81b4c4-74cc-5521-8d6f-39a79ffc9ee4","chain_node:v2_812d6577025e052badccda13b8cd205cc4d99074","钙钛矿光伏组件","","ChainNode"
"1b92b0a0-3e87-57ab-9330-4cd218d5d465","chain_node:v2_7486214b5ab7b3148c61a207110cec5cb64df23f","云GPU算力服务","","ChainNode"
"1b9ae0ab-b51d-5ef3-b24d-31d45312c6d1","chain_node:v2_e7a87399aa1221f4f62a021490a561802fb47f7d","机动车电子标识标签","","ChainNode"
"1ba5d830-cb2e-5b83-97fa-fb0542690788","industry:sw:workbook_snapshot_v1:240501","稀土","","Industry"
"1bba8c99-4d09-5c1e-91dc-748f44bed1e3","industry:sw:workbook_snapshot_v1:610304","防水材料","","Industry"
"1bcd7cc8-98b9-5fba-85a5-823f9d126b8d","chain_node:v2_12ab0579667fcf30f75486066e387468e00b3139","药物发现研究服务","","ChainNode"
"1be20723-06cf-5bf8-985f-ea78473f3607","chain_node:v2_fae5e2fe02074ff45309d2381d0f8152bf10a385","化工工艺包","","ChainNode"
"1be4e09e-46e7-5c08-b546-ebea339c2596","concept:master_v1_ecbb108e40435448","高压快充","","Concept"
"1be77078-e7c7-575f-ac7c-8ad04dcb06d2","chain_node:v1_420eb58c93196205d5906acfb1d10b98214036bc","城镇供水服务","","ChainNode"
"1bf6ca8e-e49a-57f9-a147-1bdeec1fbc9d","industry:sw:workbook_snapshot_v1:480200","国有大型银行Ⅱ","","Industry"
"1bff58ab-59f8-5f4e-9dd3-594718ffbff3","chain_node:v2_785ca8e1e585495e8ab59b312cb5552452adb036","煤沥青","","ChainNode"
"1c040cce-7e00-5c0c-9855-64cffb0e1b7b","industry_chain:vitamin_ingredients","维生素原料产业链","维生素产业链","IndustryChain"
"1c2197f0-3c29-5a61-9604-28bce76a69ef","industry_chain:cinema_exhibition_services","电影院线放映服务产业链","影视院线产业链|院线产业链","IndustryChain"
"1c227dfe-60a1-514d-8ebb-df18da36e0a9","chain_node:v2_d680ad078c2adafb74e15982b57648741e7c84d0","冷藏即食熟食原料","","ChainNode"
"1c291adc-4cd5-5d22-a9b3-9cf23238664f","industry:sw:workbook_snapshot_v1:630700","电池","","Industry"
"1c2cab5e-32d4-5b5b-82a6-adcc6d3c80f0","chain_node:v2_4b9dd4474af7cd84aa9ad568a3bde5c7c18c0529","啤酒麦芽","","ChainNode"
"1c495179-b228-5eef-8285-b2c6df2cc8f2","industry_chain:photovoltaic_pvd_equipment","光伏物理气相沉积设备产业链","光伏PVD设备产业链","IndustryChain"
"1c4f4fcf-741c-5dc4-b6d8-e7fa650bfa86","chain_node:v2_422d31ce7fb86113f1f7d02bb88287fe32d13894","靶点验证服务","","ChainNode"
"1c4f58cc-c51d-590d-a708-5ddb9c8ee0a4","industry:sw:workbook_snapshot_v1:480500","农商行Ⅱ","","Industry"
"1c52d8b5-04ec-534f-8bd2-23f5f1ced2d2","industry:sw:workbook_snapshot_v1:461002","人工景区","","Industry"
"1c727458-0b79-5902-826b-d7eebb9b76ca","chain_node:v2_c8898358a319057209ce234b2ecb277d1cd6ce97","居民电子健康档案平台","","ChainNode"
"1c7507da-3a95-5cdd-852c-339bf8d369a1","industry_chain:led_sapphire_substrate","LED蓝宝石衬底产业链","","IndustryChain"
"1c960a74-a03c-5bcb-a95b-78b4be9ccc25","chain_node:v2_d00989d935e63bae18464dbcbc8a4ae9676f84b8","人形机器人电机","","ChainNode"
"1c97400c-810e-548c-a65c-bed9331bf3fb","chain_node:v2_937a15422b3607da6d4c688342749b2d939280f6","复合铜箔金属化与增厚制造服务","","ChainNode"
"1c9e100c-0d46-552d-927d-76bc3cad590e","chain_node:v1_a560a2a772af908d212fcf9c3b1577fb035c0a7a","煤制油","","ChainNode"
"1c9f3914-c810-568d-8df1-206829d4f112","chain_node:v2_093809039777ad043aeb5b65e533bfedcec2fd88","风电齿轮箱润滑系统","","ChainNode"
"1ca241a7-4a8d-5c57-b142-92b273e67629","industry_chain:clinical_biochemistry_diagnostic_reagents","临床生化诊断试剂产业链","生化诊断试剂产业链","IndustryChain"
"1ca7c813-17fb-5fa0-bd04-5c4d21bb8062","chain_node:v2_199f24051ccfde9851eac913a702100ace17b2d7","葡萄酒橡木桶陈酿服务","","ChainNode"
"1cacf5d7-f810-5b80-82fc-940da6580cb9","chain_node:v2_787d7dd0b0f6b3da0f69cac7b3e430fd0c5251d7","合成氨","","ChainNode"
"1cb1dfab-1c83-59b6-9f7c-ac9cad21853b","chain_node:v2_cddd4ede4242b50d2712d026f0112c2924dfcfa0","全钒液流电池碳毡电极","","ChainNode"
"1cbf42b1-7905-57f0-b536-52e5c15ee45b","chain_node:v2_819168c42f3e2e42cd8d3812481c95998deb5203","半导体级光刻胶溶剂","","ChainNode"
"1cbfda8f-5842-5d8f-952e-a522e5fec366","chain_node:v2_1f973bbcb91bf23e5bd48d3b578d05cc528cee1a","再生水水质监测服务","","ChainNode"
"1cd9bd78-69d3-53db-af6f-b6cc44418f88","industry_chain:brake_by_wire_actuators","汽车线控制动执行器产业链","","IndustryChain"
"1cdba5c6-3121-58bd-8b64-35f10490edfa","chain_node:v2_b7b10e87e8bcdede31dc6f89d6704a7173d311b5","临床基因测序服务","","ChainNode"
"1cdbd8d5-2a20-593a-80b1-b4d196cfcc38","industry_chain:engineering_design_services","建设工程设计服务产业链","工程设计服务产业链","IndustryChain"
"1cffef12-d422-5fa6-8701-0cbcdebea6ca","industry_chain:rail_transit_equipment","轨道交通装备产业链","轨交设备产业链","IndustryChain"
"1d0e7a68-5780-5003-b64a-7247bd7fe551","industry:sw:workbook_snapshot_v1:230000","钢铁","","Industry"
"1d10ffcc-c4ef-50dd-ba99-2e1d411f8d3e","chain_node:v1_59fccc434c483a9565f8fd8c0012cf8caa6a569d","蓄电池","蓄电池及其他电池","ChainNode"
"1d28fe6e-1f9f-50c1-8088-122087961738","chain_node:v1_a5e4e60f1c588dfd72fd793b15c57c51db629dda","芬太尼","","ChainNode"
"1d31d98e-040f-50ab-83e3-013248b8b26d","chain_node:v2_ab7c768f61ae07962eba07b142216a2a75a2129d","IPv6测试验证服务","","ChainNode"
"1d4a56ce-5e59-5a9d-a688-40b89c4b0822","chain_node:v2_2c62d735dc8e2c947b15054d5ab76f5167011833","饮料用处理水","","ChainNode"
"1d4d0500-74bb-50cc-bfa3-8ba5e0772851","chain_node:v2_1b4f89a1b846992590b453eb8adb28cc0661b757","太赫兹光学组件","","ChainNode"
"1d6a9d0a-aee0-598b-aa07-b7e5d3a94518","industry:sw:workbook_snapshot_v1:280500","乘用车","","Industry"
"1d793a90-2d73-5553-a406-0ee602a37746","industry_chain:automotive_event_data_recorders","汽车事件数据记录器产业链","EDR产业链","IndustryChain"
"1db73e29-2ed6-5ce4-9dc8-a2721433cae7","chain_node:v2_dfd749dae1f6fc32d380ad7db9d6233f4ff68a3f","纸制文具印刷油墨","","ChainNode"
"1dcb0e5e-7b67-5644-b24c-878c0d60dffb","chain_node:v2_0f3ba73e4916053512ed0f6b3c787e26df0473de","离境退税零售门店基础设施","","ChainNode"
"1ddc24f8-aded-5c76-ae1c-78a005819606","chain_node:v2_5ea22422a9caa280c150c29e5ddfe8a4d4ccc467","玉米淀粉","","ChainNode"
"1ddd9e4c-2479-5ab1-9bfe-0691daf4ac4b","chain_node:v2_9de7b0b7042994e32a13f2b6fa06c410f9325614","核污染修复防护与遥操作设备","","ChainNode"
"1e370779-1fcc-57d0-9db7-59b8bc868cbe","industry:sw:workbook_snapshot_v1:270202","印制电路板","","Industry"
"1e44a883-0ca1-5c4f-a347-a351fff5c6fd","chain_node:v1_276ab8056ca684856bd806bb8a8930986f6b20cf","眼科医疗服务","眼科医疗","ChainNode"
"1e4965f6-423a-501e-abf1-7fa12b039c4a","chain_node:v2_5cdff2e9f2e040f558fe5f10c49ef0e35c08144d","风电发电机电工钢","","ChainNode"
"1e8b6a5b-67e1-52c1-b908-26ac731b9d88","chain_node:v1_d270147369924327b12523d29378dc995ab3feea","家电零部件","家电零部件Ⅱ|家电零部件Ⅲ","ChainNode"
"1e8c063d-08ff-5e6d-82a8-2df4b497af28","chain_node:v2_1fc4534b839e9b3bf41168ba9751a680ee80856a","通信卫星转发器","","ChainNode"
"1e9fa0c8-26f1-58ce-8934-e6585db993e9","chain_node:v2_63bbf25faf9c0ae97a26fa14390650a8956305bf","品牌消费电子终端","","ChainNode"
"1eaf91d2-f483-5a42-a09b-8367e30ae035","industry_chain:industrial_laser_processing_equipment","工业激光加工设备产业链","激光设备产业链","IndustryChain"
"1ec137ce-2ee2-5e35-9d3c-8a4e808c4dd2","chain_node:v2_666836127cf1093e6b7ee9e7b7ccaf6dd92a61cf","有机硅DMC中间体","","ChainNode"
"1ec590d1-5c87-5b1c-acfc-3eaa69f856b3","industry:sw:workbook_snapshot_v1:370304","其他生物制品","","Industry"
"1ee33682-11e8-5949-a8af-ad0823c59121","industry:sw:workbook_snapshot_v1:410108","核力发电","","Industry"
"1eef1445-af14-57d7-a83e-7e5976e83bc1","concept:master_v1_138f9a7b2427c221","IPv6","","Concept"
"1ef121dc-1272-5de8-ad63-056d395c9f01","chain_node:v2_38f0dc621dc3016a3582ab06025e79734b7aee10","风电发电机铜绕组","","ChainNode"
"1f0411fd-f939-5158-95fd-06fbe7bd1545","chain_node:v2_5b759a2e03614b17c4df78c603a00db33ec6bea0","库存优化与补货引擎","","ChainNode"
"1f168597-7779-5835-a01f-88ab058e2eec","chain_node:v2_9cd3f45ee1adea390f9f11ab2c2a82647df614f7","城市供排水综合运营服务","","ChainNode"
"1f208766-a029-53be-a2b7-3e8658fb7150","concept:master_v1_423ecbdee836e3ea","新零售","","Concept"
"1f2c4fd0-4330-5fe2-8cde-ab6cd1eef81a","industry_chain:superconducting_materials_and_systems","超导材料及系统产业链","","IndustryChain"
"1f376804-7cb7-5a28-bb6b-f49beab2f9ba","chain_node:v2_5bdee6e7b4b210e3aceb94d8142a2fd310c398d6","燃气灶熄火保护控制器","","ChainNode"
"1f3a3c6b-b0e8-5362-bbf8-d82018097b0d","chain_node:v2_a01ac6e1c897d344c0ce9bf4fca857a37a5b7be0","光伏PVD溅射电源","","ChainNode"
"1f3b63f3-7c55-54ce-87e3-2c0b34c8b77a","chain_node:v2_ee3807c7e6791f0cb296a4fb8c1ea14dc6866b78","垂直行业SaaS软件产品","","ChainNode"
"1f3d96d8-b8b9-5d28-b7d3-184555ddecea","chain_node:v2_f8a846a9b7c3c66c84759218f5b9bcdb06df7d60","工业设备数据接入服务","","ChainNode"
"1f4dc910-ffad-5f06-9ade-f1660da91eca","chain_node:v2_6315ef990be515a693cb246daf58bb6a5daef598","市政专业施工服务","","ChainNode"
"1f4ea86c-5402-503d-a04f-14085df2d76d","chain_node:v2_ae508936e641d9a6d5827df736566b9014c02865","工业硅","","ChainNode"
"1f5663f0-1344-5a04-a99b-40f26c7382a2","concept:master_v1_444a712f44ceb5ab","虚拟数字人","","Concept"
"1f70ab41-a0b2-51c8-a4e3-5054e9a1adc0","chain_node:v2_c4815cbd56246157f1a9bbf0e39e480e5c2ef5e8","汽车底盘总成","","ChainNode"
"1f8e1bfa-96d5-57e7-a283-cb548de55942","chain_node:v1_4aa820f556745d53419818e0177b4dc54e041c8b","智能电视","","ChainNode"
"1f96ad06-f89e-5757-9f22-cb730b56fa98","chain_node:v2_5800f7bbe8ca6bc2163947ed7ba0aa2dcd85f5f2","集中供热热源设施","","ChainNode"
"1fa70ba0-5d2d-5d26-8a0f-d33879d8a63f","chain_node:v1_c471513fbd9c9f7907837c9308139b8e61f2673f","纸包装","","ChainNode"
"1faa63e6-71ca-5b9b-a285-196863f9549f","concept:master_v1_b8524d8d02c9215a","智慧政务","","Concept"
"1fb72b04-cee5-500f-8799-7da4617f0db0","chain_node:v2_a5523621a7b9a1757fea22b692983709a5255566","风力发电机组","","ChainNode"
"1fc8d25f-b525-50f4-b6f8-0b6ae2b41c4d","chain_node:v2_7010584c777c99f5a07ef0f71a2545e637359679","铁路工程勘察设计服务","","ChainNode"
"1fdef393-4b13-505b-bda1-b315d2f340ed","industry:sw:workbook_snapshot_v1:461003","自然景区","","Industry"
"1fe21451-6602-5db2-80bd-f2503980fabc","industry:sw:workbook_snapshot_v1:730207","其他通信设备","","Industry"
"1ff01605-fcf2-5648-969d-5ecd3028b1b0","chain_node:v2_51db56b57740ea41d70f7c74498eeab8a89ea561","高纯氧化铝","","ChainNode"
"1ffa9ea7-3b27-58f8-aa02-13a93e8364f9","chain_node:v2_1a8188404b2b159675389606798728f11457375f","新能源汽车减速器轴承与壳体","","ChainNode"
"20043324-948b-5b0f-95a6-bc21f6e731b6","chain_node:v2_10404a2bb4971819a8b8794cd751385fd287d984","过氧化氢","","ChainNode"
"2012abe7-a651-5e55-ad2c-4f8fe5daf1df","industry:sw:workbook_snapshot_v1:620307","园林工程","","Industry"
"20234710-4e2d-55ad-96c9-08fae1f83a6a","chain_node:v1_20d2f52484758c738dfc2a267511430bf06aab64","消毒剂","","ChainNode"
"203619aa-c1de-5977-b69a-0a58387f2edd","chain_node:v2_f1911f56a2835d6f8ddb556c53084ed116274bf6","信托受托管理服务","","ChainNode"
"20387b2d-d900-5bcb-b895-767d2e7fd197","industry:sw:workbook_snapshot_v1:270302","LED","","Industry"
"20397df0-4c86-58dd-b787-4faada9b1d12","chain_node:v1_e9819d85aa99444d7675e07f4e2a53e81a4bf9ed","数字孪生实施服务","","ChainNode"
"204827f7-af02-5f63-8d42-0673875189a5","industry_chain:air_pollution_control_services","大气污染治理服务产业链","","IndustryChain"
"2052ee38-17c8-55a1-aecc-20562fc61aa8","chain_node:v2_fc406d0b162e46f923f74d07f6569d6348460cc3","装甲防护系统","","ChainNode"
"20699e35-f0e5-50db-93b5-5e7fb23c298b","chain_node:v2_2d59ac0e09602a4b9578911705ca6100f192f1ee","数字图片版权管理系统","","ChainNode"
"206e8c98-fedb-530d-9791-cc6bf852b474","chain_node:v2_a2e0ddebfb06ad3a081e51bd20c1eaa9b1546e82","造纸用木浆","","ChainNode"
"20751ff1-267f-5deb-9949-b8b02eaa6b14","industry:sw:workbook_snapshot_v1:420807","公路货运","","Industry"
"20939c1c-43bb-5705-b19d-95c8c4860ac0","industry_chain:aircraft_carriers","航空母舰产业链","航母产业链","IndustryChain"
"20ac2bcc-1f75-5ab1-b4b3-ca7f9e1d2ab0","chain_node:v2_b3bfd5fc399c3ae1c351d0381381e376b9807879","电子纸显示模组","","ChainNode"
"20b5cc80-d852-50b1-a243-b57898bb5eaa","chain_node:v1_441785e1d1f1b71f0d4bffaf485aa45e995721e6","出版服务","出版","ChainNode"
"20c3c949-8c3f-5f55-b735-5fdc619bf3b1","chain_node:v2_f6af20403a0b6ed3009c4c2682784b3b16cff40f","MLCC介质层叠制造服务","","ChainNode"
"20cefd2a-37be-5aba-a3b2-ffc2b9f7ef03","chain_node:v2_96880a6e6e51646efbd5492d7bc1657aba65224c","导航卫星总装集成服务","","ChainNode"
"20d0ff29-2af5-53dc-ab0c-9fa9013a7fbb","chain_node:v2_b386e7c7035d68a20ae8cadaef0cc50b715379d4","风电齿轮箱用特钢","","ChainNode"
"20d88a46-24ef-5ce3-8fce-ee96f86aab61","chain_node:v2_f6f515587d02fa99f512159091946e57afe0d613","智能电视主控SoC","","ChainNode"
"20e4cb75-a6a8-5a92-b857-dd6296b8a6ae","industry_chain:oled_display_panels","OLED显示面板产业链","OLED产业链","IndustryChain"
"20f6937f-4cc7-576c-9e82-19b8a8176a1f","chain_node:v2_690f59e55debdd19f4c2a06a9000c3ebdc41b14c","规模化作物种植服务","","ChainNode"
"210fd0a6-1b14-5032-9414-4e7b905d0e9a","chain_node:v2_1131046832366b6c4bf759bdc270b334e95c097c","会展场馆运营服务","","ChainNode"
"2118e45f-8001-527d-92df-e64d1323a381","chain_node:v2_def89afb87e1be05785065517734c3134088a924","印刷机张力控制系统","","ChainNode"
"212511ca-4bfc-56b5-8fd0-faf2fc18c408","chain_node:v2_a4c1543a0700a24f05bc00d880d04329bc589269","已加工集成电路晶圆","","ChainNode"
"213e61b6-88c6-5fbf-9656-4cb27c38b9b3","industry:sw:workbook_snapshot_v1:370600","医疗服务","","Industry"
"213f29d3-3aef-57e8-8301-cf4fa687eb99","industry:sw:workbook_snapshot_v1:630601","风电整机","","Industry"
"214c5742-052e-5690-851c-16facd4ff3d3","chain_node:v2_0c3449a47cf661f43cc6c44b8ede4ce8e2872121","彩色光刻胶树脂与颜料","","ChainNode"
"2154790d-2c9b-5e99-b697-de6c62db4c38","chain_node:v2_810aa26e6aa25ab2b9ea897bd34a22ca44fd7fa8","铅精矿","","ChainNode"
"216afc6e-88a3-56b6-900c-81f4370a41c1","chain_node:v1_b2f1b86d07523b1982a9c78fcc3c5746b245b076","AI手机","","ChainNode"
"21730f8e-dab1-56b9-8e0c-037758dc29e7","chain_node:v2_9d9c7fd3bb1c5c86262df796492547a3537d6ebf","通信光纤","","ChainNode"
"2179a660-7461-50ec-9b52-3679c6bb3601","chain_node:v2_6de7ba638abb309e229ca46de7dd73890c29ee39","继电保护测控系统","","ChainNode"
"2191a7d6-5a3f-522d-ac8e-61956c4d1095","chain_node:v2_d4e6b7d02aaebec00030b9854d3f9a3a9c80e855","核电运行许可与安全监管服务","","ChainNode"
"21962904-23b8-5275-a582-045f1d11c148","industry_chain:beer_products","啤酒产业链","","IndustryChain"
"21969bd0-c71f-540c-8a3b-904054e5a859","industry_chain:crystalline_silicon_solar_cells_and_modules","晶硅光伏电池及组件产业链","光伏电池组件产业链","IndustryChain"
"21a5d71f-e7ce-5a21-9eab-62cb1d3147c0","chain_node:v2_ae6f99f8e0c30c9a74c3643384314111e3b74561","胶黏剂配方生产服务","","ChainNode"
"21ad3224-1d39-5853-9a13-c6b948f5884d","industry:sw:workbook_snapshot_v1:420800","物流","物流服务","Industry"
"21b523d1-39d0-5c58-8cdb-5298825ad582","chain_node:v1_c833db86672a251557407adb6bb44d7e22bb3ab4","港口运营","港口","ChainNode"
"21da2f1c-a33b-5c0d-8c6a-ae92f45633ae","chain_node:v2_39bf8c6d45c65c391f0d9e731dc3d1d552c25e3a","石膏板吊顶系统","","ChainNode"
"22014689-3359-5df6-bc19-6043007f8ae0","industry_chain:noise_control_services","噪声污染防治服务产业链","","IndustryChain"
"221cdaa2-8468-5eb0-b5ea-6a8267c7c6ee","industry:sw:workbook_snapshot_v1:710103","其他计算机设备","","Industry"
"2220b056-c773-5581-8d3a-54b053d7a05f","industry:sw:workbook_snapshot_v1:730102","电信运营商","","Industry"
"223ed1b8-d729-551b-9c04-c219a6263e43","chain_node:v2_2238d25090e02a580588a1d7cbb5e4b8e786878f","遥感卫星发射交付服务","","ChainNode"
"228fa3f0-0d51-598a-867b-5b4cc5d0ff29","chain_node:v2_6752a9606519d6d93b7d57b80bc1ff25d107fe3f","船级认证服务","","ChainNode"
"228fe793-f2d7-59c7-939a-f241e0b93976","chain_node:v2_cab76beb58efa27d50b240df40f0a7c47b1646a0","风电齿轮箱设计制造与测试服务","","ChainNode"
"2295669b-5026-5f8d-a9b7-c552089075f9","chain_node:v1_f9b6c9c71e3cbe8ffcb649bd227801d745ec5f40","效果营销服务","","ChainNode"
"229be791-7c2b-5ede-a1f6-6d99b6a60ffc","concept:master_v1_afd4e0c2ca2abfe3","阿里巴巴生态","阿里巴巴","Concept"
"22a38ca4-20c3-5d58-8a64-ac6f821f684d","chain_node:v2_0abcd1f4275832ff4c335b29c0478b228d9cc722","消费者数据分析服务","","ChainNode"
"22b5dec9-9646-5a03-b28e-708481486ab5","chain_node:v2_9dc3f84f2c033cd9be84aabc8f3078521b0f89a6","固态硬盘控制器","","ChainNode"
"22b79d44-e765-5de9-8bc4-c4c539f66b85","chain_node:v2_16db3007959c61df7e54f7b9581b7184f241b3a5","气水分离服务","","ChainNode"
"22da9a53-4e2b-52a0-92d4-223edb162309","chain_node:v2_371f6d0e2087deba11abd5b7dcf70c952ff97eaf","城轨测试验收服务","","ChainNode"
"22df711a-6fad-50b8-9f31-bfab2da07ddf","industry:sw:workbook_snapshot_v1:220803","农药","","Industry"
"22f47a97-b600-557e-9f9c-477b2cfee198","chain_node:v1_35db22d3ef180e24b4473c1afe324f4fa3a0c490","固体废物治理","固废处理|固废治理","ChainNode"
"22f90135-46e7-55a4-8dc5-2f2c8be663c3","industry_chain:building_energy_efficiency_services","建筑节能服务产业链","","IndustryChain"
"23064c58-9425-5819-aca9-5b52ecfa46e8","chain_node:v1_ef0e6075fa3ae1ebb8918c57bb808b5ff3e1dd8b","玻璃制造","","ChainNode"
"230a5fda-6a72-58ec-a1c7-d43e690de371","chain_node:v2_2a7483c7211654515657ceddbbbd622415680456","PLC通信模块","","ChainNode"
"230adf16-90ef-5aed-8c82-23f34181ca09","industry:sw:workbook_snapshot_v1:630502","光伏电池组件","","Industry"
"230b9c1e-a950-5d8d-be22-2b4e48abdee2","chain_node:v2_0620f16257c993757b05719e16a8021651aa44dc","光纤连接器","","ChainNode"
"2312f6e7-2233-563f-a064-14dcb8dc831c","chain_node:v2_c38a85fc4f7308de020210fad6705091cb7e9dea","著作权许可服务","","ChainNode"
"2318e843-2e01-5b22-94bb-3560a5af518a","industry_chain:automotive_steering_systems","汽车转向系统产业链","","IndustryChain"
"231921a8-58ee-53c8-8177-249f8407ce03","chain_node:v2_651c1f49365f65d743c23c17107de07768f5bb95","封装基板","","ChainNode"
"23262691-b677-5ffc-a83c-0ed45869942a","chain_node:v2_5693248d63bd0cc49948eb2a573a917d8f0ee47f","锂电卷绕叠片设备","","ChainNode"
"2334fce5-5647-53e9-9326-9521559ada82","chain_node:v1_6333c45d0da9805c519d296dcc68cfd058381179","血氧仪","","ChainNode"
"23477cde-b889-50e3-8f16-9e7f2956a718","industry_chain:vanadium_redox_flow_batteries","全钒液流电池产业链","钒电池产业链","IndustryChain"
"234b530d-8dfd-523a-8458-e2cfe638f49e","chain_node:v2_56dcfce40082d2ff9f667d13a5e487b506613966","智能物流系统","","ChainNode"
"23602c6c-7214-55d7-87d5-49d6072e1173","industry_chain:tobacco_raw_materials","烟草原料产业链","烟草产业链","IndustryChain"
"236391b5-9d37-5707-9018-24d82b23bbc2","chain_node:v2_133b70bf3bab2871754450c7ed281c810e39068a","化工生产装置","","ChainNode"
"23715380-37fd-519a-9fa8-efbd2afe61cc","industry_chain:building_construction_services","房屋建筑施工产业链","房屋建设产业链","IndustryChain"
"23731c19-0760-5737-8650-79cae39ebf29","chain_node:v2_56c178afbe6a35cd8a4a4f8d0cf5a0a31f24f6d8","风电主轴锻造服务","","ChainNode"
"237e9030-0a6d-5018-9a65-dbef9043d553","chain_node:v2_f7d7646b23c71daf1f382ede10e4b23ea580533d","复合铜箔用高纯铜靶材","","ChainNode"
"237fb708-1449-5a20-9fbd-232fb43361d9","industry_chain:silver_mining_and_refining","白银采选与精炼产业链","白银产业链","IndustryChain"
"2385d640-016e-5bc1-ad31-d5a5f7ca353b","industry_chain:automotive_wiring_harnesses","汽车线束产业链","","IndustryChain"
"239270d3-c5b4-5641-b25f-178588a1d214","chain_node:v2_88c6efe44e99df64318d8f605d5875d99516db6f","金刚石砂轮","","ChainNode"
"239eaa61-0357-58c5-baa4-52b80ac953a6","industry_chain:machine_tools_and_tooling","机床及工艺工具产业链","机床工具产业链","IndustryChain"
"23a69942-b06f-5f51-86c7-1cd5c95bcf22","industry:sw:workbook_snapshot_v1:110504","其他农产品加工","","Industry"
"23aa5948-d63b-561e-96aa-eb8672b47e1b","chain_node:v2_06394f0f4b2e384544c96c458c1c79af4fb1f3fa","国际干线运输服务","","ChainNode"
"23aedcd3-6f9a-5d1c-b743-9a5d8ad6ba76","chain_node:v1_0c4f7f0ce797eca6f99be32c3dfae820cf2e8968","教育出版","","ChainNode"
"23ba1b98-0e50-5f18-b20b-2e7f1144f6b2","chain_node:v2_fadd9a1c88c63133f08d8627e5ca0986afce536c","叶片客户材料认证服务","","ChainNode"
"23bfce73-e376-5d44-a379-1bb818923d04","chain_node:v2_ba36ca056976d2d424a6b6ee3a491d1b9dd5eb92","公路货运司机服务","","ChainNode"
"23c88c8c-3d2b-52f8-ac13-f5fa72a8e8e7","chain_node:v2_2429357b15273c584fd837bb5c9c9e87068cab1a","再生金属原料","","ChainNode"
"23db1d49-abf5-56d9-ae62-5c4c4791779c","chain_node:v2_cd343409b2897f55a40705938c6f529314ae7741","电视节目制作服务","","ChainNode"
"2408cc9f-6336-5fe9-a7d7-8a07eb4c43a5","industry_chain:retail_pharmacy_services","零售药店服务产业链","线下药店产业链","IndustryChain"
"241187f5-805d-55ba-96c3-1296021e21c7","chain_node:v2_c11e5a902b9c7f2d5c53a2db8bde6d5465a260ee","智慧灯杆杆体","","ChainNode"
"24184ff6-8ef4-5c46-b498-c5ab273f3dd2","chain_node:v1_c04f2fdc35ae8f7fcada227d87befe88e64b2307","大宗用纸","","ChainNode"
"2423e447-2733-53c3-9a97-96579d280a62","chain_node:v2_8e18577ff4a20227c5175c276ff4e0f9522807cb","特高压直流控制保护系统","","ChainNode"
"242a2971-3037-58bb-88dd-4b375bc61b93","chain_node:v2_9e0b6df0d5e2a3f6d0fb2a57d500e83e4fc57544","AI训练算力","","ChainNode"
"2431096d-0642-5a4a-9f2d-89eb29e157e5","industry:sw:workbook_snapshot_v1:220802","磷肥及磷化工","","Industry"
"24325e13-0c54-5bab-8e70-c3c585218aec","chain_node:v1_a7507810c4a507207bbfaf8e9e57225b856acf1b","煤制天然气","","ChainNode"
"243520aa-9d3a-5374-9349-4d526be47c8c","chain_node:v2_cce8f25531d2049a00cea5874b8465d05b16d980","海上防务水面舰艇系统","","ChainNode"
"246ad86d-3d91-58ee-9679-c6f0fddb0b9a","chain_node:v1_eb0b04838b83c570d73073ab6e372cf664bf3533","传统家用音响设备","","ChainNode"
"24725fda-1399-5c0c-9e38-e029a2c92854","chain_node:v2_e6b2fa1a6e47a11daa59a9cfe019ab07d2d2e267","特种纸功能化学品","","ChainNode"
"24746eaa-9383-57ee-9928-939ca5a508ed","chain_node:v2_f8ae29b51e1050776c2c73c301976e9d0f37ec43","聚合物功能原料","","ChainNode"
"24836de1-0e00-56ea-9aa4-7c1fb02c3d55","concept:master_v1_a286fab400922de5","新型烟草","新型烟草(电子烟)|新型烟草（电子烟）|电子烟","Concept"
"2485c1e9-bee3-5317-8f53-71958273573b","chain_node:v2_e3eacb5d028d027c5ee6fb501a025bf709ec650b","供应链金融协同服务","","ChainNode"
"249de3ca-0a1b-5afa-a792-2d891cca8b7b","chain_node:v2_a0b9262beae25d3f7c1f5593547c63595ef59ccd","在线社交网络平台","","ChainNode"
"24b11e99-0983-542a-898b-9813474fbdee","industry_chain:wind_turbine_blades","风电叶片产业链","","IndustryChain"
"24df1d4e-8fde-535a-bf5d-cd5b4b0f223f","chain_node:v2_6ab3b56933668b94a3f0eb65ca2fc2533d03bb4c","投资金条","","ChainNode"
"24f3c9f9-8fda-5692-bc6c-fbf642acc170","concept:master_v1_d491240c2b011b1d","国产航母","","Concept"
"24fe4a76-2437-5ef1-a3e1-fbd75909608e","concept:master_v1_f630c6f33d155e3c","生态农业","","Concept"
"250d7fc3-359c-56a3-ba71-418633cb089b","chain_node:v2_fb3c1aecd64a4620162ecf83b68e339976a304d2","医美用透明质酸材料","","ChainNode"
"2529b2c9-0055-5436-b102-01c351af5045","industry_chain:perovskite_solar_cells","钙钛矿太阳能电池产业链","钙钛矿电池产业链","IndustryChain"
"252db8c4-d2d0-56d3-943c-bc834661ed4f","chain_node:v2_8010377903df171c9b83618114f5decadfe57ab0","旅游目的地接待服务","","ChainNode"
"25343f3e-676b-5a44-a00c-d92c7763b83f","chain_node:v2_e88b0dbc628c47bb26d51a308f07cd1a926cb479","取向电工钢","","ChainNode"
"253eaa32-716e-5e0d-9685-c7588880a911","chain_node:v2_c65c89d8df27720e740d7107ccceccedf1faacd4","涤纶加弹丝（DTY）","","ChainNode"
"256112e6-3f38-55ad-bc42-ba95e454890d","industry:sw:workbook_snapshot_v1:220316","有机硅","","Industry"
"257f805f-07c1-54f5-a1ca-8a012f832794","chain_node:v2_1280d2bcc21337dc37b795be70eb45f86b7111c8","楼宇能源管理系统","","ChainNode"
"257ffa97-6c5f-59b9-9efa-ae22fc98fccf","industry_chain:financial_leasing_services","融资租赁服务产业链","","IndustryChain"
"25973d8c-b7bf-56d9-80ae-c6e2d54abf8b","industry:sw:workbook_snapshot_v1:480000","银行","","Industry"
"25d3ef8a-8b9d-56dc-8f4c-6c8a84614c36","chain_node:v2_7bd6409c4920ef046a59586c82840da2b26a6758","PPG健康传感器","","ChainNode"
"25dc2184-bb46-54c5-a4e4-14ac40259627","industry:sw:workbook_snapshot_v1:230403","钢铁管材","","Industry"
"25e6211a-78d9-527d-9ea2-0c4b21966281","chain_node:v2_fa2a3539ac701b36b9ec2b99f807f0d5a347acba","水泥熟料","","ChainNode"
"25f0369f-b647-599e-ab8f-1c7a25c8e525","chain_node:v2_7b878c031ba715a224d0790a7cbddbaa528f0282","晶硅光伏制造设备产线","","ChainNode"
"26171a85-0606-5a61-8b79-ef9c350931a7","industry:sw:workbook_snapshot_v1:480601","其他银行Ⅲ","","Industry"
"262013c8-524a-5f59-8522-dcd7fe08f901","chain_node:v1_d9482180f59e79174eca8f187d2751487abbb564","MLOps平台与服务","MLOps|MLOps概念","ChainNode"
"262483a6-82e2-53f6-be03-94ce2c4f92f5","chain_node:v2_43935b4cca4c805f972072f4c40785eac858a792","聚醚多元醇生产服务","","ChainNode"
"263c116a-d361-590f-a52d-0d2d6590b9cb","chain_node:v2_667e871424109a1b2cedcf9bf96464ebd26fefd2","粮食收购服务","","ChainNode"
"264a908b-468e-5235-87d4-f4989d34b053","chain_node:v2_81bb08e353aca42df53f5cbf2e87ae10b14b664f","纯电动汽车动力电池包","","ChainNode"
"264dc078-a2b6-55c7-9149-7dfd6c2fcdf8","chain_node:v2_ff09c1e413ddb149f653f6801f17fe48105d5f8f","主题公园票务系统","","ChainNode"
"265265eb-9017-5c15-b201-325fe4a2d288","chain_node:v2_fa82664bab421e5a35bb27e80aab5f7c0cd566b0","应用中间件平台","","ChainNode"
"265e5d41-a3bd-5989-ad0c-71ed02344a43","chain_node:v1_7b32c8efdd2db03121cbad5a54734aa8cfcd94a2","电力变压器","","ChainNode"
"266287d0-0fef-5f79-9878-5f9bdc1332ac","industry_chain:television_sets","电视机产业链","彩电产业链","IndustryChain"
"26824f78-bb88-5fbe-b0ad-cad5bf802732","chain_node:v2_0c8b5ffe360a20046c83c7e79eae6c7062d4e58e","国际工程EPC服务","","ChainNode"
"268a7e77-0361-5896-9b28-3fa68ccc24e5","industry:sw:workbook_snapshot_v1:720400","游戏Ⅱ","","Industry"
"26905603-5352-5ba7-9c31-ff25da9f3c9f","concept:master_v1_f6f8feda252812cb","能源金属","","Concept"
"26908fec-d64c-5b37-8ab2-6149a983e3a1","industry_chain:maritime_shipping_services","海上航运服务产业链","航运产业链","IndustryChain"
"26a11121-9fe8-5363-a3b6-81122e9fba1d","chain_node:v1_6e9f240ff902aa6053040efc3173c89310d2ae58","大气治理","工业烟气治理服务","ChainNode"
"26a45186-a8a2-5ef8-803c-23b70a434ed3","industry:sw:workbook_snapshot_v1:270503","品牌消费电子","","Industry"
"26ad7c2a-7753-52c2-a6e4-16edfc0b6952","chain_node:v1_a6775a6566a0b2d1cd16647db0e9357606f46010","再生水供应服务","","ChainNode"
"26b4f01b-a1d1-575b-b3ce-34defd081ad4","chain_node:v2_eb0c8b19d9c08cb61535408d0e6cef1815bce759","游戏主机处理器SoC","","ChainNode"
"26dab3b3-fc4b-5388-8cc2-51ec696db527","chain_node:v2_4037cb8330d9aac7d590150392b24b9be2410faf","盾构隧道与车站土建施工服务","","ChainNode"
"26dae948-7173-5164-b9dc-95faa46da556","chain_node:v2_96dc6b00edc91ea5c55aa5e810678cee134de4c1","6G网络软件平台","","ChainNode"
"26e08832-1b0c-5610-955a-2f3091c11e92","industry:sw:workbook_snapshot_v1:461102","培训教育","","Industry"
"26e3420b-fc92-5c1b-adfc-875a27332563","industry_chain:building_inspection_services","房屋安全检测服务产业链","","IndustryChain"
"26f00a1f-938f-5086-a2ac-09a16bb48dff","industry_chain:state_owned_enterprise_cloud_services","国资云服务产业链","","IndustryChain"
"2701422d-78b4-585e-81c6-7200f4134992","chain_node:v2_2ff7fe97d2d211a89a75e158dfae4439c560a6ad","MLCC烧结与端电极制造服务","","ChainNode"
"270cdfe0-382c-5fbd-a760-4f3a2199cf4a","industry:sw:workbook_snapshot_v1:460800","专业服务","","Industry"
"270e6d6e-686e-5239-830b-e01f41c6a26e","industry_chain:online_social_network_services","在线社交网络服务产业链","互联网社交平台产业链","IndustryChain"
"271144af-a2da-5ab1-9d7c-9459a1a8d6fd","chain_node:v2_60970b962af669151d97e5aa1b570e9a3fef5067","海绵城市透水铺装材料","","ChainNode"
"27148cb4-6646-588c-aca0-9a9ca2a3d5b5","chain_node:v2_c4088e87d6ac7a2e5bb6c44f1fad989119159376","交通工程施工服务","","ChainNode"
"271c2202-31c1-5fbc-b469-141dd0bec80f","industry:sw:workbook_snapshot_v1:490101","证券Ⅲ","","Industry"
"27212663-3463-5b0e-a8e5-2aef93648420","chain_node:v2_6dfa072c2785fc20d09420103b593bc37cd39fa9","种猪","","ChainNode"
"272ab284-90a5-5373-8fd6-8a14d16301c2","industry:sw:workbook_snapshot_v1:510100","综合Ⅱ","","Industry"
"273f0825-d9f8-5fff-917e-26b397e2f97d","chain_node:v2_663d63f953d14a85b2577c4c9807032be43cc027","铁路货运车辆","","ChainNode"
"2784c3d0-2fca-5672-81fb-c1d510859071","chain_node:v2_e8ccdd444f6eb69867e98c5889531e3721ab3a1b","ETC收费系统","","ChainNode"
"27889b19-4059-5666-b708-1db419bb7ed5","industry:sw:workbook_snapshot_v1:750300","炼化及贸易","","Industry"
"279df971-885c-5cc0-97fb-2319360cf442","chain_node:v2_5714683c9cfcd1ae0f4f5bae5f39a1d1020f1863","仓储配送基础设施","","ChainNode"
"27a4100c-ccd1-5533-bd00-e9eee8f31a2b","chain_node:v1_6ed38d7db0a2d8d1437e18f52d0a063dec5e7f65","减肥药","","ChainNode"
"27b2e1b0-8b8b-5ecd-a6a0-b3f3512034b1","industry:sw:workbook_snapshot_v1:360204","塑料包装","","Industry"
"27ba34e5-e8fe-5e5b-8296-246b5b1bf1c4","chain_node:v2_00b0fd033ee7ad3f7227edc57d1f1225fc17b648","PCB电气检测服务","","ChainNode"
"27c31855-562a-5d4b-b02f-d293e1520fdb","chain_node:v2_b86e9487cc72c9696250d4db567c464a6b2204b4","镀锡钢板","","ChainNode"
"280b2946-d7c9-54e4-ad3e-1c87d64d4562","industry_chain:space_ground_tracking_and_control_systems","航天地面测控系统产业链","","IndustryChain"
"281666a5-5d14-58e9-ad7d-f6713b7cb82d","chain_node:v2_468177258711128cd3f2db1e84867403dcb201b4","游戏控制器振动马达","","ChainNode"
"2818bd10-1ec3-5760-8fc1-b84dfc705fac","chain_node:v1_67c74d91946bf0b4731428c493c717b653e18bd3","机床工具","","ChainNode"
"28558bcc-cc10-544e-81de-2e77479c9176","concept:master_v1_ba36c57084878931","绿色电力","绿电","Concept"
"287da492-fd46-530e-8c6b-5569a9bf5364","industry:sw:workbook_snapshot_v1:720800","社交Ⅱ","","Industry"
"28878aca-ca23-530f-9928-38c17c9f6ee8","industry:sw:workbook_snapshot_v1:640700","自动化设备","","Industry"
"28aa365e-57f1-5785-b652-cc319609fad6","chain_node:v2_30cf661730aaec77935c64682cdb3e759544903b","尼龙6聚合服务","","ChainNode"
"28c91a5b-0e7f-5957-a85b-74da37582edd","industry_chain:steer_by_wire_actuators","汽车线控转向执行器产业链","","IndustryChain"
"28d18a23-76e2-553d-be42-a5de0c7235a1","chain_node:v2_b22d265846b790f03f63071284c3b67fbd0effb8","碳化硅晶体生长服务","","ChainNode"
"28e6241f-ab6c-53ef-bf1b-0e8ca7d83726","chain_node:v2_08973e8f26695aa85107b5248396baaadf49d2f6","VPN云接入节点基础设施","","ChainNode"
"28ea5667-63bd-5175-ad9d-6d9cdc55acd3","industry_chain:performance_marketing_services","效果营销服务产业链","","IndustryChain"
"28f65eee-771f-5aa0-8e4e-6bf1a0e38c14","chain_node:v2_ad7e324f4a26125ca00bd78b375fec60328917bc","住宅项目营销销售服务","","ChainNode"
"28fdc8b7-404c-5f9a-8175-a1a59ec84fa1","chain_node:v2_a1d4c9e6724e59a3c8d50fb26141fec947e4b0a1","换电运营调度平台","","ChainNode"
"292b190c-83c6-51e8-910e-f2459d971fe4","industry_chain:port_terminal_operations","港口码头运营服务产业链","港口产业链","IndustryChain"
"2933b210-141b-5260-b0c2-3b9b4749fb5c","chain_node:v2_a35f6da31c2fbdcf9fcd67ad3514e4e03b8472e4","工业无人机","","ChainNode"
"2935e26c-5a24-53f6-92c0-9decfad0af28","chain_node:v2_c2ecfd516d1a18cec16ddb799116b70c1da4dd30","油井测井解释服务","","ChainNode"
"294d5b31-6e5b-52f0-8b60-bf4c9696b22d","chain_node:v2_9dbab89056e8a5ef04c893890ed690804193c7e7","吸油烟机机壳与风道","","ChainNode"
"296831f9-1f0c-51f3-b128-3578ce6cc3f3","industry:sw:workbook_snapshot_v1:340000","食品饮料","","Industry"
"29737594-7c15-59fc-97b1-f9391c8f6d54","chain_node:v2_2feece6233fa24da76152c2ce4f70ad7b33b6629","精炼银锭","","ChainNode"
"29830bfb-38c7-518a-84d9-a0b696944c10","chain_node:v2_cbd01ac39152335e46b49d5f2380765753e7283f","线控转向冗余控制器","","ChainNode"
"2989e195-84ed-5c59-9d93-9ea05b2399d7","chain_node:v2_2b399a199e3f8143ddc817e027afc45122855062","水处理过滤分离组件","","ChainNode"
"29b778b1-0f5c-5c88-9a49-550292b937e4","chain_node:v2_62cbbfbf050072b3eacc1df5477819d6fd4d7f4b","电化学储能系统","","ChainNode"
"29bc7c7b-258a-5932-8f99-0aab3231747b","chain_node:v2_19377adcbc23ef312401592027ed205d5a2f5a24","电弧炉炼钢服务","","ChainNode"
"29c4ca8e-4dc5-54c4-be67-7127cf6eacec","industry:sw:workbook_snapshot_v1:410300","燃气Ⅱ","","Industry"
"29e9c415-877a-527b-847e-5247c6c82088","industry:sw:workbook_snapshot_v1:270601","电子化学品Ⅲ","","Industry"
"29eed28d-3649-51a1-adce-0c43a60a9284","industry:sw:workbook_snapshot_v1:110501","果蔬加工","","Industry"
"29ef8f16-cefd-55df-a810-d4513d109da5","chain_node:v2_547b9100c222f8f39940d56ef44f48b878bbb5c5","天然橡胶初加工服务","","ChainNode"
"2a0014e6-2bf3-5ce8-b5f1-b392dcb31d5d","chain_node:v2_ac1394c7032185292e3d962ce4051abeeceeda42","政务云基础设施","","ChainNode"
"2a07c3e6-ebaf-5571-bcc9-d5672f40f31d","chain_node:v2_382100135a5bd1022f0e6cea4431ac4ea737139d","配电保护测控装置","","ChainNode"
"2a13b157-51fb-52d8-baf1-6ae030a1e741","chain_node:v2_73061c913029e4be7592754e5862dce23adb4b14","人用疫苗制剂生产服务","","ChainNode"
"2a261ba3-918b-512f-b294-8aab29c140b5","chain_node:v2_c7feb566fac0c2e28a89a3282620881b8f9b888e","机器人关节编码器","","ChainNode"
"2a4b25ba-4c24-572a-b917-318abbd756ba","chain_node:v2_f8506e3da183a763edf7d807fce69f56bc9464f6","老年医疗康复服务","","ChainNode"
"2a50184a-b7bd-5983-bbb8-6e3a8bfbd0c4","industry_chain:power_cables","电力电缆产业链","","IndustryChain"
"2a520d32-a885-58cf-bc23-feaab87dc8be","chain_node:v2_b7b6a2ac6c5c9ee0cb402971a1885d439f05cedd","SaaS订阅计费平台","","ChainNode"
"2a670140-4410-583a-9b37-53ea592712f3","concept:master_v1_917d4932d8a57fb5","新材料","","Concept"
"2a75685c-eed2-5200-9d5c-53102fdde49b","chain_node:v2_140a69f2e500a194e04d322ba379e7472e58035e","大豆","","ChainNode"
"2a883a2b-b5fc-5982-9a8e-7dea0006cbf3","chain_node:v2_53d7efcdb5b477afab714bffbc1f3d1d6b94e2dd","印刷包装设备调试服务","","ChainNode"
"2a8aee41-e149-545a-9316-59cc0c934c5b","industry:sw:workbook_snapshot_v1:710402","横向通用软件","","Industry"
"2a9b30f1-f027-501f-8a01-81c01242607f","industry_chain:activated_carbon_materials","活性炭材料产业链","活性炭产业链","IndustryChain"
"2aa1abea-c0c6-514e-8c97-752f364d8585","chain_node:v2_4603712a1fdf3f943d9de1a83670676f18b68279","汽车检测诊断服务","","ChainNode"
"2ac3ad03-5324-5a21-ba78-d3b254035e45","concept:master_v1_75a8f7584a2c2c57","商业航天","","Concept"
"2ad27b9c-4a66-5be1-8d03-1ca94231e21f","industry_chain:c2m_customized_manufacturing_services","C2M定制制造服务产业链","","IndustryChain"
"2ad2d8cb-97c6-50c7-b3b1-d9e2a32b8279","industry_chain:traditional_chinese_medicine_products","中药产品产业链","中成药产业链","IndustryChain"
"2ad7b854-d47e-5b13-b848-5b37d937cad2","industry_chain:oil_and_gas_extraction","油气勘探开发产业链","油气开采产业链","IndustryChain"
"2afbf898-4678-5328-9806-eb6e05fedf44","chain_node:v1_6b34aa0d650edd1ba2c288b852fc323fe2cf7dff","集成电路制造","","ChainNode"
"2b0079b6-bedd-5866-bc99-bcc2b1c444a2","chain_node:v1_0f48e535591633605041da2b77a786bd95a4b454","空调","家用空调","ChainNode"
"2b03d695-7b75-5e09-a66e-28680abd6099","industry:sw:workbook_snapshot_v1:730104","通信应用增值服务","","Industry"
"2b2bac0f-0c33-5405-8313-ea3ceb9e4fc1","chain_node:v2_8b5c471442ee86c63ab60b9a87b5a4e2984997d2","图像传感器","","ChainNode"
"2b4b717d-6ba4-5169-a217-e91c4481b2e7","industry:sw:workbook_snapshot_v1:220205","煤化工","","Industry"
"2b63c7d5-7732-5622-8b92-79f4823e182b","concept:master_v1_b1ed7605f7c2a528","鸿蒙生态","鸿蒙","Concept"
"2b6b2329-d1b5-5fcd-8a35-b919ba31525e","chain_node:v2_f04b43beab81dbf7e32beabcdcc2d741c18c7815","国际工程融资服务","","ChainNode"
"2b6c68ca-63d7-544f-8fa8-93ebb161bbd6","chain_node:v2_1309ebb406557e820e974bbaae793ef12fea055d","一体化合同物流服务","","ChainNode"
"2b6dccb2-c684-5054-8ba8-162b52571437","chain_node:v2_293d3a0c04df4efd3754cac93a33c0220e361ead","纤维增强PEEK复合料","","ChainNode"
"2b75a70e-8334-5be8-956a-5624e3036988","chain_node:v2_547019a2bd9860da0f2e909c59cf211112da19bd","磷酸一铵与磷酸二铵","","ChainNode"
"2b781b5e-8981-56c8-8e8c-8c095ac45787","chain_node:v2_1c52eed86672a023f81ba0e9b57d893910b7727f","导航卫星平台","","ChainNode"
"2b79222b-779d-5609-bf05-b105c544fa4a","industry_chain:beverage_products","饮料产品产业链","饮料制造产业链","IndustryChain"
"2b800806-5925-5d23-8fac-89317dcc66f5","industry_chain:car_t_cell_therapies","CAR-T细胞治疗产业链","CAR-T细胞疗法产业链","IndustryChain"
"2b89800a-945b-532f-90b6-d07fe005c9b8","chain_node:v2_05ebad5630e047ea5003f763b0021ca9c6ab7fb5","保险理赔服务","","ChainNode"
"2b979408-c32c-5e10-8f64-9a1fabeabccc","chain_node:v2_a41e2819f57a245bf3b1c869a549c5f407fb539c","非贵金属饰品材料","","ChainNode"
"2ba71362-04bb-5cf5-99cd-400eadc21a66","industry_chain:industrial_robots","工业机器人产业链","","IndustryChain"
"2bae963d-05e4-5a03-b2b1-6ac161f2ee13","industry:sw:workbook_snapshot_v1:360308","定制家居","","Industry"
"2be36f54-f5cb-57e9-a7eb-f8ec67f95194","industry:sw:workbook_snapshot_v1:110502","粮油加工","","Industry"
"2c08c807-6321-5e56-b52b-17bf2a094764","industry:sw:workbook_snapshot_v1:420000","交通运输","","Industry"
"2c0fde9c-92ec-5f9b-9385-478ae92a5f00","chain_node:v2_0ebfa7c2f52c3ec779c48762d40570c31cdfde56","光伏金刚线切片机","","ChainNode"
"2c14c920-5803-5797-afdb-6e1b4ac04a0a","chain_node:v1_3228884a7fdb9280faeb4fce0a9a9f6322423d62","风电主轴","","ChainNode"
"2c1cb332-aa8c-5b2a-a485-d6bbfc7de311","chain_node:v2_ef593748c2072a9aefad468bab258ba57254809f","宠物干粮挤压膨化服务","","ChainNode"
"2c1f9095-7aaa-551b-9057-2fadd1de3cb9","concept:master_v1_86a28d88f00704e5","WiFi","","Concept"
"2c2ae9a0-8b72-5e50-af0b-aa395f7f9caa","chain_node:v2_fdc6c68afa9f102196c6b039fde1c4dab034bbc0","PEEK基础树脂","","ChainNode"
"2c319677-2172-539d-afb7-97101508a500","chain_node:v1_a49777a01f5d362c7e4d500f2f19f651a9d1719b","汽车转向系统","","ChainNode"
"2c3f7230-2d0a-5dba-af47-5fcf0d9c2ccd","industry:sw:workbook_snapshot_v1:770302","医美服务","","Industry"
"2c4b0998-f489-5645-8cd0-dd9fdc213f94","industry:sw:workbook_snapshot_v1:740101","动力煤","","Industry"
"2c5ce5f2-8057-51f3-b901-9d0ca4e1a338","chain_node:v2_011f4576ddfabe8b2673fb3f2d2968d9b9335a10","RV减速器精密齿轮","","ChainNode"
"2c782ceb-df63-5232-8e5f-e0899e0c1e49","chain_node:v2_a7fa6b603ffbfaf24a3c5bf3009a5bb1c0643e41","动车组检修服务","","ChainNode"
"2caa014e-fc20-5358-80f5-c16b70652603","chain_node:v2_07fe303a2f0389807af24e24623a3aa1e8c95cae","血液制品批签发服务","","ChainNode"
"2caa9274-d4ef-5ea6-b8e4-077cb6d64407","chain_node:v1_d38c0e8f2b103693ccc4da73c3ac70c00b800f3d","钾肥","","ChainNode"
"2cad4751-e44b-5577-be90-f97452da34b7","industry_chain:lithium_battery_manufacturing_equipment","锂电池制造设备产业链","锂电专用设备产业链","IndustryChain"
"2cb6d14c-7666-5c82-a5cb-18995dfaf166","industry_chain:integrated_packaging_solutions","综合包装解决方案产业链","","IndustryChain"
"2cbddec6-dd13-5f12-899c-7627c9762830","industry_chain:veterinary_medicines","兽用药品产业链","动物保健产业链","IndustryChain"
"2cc845d1-a6ed-55a2-be83-29b89fd0c3b7","chain_node:v2_0af27c8e228ee5ea1c4d770403368c43442cd5af","钴电积工序","","ChainNode"
"2cdcc2e9-ba86-5ce5-b473-5b11771b25ed","industry:sw:workbook_snapshot_v1:330302","清洁小家电","","Industry"
"2cdd7276-54e1-5c3f-ae10-6b5aa6d01990","industry_chain:railway_infrastructure_construction","铁路基础设施建设产业链","铁路基建产业链","IndustryChain"
"2cea5b35-008e-5be0-8e08-0a46e6582248","industry_chain:optical_fibers","通信光纤产业链","光纤产业链","IndustryChain"
"2d3671e9-bd0c-5944-9d1d-375079435970","industry_chain:cement_kiln_refractory_materials","水泥窑耐火材料产业链","","IndustryChain"
"2d4b44d3-2c7e-5d08-9311-2c563210b90d","chain_node:v2_1fc09000f4f01ce5f9668129e6c97eae49885983","纺织机械控制器","","ChainNode"
"2d4da86e-596d-5ce2-b73b-1e4133ec92a1","chain_node:v2_a3a094ca9a525e87d1e1af441b562621c68a5ba7","超超临界发电机","","ChainNode"
"2d5613e6-35dc-521d-8cf5-799169ec6196","chain_node:v2_d69be9ee2d2dd427b934b7eb6afeb5d129fe3887","造纸化学品","","ChainNode"
"2d652b53-6971-55b7-8a97-fbf567f99da0","chain_node:v2_6a168c575d0599f13ac935d7b67c83cb8d7db874","电流传感器","","ChainNode"
"2d8463c9-08c2-52f8-a47a-a2d0f6a4e6a9","chain_node:v2_d62a7f97e9e24e1a6ac4cd23b41c736e940d3cd2","专业连锁售后服务","","ChainNode"
"2d8ecbc1-f93d-5c7d-92bd-032d06f06058","industry:sw:workbook_snapshot_v1:360500","文娱用品","","Industry"
"2dc89efd-f7f0-50a0-895e-937bd879f9a5","chain_node:v2_dd227577355866b51944cfaacfbc461ef0eb5efd","织造服务","","ChainNode"
"2dd69b3a-6b25-5532-9e4f-f4070c30f48a","chain_node:v2_4938d5894e6a7c9819b250c2bff8c361b91412e2","HJT光伏组件","","ChainNode"
"2de4ad77-7785-5e1d-bb3f-e4afaf43e7e9","chain_node:v2_94681c103ea8fe341b050dfecbacba7e61bbabea","医药商业采购服务","","ChainNode"
"2dea1e85-4eb6-59e6-8d56-388374e3fec1","industry_chain:modified_plastics","改性塑料产业链","","IndustryChain"
"2e3dfa28-4950-5192-a46b-5342478be9b9","chain_node:v2_a53d1889d97f801a2ceaf26aa47b42b5d5c84dab","肝素粗品","","ChainNode"
"2e474204-e21c-5381-9cdf-61d062345240","chain_node:v1_86e712acff78e4c00f236d764d62f22ba7db9dea","炼油化工","","ChainNode"
"2e574e21-acbf-5613-b465-97b5a0027cb9","chain_node:v2_28246b45ae2d8a530ec5085cd1a9c566bb0ff94d","数据中心交换机","","ChainNode"
"2e65954b-1097-55f8-a2b9-0309b74e1bdd","industry_chain:carbon_black","炭黑产业链","","IndustryChain"
"2e687bf6-e593-5cf2-9f91-1fafff7e6c53","chain_node:v2_65b25b51bbc251e9bb642f66790ead4b91c99d07","SiC MOSFET功率器件","","ChainNode"
"2e6cccf4-1a30-583c-a556-6778b7639ac4","chain_node:v2_c785f21af909b93228da6be740090c0dc0355ccf","机械表机芯","","ChainNode"
"2e918ccc-1159-5257-896e-58f921d33b49","industry:sw:workbook_snapshot_v1:410102","水力发电","","Industry"
"2e94079a-c1f8-5f81-9a16-b1968bdb3d1f","chain_node:v2_f88bf3a3f1bb84d5035f6093f45f8498f6efc653","机器学习流水线编排系统","","ChainNode"
"2e99ba6d-e2aa-5be3-8f11-208c4649d96e","industry:sw:workbook_snapshot_v1:360205","纸包装","","Industry"
"2ea4b211-69fc-5d62-9f0b-805fdbbde0b7","industry_chain:vocational_education_services","职业教育服务产业链","职业技能培训产业链","IndustryChain"
"2ea88a03-1045-57df-a7bb-67d4e4ba54ae","industry_chain:theme_park_and_manmade_attraction_operations","主题公园及人工景区运营服务产业链","人工景区运营服务产业链","IndustryChain"
"2eb298f0-961d-5c73-ad9c-b7d463911d70","chain_node:v1_fef1c9e414b55a19c93e5c805a9a62a05bb60831","电能综合服务","","ChainNode"
"2ec27a7d-a0e7-5e54-abf4-dc1047e346cc","chain_node:v2_657839e1b61b0107e67aa7eca06d8438d49b73ae","多租户SaaS应用研发服务","","ChainNode"
"2edbbc83-22f5-577b-996d-23c9f5cf6395","chain_node:v1_dde7f973f79bd67fc8f966fb5f4b315078fa736c","机场运营","机场","ChainNode"
"2eef8f19-a9a9-537a-a95a-aaf34f9a28f4","industry_chain:high_speed_rail_traction_power_supply","高速铁路牵引供电系统产业链","","IndustryChain"
"2ef452e0-7bd8-528e-8824-1d4575ebc537","chain_node:v2_df1748d36e72d23de39f66a4fedb5d42319067b2","粘胶短纤","","ChainNode"
"2efb26cc-5950-58fc-8e23-85671e261484","chain_node:v2_afb76dd5b95c31b8d07cd5a6ec90716632c198f9","医护专业服务","","ChainNode"
"2f023aaa-91c1-5ca0-aa19-0a915ed40bb7","industry:sw:workbook_snapshot_v1:330201","彩电","","Industry"
"2f15e397-7666-5310-a01e-2df28f5af234","chain_node:v1_8304b7b3266c21cafdc5ec1ac242f7bfbfc03ab6","氮化镓","","ChainNode"
"2f175c24-7d39-5e9b-96d9-96d70bca64a0","chain_node:v2_1f15cd9a41aff61901566541670c45d18dc63c7f","充电运营平台","","ChainNode"
"2f34a504-bb9d-535b-b6ed-f86ac36bf1ef","chain_node:v2_a318903324b57e785db9419aec0e63f46506388e","门户内容推荐系统","","ChainNode"
"2f54384e-52e9-57bb-bd1a-32cfd3e77208","chain_node:v2_f52422586d74dd9a1da2b009a3678116c81841ca","工业相机","","ChainNode"
"2f6199d6-e01f-5fc3-9e35-43113d25fdcb","chain_node:v2_3ab3a74b655199e6d6a853c545502b303f4b6083","智能音箱无线通信模组","","ChainNode"
"2f69c5bd-199d-5761-ad99-0b08445861e6","chain_node:v2_d895955ae6bcbf2370c5d7228547a2e2c6656c9f","货运仓站基础设施","","ChainNode"
"2f71d1e7-e5db-524f-adef-5cb1e66bc897","chain_node:v1_36ed67e867e79dd55f4572ae78816cb56413cfc1","品牌营销咨询服务","","ChainNode"
"2f8330cb-7b1e-5ca8-b919-d8fe49c5dc96","chain_node:v2_d3ee3e125b99172b5e2112057f60cb478c64eb00","采购质量验收服务","","ChainNode"
"2fb41674-3f71-591b-9893-fcbe9da9d75b","chain_node:v2_e886fd77d6f7eda536d9c4c5afb66f91945940e6","综合安防管理平台","","ChainNode"
"2fc0de40-d0cb-5cf0-8103-6d5a4f4c13b8","chain_node:v2_526660d585a699333cc29b127d8679ad384c629a","本地生活服务平台","","ChainNode"
"2fd0e7d7-7273-5b86-8433-48bf39cecca7","chain_node:v2_a4bd2403fad7315a0e7902bef3ba5b2514385b01","媒介采购服务","","ChainNode"
"2fd26315-54b2-53be-a358-f72aef9c6f56","industry_chain:polyester_fibers","涤纶纤维产业链","涤纶产业链","IndustryChain"
"2fd9970d-1e88-5b8d-a832-5dcf8f2035f3","chain_node:v2_5578f664ca9732090a42af037102f9835a493844","医学诊断试剂","","ChainNode"
"2fde1ef5-3e3c-54c2-8eeb-f4576fd26116","chain_node:v1_4d2702ff56744620119939de1d01ffc238594999","城市轨道交通运营服务","","ChainNode"
"300dd617-ce1e-5e04-b54b-b465c7069141","chain_node:v2_2fed3623dd72dd2713bf633705d4ff862d8ba0cf","医疗废物高温蒸汽灭菌处置服务","","ChainNode"
"3017a257-a097-5812-9e29-1c95330e81b8","industry:sw:workbook_snapshot_v1:410106","光伏发电","","Industry"
"3018782f-b9f6-55ce-a94b-838a20f5f233","industry_chain:extended_reality_devices_and_services","扩展现实设备及服务产业链","","IndustryChain"
"304c264a-7d7d-5bde-9e15-1d3a9ddf8d7a","chain_node:v2_5074364fb63c0a081d8f9c9c42a52f385aa4bafb","模型训练服务","","ChainNode"
"30608683-18e1-506c-b3ab-4f2a5907ef8e","chain_node:v2_7998d3869b032656812324ae5bb2bcd335e88573","煤炭采掘设备","","ChainNode"
"308e5349-e97e-5192-b7f4-7cc992a766c0","chain_node:v2_62f4e7cc09f4720aaf0d6b4fdddbf91a72d3b65e","聚醇还原与分散剂","","ChainNode"
"309116d4-92f2-5338-a9d9-75320931de65","industry_chain:civil_transport_aircraft","民用运输飞机产业链","","IndustryChain"
"309966e2-21c6-5aed-b698-d9e4c05f3f42","chain_node:v2_1e3818ce7632724b3226e9dd7c05b5a90fb6daf8","Wi-Fi 6芯片","","ChainNode"
"30adc15b-73fe-5170-aa3b-493c327e1899","chain_node:v2_4f7c8090a978d0fafdd8ab6ad4232e065ff81710","模型监控治理系统","","ChainNode"
"30c13ffc-28d5-5533-a774-8218c653f58a","chain_node:v2_75642f133c83f1642f25ffcbd02d9a4948d13f9b","晶圆键合设备","","ChainNode"
"30cf0465-0f24-5939-b75c-d080db310cf3","chain_node:v2_7f748f0d5a6f34a86a3d6eea24ad2b91b1b59f5d","非学历培训测评认证服务","","ChainNode"
"30ef97b3-1a0b-5921-9e14-4cadb3e7b3cf","chain_node:v2_0b2c3d569b728c82112e4298f8e3dd14583a13b5","纸制文具装订材料","","ChainNode"
"30f485f9-2039-5fae-a0f3-6e633901b403","concept:master_v1_da6da1f452c5bdcb","水利","","Concept"
"30fb6d86-6d1d-55a3-b553-59ef4cbc27ab","chain_node:v2_01a2aa00df7b3a4a3c2503586e3c5b2159d9c95b","粮食运输服务","","ChainNode"
"311e502c-9069-5beb-9e39-8a9869b3a4ff","chain_node:v2_782a0a0aedeb5aca0702419bbd1c6724f86f7abe","高速公路养护服务","","ChainNode"
"312a84a3-671f-5dfb-9aea-f6413a52fe02","chain_node:v2_d3c5d8e7865a7b1f12f0bc8cd15d3d0a6d2463c4","行业软件实施集成服务","","ChainNode"
"31361a61-a1d2-5b23-ad4a-d233c1c10380","concept:master_v1_94b67ec22c3479d1","军工装备","","Concept"
"314aef5f-dfc9-59fc-8a5f-ccc079bc0c25","industry:sw:workbook_snapshot_v1:640601","工程机械整机","","Industry"
"31784605-336a-5edf-99ca-e821b7305b72","chain_node:v2_a655f0852ddde228380f0ebb872799c06c92d916","在线教学平台","","ChainNode"
"31791e11-7940-504b-8ae1-939dfbc5d620","industry:sw:workbook_snapshot_v1:760100","环境治理","环境治理服务","Industry"
"317fd074-f73d-5ac1-8ee8-439507b0ed03","chain_node:v2_15605d044b2fafb8fd4767f2b3bad30da294e745","加热烟具","","ChainNode"
"317fe348-f750-51c8-8df3-0ae108723f3f","industry:sw:workbook_snapshot_v1:110200","渔业","","Industry"
"3187691a-f0bc-556a-8e63-ae98760c2cc9","chain_node:v2_33e97706a2435097b4541f4cebbcf5f8fd73d867","服装零售服务","","ChainNode"
"31879624-62d8-5950-86b9-a1c49d336579","industry_chain:cemented_carbide_cutting_tools","硬质合金刀具产业链","","IndustryChain"
"31915d1b-44de-5d4e-a4ef-7a343b110c4c","chain_node:v1_c738607c0e86d332433ed0843855a9fa6a1199f2","啤酒","啤酒概念","ChainNode"
"31b6eee1-f838-56df-967b-cc875d240a4e","chain_node:v2_99cf0ab1f77cfcf8f6b636f3bbd0be883800ddf6","诊断报告信息系统","","ChainNode"
"31b794c4-4e29-582c-9982-494658be941e","chain_node:v2_f6fe1a4db1227c0a5029bde43bf2b1a7f17ff2a9","服务器冷板","","ChainNode"
"31c42567-6294-57ba-83c5-a43cd6c0c0f1","chain_node:v2_7f19f5a149bc5f9b5c6fa6c283d63b3c3646545c","风电叶片夹芯材料","","ChainNode"
"31e1cafb-2834-5b10-927a-0708432a36e5","industry_chain:consumer_electronics_sapphire_components","消费电子蓝宝石部件产业链","","IndustryChain"
"31e87364-9455-57ac-9cff-023095891ec5","chain_node:v1_75033dbf2b7bc7d1023a068467c9b7fe0ab601e7","生物特征身份核验服务","","ChainNode"
"31eba7eb-b1d9-5083-adb4-7b3a39807b8f","chain_node:v2_814cfb65caaffc4b7f0446d29fddc87a9480ef37","增材制造零件","","ChainNode"
"31ee7434-a666-56d8-8177-cd8e374877f2","chain_node:v2_2a9cc17cc2979366f2187cf07abc1516fb68c0d4","电动摩托车驱动电机","","ChainNode"
"31f19e9d-884e-5356-881b-0688c29a4416","industry:sw:workbook_snapshot_v1:650301","地面兵装Ⅲ","","Industry"
"321424b4-94cc-5743-bcf4-b67486399fed","chain_node:v2_d54ebef9bad8253fde0dad710ec45d821d0ebb15","光伏扩散炉温控系统","","ChainNode"
"32201b52-d760-5807-a516-8c4d48feccfc","chain_node:v2_ce34fa3a1fe190f89c7da231f4441045ba7f1048","游戏本地化服务","","ChainNode"
"32221ecb-17cf-553d-982c-368ce0a518e3","chain_node:v2_b157974ce9cca96933ad57dfaa6a3998386b3395","景区票务库存服务","","ChainNode"
"32264588-5ecf-571b-83fe-518feaf461d9","chain_node:v1_2a0a48f2018f42364135dd76b606564f06b2a527","风电机组发电机","","ChainNode"
"322a090f-0376-5fef-a3f7-b91f5558a085","chain_node:v1_0be61bc045f19d7ca51000c80d670850f7808f9b","氮肥","","ChainNode"
"323df659-d598-579e-a227-5e182a2927d1","chain_node:v2_b14090af2e61bf7f90a82f12a18957e21aa33a61","玻璃纤维纱","","ChainNode"
"324df414-6bfd-5080-a006-d22488f2e756","chain_node:v2_dd28c988722b154d0eb5be974826c317e2a123a8","供应链信息系统","","ChainNode"
"3258365a-976e-5cf1-b1bc-f4d0186cba63","chain_node:v2_54138ca5f618f3378abd74bce054c225cc579a8a","湿法冶金回收服务","","ChainNode"
"326290c0-1f18-5dd5-868d-38c0bab61817","chain_node:v1_af32e0a0941e10a30d8191e1a91d45c4206299d3","油品石化贸易","","ChainNode"
"32716747-e1e8-5ddd-abcf-a481bbff0a8a","chain_node:v2_73c5a6b40d635c751e709ba315cfc3e19f01d483","航天发射任务服务","","ChainNode"
"32771e29-78d7-5cf8-b9c7-2dd8d19d1b73","chain_node:v2_7db1a162dfca3d1cc474696c4838b35ee167a041","产业园规划设计服务","","ChainNode"
"327b5ac0-3e6d-5937-a703-869947db5903","chain_node:v2_34c3e71397397bd77ea77240d62a4a1135a86dee","青蒿干叶原料","","ChainNode"
"32907b6b-ae89-5c3d-8706-96ffe685b3fb","industry_chain:automotive_interior_components","汽车内饰件产业链","","IndustryChain"
"3291de62-6767-5518-9cdc-0d3dfbf3ff19","industry_chain:industrial_robot_precision_reducers","工业机器人精密减速器产业链","","IndustryChain"
"3293ee6a-0c4f-51f5-9d73-768e19dca9a0","chain_node:v1_cbe1e44a37717220a708af9319c91a64528fba41","航空电子系统","","ChainNode"
"329fe3d7-3d26-5c3e-907a-1fb3748c8614","chain_node:v2_9884f2c05e1828542d6b95e79841608851cd57b9","主题公园运营服务","","ChainNode"
"32b90c7c-b105-5508-bd66-f15fcd462aa2","chain_node:v1_a1f42af55c49feba46666be883c32635ed6dfa61","疫苗","","ChainNode"
"32b94760-5e03-5a14-af89-4e4485fa6fcf","chain_node:v1_473f2ca86ae7140c2ba59de714661fe1e1c09479","空气能热泵","","ChainNode"
"32c88eb1-abc6-5671-9dab-259220c809e9","chain_node:v2_cea6564b5a86f92304555547fffbc0b4bc8e2dc4","放射性污染去污处置工程服务","","ChainNode"
"32d33e69-2820-5248-9513-30e620c8a920","chain_node:v2_34b149b86b3e94a98fb7347499ee4411572428e1","水利工程水泥钢材","","ChainNode"
"32fd2382-e042-506f-bd5e-34bb4c8f86b1","chain_node:v2_fbf30e85dd8a96de2fea3932fb667581d40aea79","无线充电接收线圈","","ChainNode"
"330ca57b-a22f-5912-ac88-190d1a5ecac9","chain_node:v2_6b76cf2631ad4f9871e556c90d1907255d06a579","燃煤火力发电厂基础设施","","ChainNode"
"332cb6ca-b587-5a6b-9ae6-ea78704ae118","chain_node:v2_41d0340ea4d058b60812d69fd4dbd3d171cac0c2","并表风险管理平台","","ChainNode"
"3332dd6b-7300-5b47-a00d-c8a565147b7c","chain_node:v1_5a1061d60dfc21c3c8a24b22e95acfd684f2b3eb","采购执行服务","","ChainNode"
"334b0451-60c9-5196-b5f1-52c841f28818","chain_node:v2_0e3863d86e952a14e64e91cc34c4ff8fb79c7596","数字阅读分发平台","","ChainNode"
"33576e49-feea-5813-ac91-b2db7007f591","chain_node:v2_f375374030956b713b9b188d3547051836d2e2af","星闪基带射频芯片","","ChainNode"
"3369b8fd-d801-540a-a4b4-72001322ca61","industry_chain:travel_retail_services","旅游零售服务产业链","","IndustryChain"
"3369f359-7056-55c1-b385-d363c64e8c3c","industry:sw:workbook_snapshot_v1:350107","纺织鞋类制造","","Industry"
"336e8b0e-5a98-5595-ad51-6472057dee47","chain_node:v1_39a925de85db43b573cb0ad88e44877e7bf476e9","垃圾分类","","ChainNode"
"337134df-e3aa-5dfd-a54d-34735ade0da0","chain_node:v1_e983216c683fe26d560f68905017dbef988c7064","快递","快递概念","ChainNode"
"3374b4ad-f297-52b8-9a18-b3f55019a4af","industry_chain:human_resources_services","人力资源服务产业链","","IndustryChain"
"33831236-d8f9-5f77-99fb-34d9aba4276c","industry:sw:workbook_snapshot_v1:650100","航天装备Ⅱ","","Industry"
"338c01e9-f152-581c-a876-451cb68490da","chain_node:v2_8fd75e5a69a5e938f496317d175426a3c8af7a30","XR应用服务","","ChainNode"
"3390b873-e66a-52e0-ad77-d3ffee2d483e","industry:sw:workbook_snapshot_v1:720401","游戏Ⅲ","","Industry"
"33aaa0f5-daeb-576a-a2ad-0c6091361c4c","industry_chain:diamond_wire_slicing_machines","金刚线切片机产业链","","IndustryChain"
"33ab4d06-68aa-5606-af19-95ad0f12bc99","concept:master_v1_514cc9ede9175bb3","节能环保","","Concept"
"33b40610-b242-5ef2-9228-c708e33e45bc","chain_node:v1_71a72899598806af784a2e21aa3f1272e5f9e5c0","印刷油墨","","ChainNode"
"33c44d3c-36a5-524d-817d-2f3d1cad89fd","chain_node:v2_e90d0bb79f30cb4161029584b667b43ad41e5897","光刻测量控制系统","","ChainNode"
"33c727a1-6490-51b3-a428-5d8870663e52","industry:sw:workbook_snapshot_v1:110000","农林牧渔","","Industry"
"33cc0ef5-24a1-5be0-a50a-4182eed6b3cf","industry_chain:ai_smartphones","AI智能手机产业链","AI手机产业链","IndustryChain"
"33e723d8-80f8-50a9-8bb0-ee460c71da17","chain_node:v2_35fdb755f12cb384e4e5356ed55ba9057ba1a942","棉坯布","","ChainNode"
"33eab9f0-2e05-5eb4-ba2f-080920240268","industry_chain:toll_expressway_operations","收费高速公路运营服务产业链","高速公路运营产业链","IndustryChain"
"33ec0d49-0c13-5663-9a27-941eb0a5bb0d","industry:sw:workbook_snapshot_v1:720500","广告营销","","Industry"
"33f82b09-f0ed-53e2-8f6d-14974bc3859f","chain_node:v2_0d0aaadd2dd93bf3710946165a0fbbf6d0068565","玉米种植服务","","ChainNode"
"33fa0b87-f8eb-5173-b9e0-1d38eee66b27","chain_node:v2_af2e7d2fcbed38432c26513c68ef7201121921ea","医院药店温控药品配送服务","","ChainNode"
"33fc9b39-c15e-5c93-a99b-24c17fdd37f6","chain_node:v2_251e028d37b48c502f0c8644498adf4269b1644d","低碳粗钢","","ChainNode"
"3400ea85-6283-5fa2-b9a0-ca834f580825","chain_node:v2_9b7a35409a2c3bc65cebb96f1b6b714be91eb57e","血氧模拟前端芯片","","ChainNode"
"3418dc52-8c0d-57e3-b927-3ff8a8ca16e5","industry:sw:workbook_snapshot_v1:420803","中间产品及消费品供应链服务","","Industry"
"341e4ecb-6a03-5394-817b-19de161c6d6a","industry_chain:writing_instruments","书写工具产业链","","IndustryChain"
"342c59f9-73a8-56d8-ae53-143f5039da74","industry_chain:digital_tax_and_finance_services","财税数字化服务产业链","","IndustryChain"
"34303ef3-cb22-5138-a18a-6bae70e99004","chain_node:v2_26b6e326c685dd5c282d3ba86a1c23158c07c895","环境修复工程服务","","ChainNode"
"3444f672-ac38-51f0-a074-22fc76a7a652","industry_chain:district_heating_services","城镇集中供热服务产业链","热力服务产业链","IndustryChain"
"345865a9-4d2c-5fac-bc6f-e12132f12ec9","chain_node:v2_05acaa79ff1e2fa439e2bd62f02ec16f06a4d161","景区票务与游客管理平台","","ChainNode"
"346caf34-840e-54b2-811b-646b9a1143c4","chain_node:v1_792170d54567db9da11603df8aef3a0caad5db20","电力工程总承包服务","","ChainNode"
"348ffa40-2814-52bd-b393-019ddabc4f20","chain_node:v2_f0358ba71d17d0571fcbd44a3106e323f7d71080","洗碗机加热器","","ChainNode"
"34a8d9af-6aaf-5439-9129-48230538b650","chain_node:v2_4612ce258f70b40e1c97db645dbf001a10949c07","温室气体排放核查服务","","ChainNode"
"34a94eef-84fb-564e-af95-4c05057fc5c5","chain_node:v2_810b5f889cd3e6f07f19e6e2e5660a4be65b7256","锂电复合集流体用PET基膜","","ChainNode"
"34d3f616-7700-59ab-b0e4-403eafee519d","chain_node:v2_3dacde28daab82a61dd4a7653313c6e64989f150","共享单车运营平台","","ChainNode"
"34df8de4-8a06-57a0-95b4-b4e7ea4a448a","chain_node:v1_56a6651d509f7b7669a699d5ed4960f7ba58baad","金属钴","","ChainNode"
"34eb81fe-0ba1-5eb4-a8a3-b0108d1f5b52","chain_node:v2_51cdda73340535c1d4f2cd906d512a324f5d4a3f","双罐硝酸盐熔盐储热系统","","ChainNode"
"34ed3347-c6a4-547a-b8ea-8a5fefcca967","chain_node:v1_1ccf180f564373539657f419dd83e4ad1c9fc2a0","同步磁阻电机","","ChainNode"
"34f8633a-91a7-5e23-b1f2-1b945cc53b79","industry:sw:workbook_snapshot_v1:430302","房产租赁经纪","","Industry"
"350d6362-a64b-5a4b-afa7-1f40dd228fb7","industry_chain:industrial_machine_tools","工业母机产业链","","IndustryChain"
"351ec7b4-2cfe-54e5-a412-532fbdf3788e","chain_node:v2_6d635c71bcc7e4569cbf9d065ded2d6db55e7b67","电力工程调试验收服务","","ChainNode"
"35239f30-329e-50a2-b3f1-eca3b19cf429","chain_node:v2_b8c659544c2c6b5e26b0bdf8a0c8b61449b5ebaf","建筑钢结构构件","","ChainNode"
"355699ee-0696-50d2-87b5-d8d4c0543477","chain_node:v2_13ea72971403fedcc76d899fe9e98d646fa8a430","锂电池电极涂布服务","","ChainNode"
"3557fb43-fd0c-546a-a6b6-978a2c61a15e","chain_node:v2_a702136273691c819604832be23bf640a3cc6cdb","无缝钢管热处理服务","","ChainNode"
"3564e8d6-012a-5cf2-bebc-a540ddb12c14","chain_node:v2_141a690fe14ac069ff075e594453a36788208439","彩票发行销售服务","","ChainNode"
"357f2b8d-7bc0-550b-9c24-3aebde1e8e8b","industry_chain:lighting_equipment","照明设备产业链","","IndustryChain"
"35ce2f2d-555e-5f43-8488-8f26332daf6b","chain_node:v2_71648a0b462dc55a21250d6205f6a610e9df25f0","苯系偶氮染料中间体","","ChainNode"
"35d0cc6b-3012-5fe2-b73f-ba0dd6b59ec7","chain_node:v2_41c48f7f81ff1bdf9a0eed29fdd0a64b7f380259","音箱声学扬声器模组","","ChainNode"
"35d15995-e281-59ad-ab54-e849dd3f11a3","chain_node:v2_55e1873f2a5a8e62f96a5822d2ac7d0ce67d1e33","砂石骨料","","ChainNode"
"35e7cf41-0d9b-5530-9dfc-69eba245e5f2","chain_node:v1_cd07007408673c0e8d08fc47b1be970af04d81c0","血液制品","","ChainNode"
"3602116b-f154-5815-a3f0-a22298532992","chain_node:v2_0696d73a567f81f33c16f2baef7b70797f57875c","焦炉炼焦服务","","ChainNode"
"3602a9a1-3d94-51e1-9c1d-c302b79f0a37","industry:sw:workbook_snapshot_v1:760104","综合环境治理","","Industry"
"360ab5a4-6f3a-5840-aa18-08c46cc6f9eb","industry_chain:restaurant_services","餐饮服务产业链","餐饮产业链","IndustryChain"
"360abe29-2aa5-5daf-9184-3cea9d6708a3","chain_node:v2_b62de44851e83cec17fa709d121bd62ebab8ebe1","社区团购履约服务","","ChainNode"
"36134601-4aa5-54a8-94c7-eaa98304b9e7","concept:master_v1_91aab075572729fe","海绵城市","","Concept"
"3619b657-418b-5da2-b1c3-c10109044127","industry_chain:chemical_pharmaceutical_formulations","化学药制剂产业链","","IndustryChain"
"361d8bef-d1b9-5ab6-91ef-d8a8a408aaa6","chain_node:v2_fde9df8f9c61e4bcb067ce7c4d18cfac1a8e36f8","毛豆油","","ChainNode"
"3625d4c0-2d68-516b-a12a-90306bbdd38a","chain_node:v1_ab41bf10ba919359c4a19920f928655b24fb0a78","激光雷达","","ChainNode"
"36304c0c-67cc-5a60-9688-5c1ec0c07ee5","concept:master_v1_6cca913ae1b05569","鲲鹏计算生态","华为鲲鹏","Concept"
"3631fd2c-d8e8-518b-9861-daa383c3f153","chain_node:v2_f80089868cfdd88c04fd68ac01d05be7f7d210e4","航空级芯片","","ChainNode"
"36412444-241c-5754-83e6-1345b2cfaae8","chain_node:v2_81c05289057f03c96d0b76230d3911536a407584","红光与红外LED","","ChainNode"
"364f4cfd-649b-5f93-bac5-8592398607f2","chain_node:v2_ff9d97b686678637c71bb53f58accf56208c2043","复合集流体真空镀膜设备","","ChainNode"
"36610b87-c733-56bc-bec6-a8f5636406f9","chain_node:v2_390ee551f0ced3878dc5d40e13dcc34aaa0197cb","智能计量通信系统","","ChainNode"
"3667ec7a-9134-5c6f-b805-6195cfde3ceb","chain_node:v2_58ef6866ba20a8c3ed052c1c0c9d1b63afce6d2b","盐湖卤水预处理服务","","ChainNode"
"36702f9b-8b02-5801-b6aa-f95c3131685a","industry:sw:workbook_snapshot_v1:220900","非金属材料Ⅱ","","Industry"
"3677605f-bb14-5ae7-bfb5-2bb0c6f93ac0","chain_node:v2_3447778a706dbe74efd040dbaf5aaba5e18c3a92","血液分析仪","","ChainNode"
"3688a004-df42-51b4-b6e5-cc9d8d97b4d2","chain_node:v2_f71249332c64601ba127ec3a7f8d258dc0668068","发电电动机","","ChainNode"
"36928b15-f03d-5c66-ad2c-d02b06ed2266","industry:sw:workbook_snapshot_v1:450304","商业物业经营","","Industry"
"36969487-8fbe-5958-8dc5-8005a6d3a529","chain_node:v2_14aca0b704d1f8033e99f3c8d8878ad3ce0eec3d","压水堆核岛主设备","","ChainNode"
"3699ffab-f267-5706-a548-57f79cac3562","industry_chain:nylon_fibers","锦纶纤维产业链","锦纶产业链","IndustryChain"
"36ab2a75-62c4-5a3f-ae84-f10f393831a7","concept:master_v1_b9f4948941a92462","电池技术","","Concept"
"36ae4a4e-44b0-5866-9b3c-e82bbf1bd6f9","chain_node:v2_7e98ce0c4e893549718ee17d54cd068be70a0adf","织机开口装置","","ChainNode"
"36b73b60-25b7-54ca-9b92-70872d04962d","chain_node:v2_4d5348d54a69b04685ce3e07bd4b0bafeafd7e3f","招商租赁服务","","ChainNode"
"36b9f21c-0291-5841-ac81-1109ab11f86b","industry_chain:commercial_real_estate_development_services","商业地产开发服务产业链","","IndustryChain"
"36ced105-1a2f-563c-a0f8-46940f8794af","industry:sw:workbook_snapshot_v1:710102","安防设备","","Industry"
"36e24dc5-a283-5092-b28f-b5228a078235","industry_chain:finished_home_furniture","成品家具产业链","成品家居产业链","IndustryChain"
"36e50d6b-6390-5c1f-9977-e96a96de02b3","industry_chain:municipal_waste_sorting_services","城市生活垃圾分类服务产业链","垃圾分类产业链","IndustryChain"
"36ee39f6-3863-535b-a108-880464db7aae","chain_node:v2_5980938da1922558238e331588c5b9491d51dc48","IGBT芯片设计","","ChainNode"
"36f0fcd9-a869-5c02-bc4e-818f3888a34a","chain_node:v2_a6cd4da40b8665e80abe2ee6ea71fd3bf0f9fadf","棉纱","","ChainNode"
"36f79386-ec8a-50c0-8214-a59a74d094f1","industry_chain:generative_ai_model_and_application_services","生成式人工智能模型及应用服务产业链","","IndustryChain"
"3727c9da-270e-5ba2-ab68-b93957dc5fc2","chain_node:v2_bbd1f9e47f474d79eb9988548abdd22246a5ad94","粗铅","","ChainNode"
"3728786d-8d48-534b-9b8d-74d9133174cd","chain_node:v1_a71f8d64cf2fc5fa0a4bc4dfc6762e8eafa88760","船舶导航电子系统","","ChainNode"
"3754d674-b77c-5989-8f22-4b4835020ef1","chain_node:v2_b3c0af86611dc0b87d51da8b2a4ca7ff34b5e803","显示玻璃熔制成形设备","","ChainNode"
"3754e037-72bc-5314-950f-da2ce235ef1a","industry_chain:soda_ash","纯碱产业链","","IndustryChain"
"376c9375-86bc-5db8-863d-b2aed0645010","chain_node:v2_56c5f9a8fb98b469b37ca990825b31452d172f05","废钢破碎打包服务","","ChainNode"
"3794d84f-5e74-5466-bbb6-4db83434c229","industry_chain:domestic_operating_systems","国产操作系统产业链","","IndustryChain"
"37ad9b43-3373-5ca7-86a0-85a00a3d9f43","chain_node:v2_022396526113d6467b70387990c4350a9fc4c04b","合格封装集成电路","","ChainNode"
"37b39f05-21a4-5b71-8bad-462457505d4a","chain_node:v2_1320db37777468cc16d0835b4e19ed6e19d0d82d","激光加工头","","ChainNode"
"37b52957-6711-5c08-9e8f-d23b9396cf69","industry:sw:workbook_snapshot_v1:450601","综合电商","","Industry"
"37c11f0d-996b-553c-87e5-bd356d0a4192","industry:sw:workbook_snapshot_v1:270104","数字芯片设计","","Industry"
"37f61fb8-fe82-5fc4-88ed-caf3b3ca9d1c","chain_node:v1_6ceb5bebfbb3e3d5ad02bad165226f8488840d96","医药流通服务","医药流通","ChainNode"
"38042de8-a7b8-5900-9bd8-6c42e06b8801","chain_node:v2_17c3b6051d4f4d16780d8be97b03953dde2045b2","RV减速器专用轴承","","ChainNode"
"380b6e87-4d38-580a-b28f-df6194c041a2","chain_node:v2_f7008d420c7ccaaf0e404985f7395e95b2e4590e","瓦楞纸箱","","ChainNode"
"380caedd-8e4f-58ff-8b22-ada6f7df5798","chain_node:v2_ca8a86d03e5ded9aba120c47d0cc8567e6018af2","噪声控制方案设计服务","","ChainNode"
"3815c64a-34d2-506c-8d87-9a23e82775e0","chain_node:v2_aec3375562b1b424ba0e34b3312199b86276feae","园林灌溉系统","","ChainNode"
"381b2653-0949-57de-ad12-e72427c1b89f","chain_node:v1_ecc5ca7e8b2db9c1124a520a1ccdf8b6778072e2","保健品","","ChainNode"
"3824efe5-7bf9-5003-8515-967057c76357","chain_node:v2_9cd74804f8d80016ecde8cb44be8a68fa0684835","赤藓糖醇发酵用葡萄糖","","ChainNode"
"3834f901-260f-596e-8706-23361badfd3b","industry_chain:headwear_products","帽类产品产业链","","IndustryChain"
"383ab295-380f-554d-89e4-abee92af34d7","chain_node:v1_a7a0606b4a670710c37531c5dbe3eac3e96e0514","化学原料药","化学药品原料药|原料药","ChainNode"
"384d7be1-67f6-5675-a717-6c247f318b89","industry:sw:workbook_snapshot_v1:370300","生物制品","","Industry"
"384e72e7-f265-53b3-a2b6-adb2826d3876","chain_node:v2_5de88804fc6cc788fe2017aebb8eeab53400c4a2","陆上风电场基础设施","","ChainNode"
"384f8f00-f5d5-55a1-9b55-f57245a5138b","chain_node:v2_19f3637c2c55bf166ec03fbbfdd24660718a4801","IPv6网络运维服务","","ChainNode"
"3851cda4-854e-55c3-b870-7962a9a21475","chain_node:v2_f8bab1600b37891ad13ca1b0395180a62b3963db","制碱用石灰石","","ChainNode"
"3861fe2f-135c-5d0f-98ff-6e4e55ebcdba","chain_node:v2_f4f88ffc144983c3b2c769c872f88a166e7c2586","基因测序试剂","","ChainNode"
"386c6990-f0b9-5355-828f-cac322e663e5","industry_chain:electric_vehicle_power_batteries","电动汽车动力电池产业链","","IndustryChain"
"388c810f-a55d-5271-98b9-9cad723ba65f","concept:master_v1_3a7bf867541f0f91","华为手机生态","华为手机","Concept"
"38b4431d-c3c9-56c4-a8c7-95a08817108b","industry_chain:industrial_refractory_materials","工业耐火材料产业链","","IndustryChain"
"38d14303-e96c-5d0e-ba5a-11ed59a60726","industry:sw:workbook_snapshot_v1:220804","钾肥","","Industry"
"38db8591-c1c2-510b-aefd-96b9575704e9","chain_node:v2_6043676153fc40620f54bcb46683df8cf8346034","环境修复监测验收服务","","ChainNode"
"38dca01b-985b-5e91-9c7e-72f69e23cb36","chain_node:v2_bccdab71267f7faa02c1958e773ec8bb261a1c69","PLC编程软件","","ChainNode"
"38e730cc-bf71-55f1-9d6f-b1db03c68528","industry_chain:cloud_gaming_services","云游戏服务产业链","","IndustryChain"
"38eb369a-33ee-54b7-82a3-8600bf45eba0","chain_node:v2_2bbcc73125415e334dec511a6c535dae296a6f33","高压快充运营服务","","ChainNode"
"3908635a-e0d8-5479-baba-2688d04adba0","industry:sw:workbook_snapshot_v1:370503","医疗耗材","","Industry"
"391792df-f646-50af-ae08-71ae10670fed","chain_node:v2_2f2ef8425ad628eb5491ea36e634b81b7d68a23e","地面应答器","","ChainNode"
"39202fac-a536-54c6-82f1-0fc4b2df1924","chain_node:v1_f57095a82c4b3660d15b6c6969b384a293941e67","噪声防治","","ChainNode"
"392416f1-bf15-5b95-80dc-eee3abbffdad","industry_chain:nucleic_acid_therapeutics","核酸药物产业链","","IndustryChain"
"392e2505-b3c6-5060-8c20-1e8cb438bdce","industry:sw:workbook_snapshot_v1:220801","氮肥","","Industry"
"394aaba0-717a-5070-a44b-232de44cc7cb","chain_node:v2_372fe27903ac3a40f295a227be80743140eac52d","电子级玻璃纤维布","","ChainNode"
"394d7974-b9cd-5dd7-8b22-75d682e31203","chain_node:v2_7147131a94e08255b62d6493c9ecb8425c05b4a8","原水计量水质监测系统","","ChainNode"
"3962288b-dead-5b52-9680-f955365d9b45","chain_node:v1_8af2a3e7606ef94979d584c9d2bf505411d4fd9e","载人飞船","","ChainNode"
"3963e3b4-e61e-5623-9245-c75fc0fc9967","industry_chain:automotive_body_accessories_and_trim","汽车车身附件及饰件产业链","","IndustryChain"
"396c96ab-8861-5c84-8cd6-815c47379114","chain_node:v2_daf23ed9076166a8f286085a7a5f75e946cde826","乘用车整车制造服务","","ChainNode"
"397dd83a-91b9-5700-b564-19594d705a70","chain_node:v2_d5a51cf2e0539f144117c3d609caba4904444db7","天然气化工原料","","ChainNode"
"3989c89a-d331-5fa7-bcf4-1e29d981d3b1","chain_node:v2_00f30519090d2099c2dabd69085dcbd4c9a1f55b","智能手环显示模组","","ChainNode"
"39a4e721-5f2a-524b-a65b-8fe03b6aa4f2","chain_node:v2_8c720a471c2b7cb8f8211e115319a198989ef9f5","社区团购商品采购服务","","ChainNode"
"39b401eb-a913-5142-a306-4b536fc156b8","chain_node:v2_dd6fbf7758094fdcb9e3a6170dc46818c7adadcb","工程监理检测工具","","ChainNode"
"39bf1e62-3766-575c-85f3-64b742b937d1","chain_node:v2_80ce539344552c4999bfcc697daa175ee7e2094d","风电叶片玻璃纤维织物","","ChainNode"
"39c4de1e-b11f-5437-9f64-1d595521db83","chain_node:v2_457c3e99148c969b542f2c179152402eeca409fe","区块链存证基础设施","","ChainNode"
"39c92c74-b2af-5c8b-ab04-66316583ba8a","chain_node:v2_4273f7b18210e3d91bb3ec485f78207eb9c58d6e","聚醚多元醇","","ChainNode"
"39ceddae-59e4-59b7-9b6e-99bf8198bd14","chain_node:v1_dff60902f1a1b5ee23f2d8a0dcad41bd2d40993a","彩票发行与销售服务","彩票|彩票概念","ChainNode"
"39d256fd-4bfb-5fdb-8ca8-8402949d0a51","industry_chain:bridge_construction_services","桥梁工程施工产业链","","IndustryChain"
"39e7167b-5dbf-5c10-8a73-872db18eb6a9","industry_chain:warehousing_and_contract_logistics","仓储与合同物流服务产业链","仓储物流服务产业链","IndustryChain"
"39f1d3bc-8685-54df-8db3-18f56cf1bb51","industry_chain:air_transport_services","航空运输服务产业链","航空运输产业链","IndustryChain"
"39f30200-777b-573c-8d86-f8f39b72184d","industry_chain:industrial_drones","工业无人机产业链","","IndustryChain"
"39f476e4-9ae4-55bd-bacb-c07d0f7021d4","chain_node:v1_108c200c66aa7e1a62e94eaf4ea69337dbe0d3a2","复合集流体","","ChainNode"
"39f827f2-5bf4-5339-9828-7de19bd451ff","chain_node:v2_f5402e55661fe29b8bc1d5729b8133e3f92448de","城市燃气调压计量服务","","ChainNode"
"3a05400f-7d45-552b-9092-63dfdf0dc87a","concept:master_v1_d3d60cf7ef21c864","裸眼3D","","Concept"
"3a0a49a1-354d-5286-af82-6ae45f081bef","chain_node:v2_ddbb5801b64b5088d444f477b9a70d6aba1268f2","液氦","","ChainNode"
"3a168d67-3fe5-5f6c-aee8-15d352fa74cd","chain_node:v2_2aecdc8a0e2fe4d95d90d8bc96c6110e842535a6","交通运力库存服务","","ChainNode"
"3a313a0b-7fb5-5d62-bcad-ca7f9e816a7d","chain_node:v2_4edd0426d9e58c69bfc74c517b562ff6ff31fde3","防晒护肤产品","","ChainNode"
"3a3b91a3-f42e-5739-b1b3-8daba3f0e32c","chain_node:v2_3e65209b866c3f12f6b0f18b39a8c890195c1018","生酱油","","ChainNode"
"3a453073-b578-5070-b923-c32283dd0977","chain_node:v2_fc91d65821962a77770a0358dfea42bbc1860847","通信工程勘察设计服务","","ChainNode"
"3a6f99d3-6d35-5317-b0d7-8b1ff86180dd","chain_node:v2_648a95720b26c46d81fba8d8e1bde1baeeeb3a5b","钢结构深化设计服务","","ChainNode"
"3a72677b-06ad-5ea0-b1c8-c4ccd7118220","chain_node:v2_6c9bc5ded88dfd5dafc8c8cc5b3d454eb1e32f88","绒毛浆","","ChainNode"
"3a744482-740a-588b-ae86-15d7d1bf760d","concept:master_v1_49e21beab19cd838","卫星互联网","","Concept"
"3a7b4412-b05e-5369-9313-ef1fdcc5ccad","industry_chain:big_data_platforms_and_services","大数据平台及服务产业链","","IndustryChain"
"3a80b6f0-b715-5e2c-8fe8-ddd41d872a87","chain_node:v2_82ffae64211d52a2cee0c25c1eafca06edb0dd3c","商品木浆","","ChainNode"
"3a979311-2b8a-5320-b955-dd59bd610c55","industry_chain:oilfield_services","油田技术服务产业链","油田服务产业链","IndustryChain"
"3aa3682a-0ae6-58c1-bdce-eaf5597b023a","chain_node:v2_78049b5546dc137504b1d24863f62da9936b7781","半导体硅片","","ChainNode"
"3ab2b83e-0845-5bdc-838f-782674c7d7ec","chain_node:v2_c6440e321b488defbcab0313ca109e4e9f83b4d2","食用菌培养基","","ChainNode"
"3abbbd0a-4b93-5b75-bee4-8ec195f12186","industry_chain:oilfield_engineering_services","油田工程技术服务产业链","油服工程产业链","IndustryChain"
"3ac17980-ea30-5d38-afb0-59e667ccf63e","chain_node:v2_dd97d03ac9f2e2f6c79ed36244a2b2e7910931d1","生成式AI基础模型","","ChainNode"
"3ac55a1b-0e92-5789-90c4-a3a2f5f582a6","chain_node:v2_7abcbe7240df52568ac93bc80d1222387d444bd9","铅酸蓄电池","","ChainNode"
"3ade8aeb-c306-5659-9934-160b94628ebd","industry_chain:hair_restoration_medical_services","毛发医疗服务产业链","毛发医疗产业链","IndustryChain"
"3af0ef66-fb32-5f35-a184-c4665af6cdc6","chain_node:v2_02f9363e0f527a7bb924a78653ce5d6e114b89d5","金融控股运营服务","","ChainNode"
"3b0b59d8-9b9b-50ce-83a4-b1e102b02a94","chain_node:v2_c3b1f49dcf947fa5c24821d45ccb47aa5d7c55ee","铁矿球团","","ChainNode"
"3b14d087-5cd1-58c7-aec6-15a6961d0ba4","industry_chain:back_contact_solar_cells","背接触太阳能电池产业链","BC电池产业链","IndustryChain"
"3b262e3f-8aa4-5e59-b315-c92c480ae9eb","industry_chain:paper_stationery_products","纸制文具产业链","","IndustryChain"
"3b2cfe46-4b45-579d-8bb8-c6ccb9677575","chain_node:v2_81d87cfcf309ca6ce3fd2a84adf251b08fc7bbc3","医疗数据标准实施服务","","ChainNode"
"3b2ed002-e5d8-56b7-8193-b738334816ac","chain_node:v2_3a978d4ed3f1beb8f00aae94675e920405ef961f","文化纸","","ChainNode"
"3b372bfe-7af9-5f4d-87bf-8193e15e6709","chain_node:v2_642bdc0db86bbcd8fbd7691e41c73222d87ff9a1","云计算基础设施","","ChainNode"
"3b83c581-05b0-5e8e-8b66-b5142e32f6c3","chain_node:v2_1bf17bd36a3a36b4aecf4fc2e52e7f71594f95f4","碳化硅功率模块","","ChainNode"
"3ba2f957-0123-5874-bf01-7faf01a208cf","industry_chain:dairy_products","乳制品产业链","乳品产业链","IndustryChain"
"3ba6d8df-0d04-5d2e-885a-dcd7a24cf5de","industry_chain:telecommunications_operator_services","电信运营服务产业链","电信运营商产业链","IndustryChain"
"3baa5431-c6b6-5905-84b4-0cea44a4406e","industry:sw:workbook_snapshot_v1:270107","集成电路封测","","Industry"
"3bb8f8f6-21d2-5fb3-ae71-8c9a9ababd51","industry:sw:workbook_snapshot_v1:240603","锂","","Industry"
"3bcec35e-8622-56f9-acc8-7503b6b84392","industry_chain:structural_steel_products","建筑钢结构产业链","钢结构产业链","IndustryChain"
"3bd75951-9135-5d8b-9cf3-002cc2fb6f75","chain_node:v2_5482b545502a04ebc37b50a7f80bcafe04dc430c","地图定位服务","","ChainNode"
"3bdb0fe0-d842-58c1-bdb5-31cf2e30af79","chain_node:v2_009b04a2f636dbbc670ec57861ca37ae9c66dd02","新能源汽车主驱逆变器","","ChainNode"
"3bdf059e-b31b-5ca3-a790-fbc004c67b6c","industry_chain:coal_to_liquids","煤制油产业链","","IndustryChain"
"3be42837-2273-5d87-8892-4ef180dc6f83","chain_node:v1_e1871d34c8666f4027e9639751fdaa1ee745ff8d","纺织服装设备","","ChainNode"
"3bf4d757-f248-50f3-8191-b81cc1de8245","chain_node:v2_61abf52362ec3f4c76032b15235aafbd75ef7ec0","LED固晶焊线封装服务","","ChainNode"
"3c01273b-3097-51d4-951a-7d7670c02099","industry_chain:industrial_flue_gas_treatment_services","工业烟气治理服务产业链","大气治理产业链","IndustryChain"
"3c174d63-d170-57f2-92a9-e50378348f0b","chain_node:v2_afd27e4edd4ad3cb49ffbee4963286df569f0a7c","游戏程序开发服务","","ChainNode"
"3c1d3d18-8f78-55d4-826c-2f7cb138d96d","industry_chain:seasoning_products","调味品产业链","","IndustryChain"
"3c1fd5c9-d173-50b9-a9a4-3a6de41b73a3","industry_chain:baked_food_products","烘焙食品产业链","","IndustryChain"
"3c39dffc-5dad-5961-98d7-b41a4629a879","chain_node:v2_e1a656bf2942253673f20bc375ce22831513d345","医疗废物收运服务","","ChainNode"
"3c56df63-d8a6-5862-b975-dc6362e10500","chain_node:v2_b5d7f7f7cb9b4309743056180352d4f5ccdefb6d","软饮料配方与灌装服务","","ChainNode"
"3c6056ca-0aef-5e95-b315-b108419f5012","chain_node:v2_fabc1ed1b9fa38b4bf621831a83112ef011ac113","工业氧化钼","","ChainNode"
"3c62adff-be6e-54b4-b484-b85249564cd4","chain_node:v2_2d0777259477a36837d29fa077b083a7db57f58e","锂电池电极片","","ChainNode"
"3c71628b-53b1-5969-a796-5bf36ed1a717","chain_node:v2_184f0599549c2edbf88c77bea855ade77b39cb99","运载火箭总装测试服务","","ChainNode"
"3c830f6d-9f35-543f-9a64-92d399832c6a","chain_node:v2_a45b14ac788339733dd01bd9b400eb8d2b198cbd","港口起重机自动控制系统","","ChainNode"
"3c8516e6-1618-5540-a449-307f2f7fb7fd","chain_node:v2_e1be55118af87541efe5471fbcd55e5f13c40329","客车车身","","ChainNode"
"3c89e98d-b330-57b1-903c-32f27c12e40f","chain_node:v2_d0243e3e26c12aece49f8a7f1b22b221044a5bb6","体外诊断产品注册检验服务","","ChainNode"
"3c955536-8fc2-54de-ac92-0d5ee34636c3","chain_node:v2_22bf660328720e51a0cb952315059f2005479d70","ArF光致产酸剂","","ChainNode"
"3ca5798f-701e-596f-9dd8-4080db2ab272","chain_node:v2_73670017d4b27af13f6de17ad23e6def40f74b13","公交能源补给服务","","ChainNode"
"3cc4f22c-d6b5-5490-972b-82cdb1847b8b","chain_node:v2_262d26e97686658d28afc14ce4e06fdb55dbf69f","塑料软包装印刷复合服务","","ChainNode"
"3cd6c52b-98ac-5911-bca8-6542a0c04a1c","chain_node:v2_60e5e91e49bcad7309d34f02eefe1a116f79b16d","运动服装功能纤维纱线","","ChainNode"
"3d0149bf-46c9-5b34-89d1-b844883ab520","industry_chain:coal_to_olefins","煤制烯烃产业链","","IndustryChain"
"3d07345f-6d18-5980-9abd-fd7a7cfcd973","concept:master_v1_eedb7d02906d910c","铁矿石","铁矿石产业","Concept"
"3d1ae4ae-3f42-55b2-9b88-b8b2e834d531","chain_node:v2_70035a5582d297420d542db34edaa9952608efc9","建筑钢筋精整加工服务","","ChainNode"
"3d1fffaa-ba06-5e99-927a-17fc402f110b","industry_chain:ophthalmic_medical_services","眼科医疗服务产业链","眼科医疗产业链","IndustryChain"
"3d4c94f4-66d0-5022-8efa-7133fd0a11fb","chain_node:v2_34db3cc2193c1b21aff5a97011f4b45e1179b314","工业电机铜绕组","","ChainNode"
"3d64e18d-0d01-5f9e-9790-43d137029253","chain_node:v1_1a10676fdbe266fce61fdacf94b1bdbff115a543","仓储物流服务","仓储物流","ChainNode"
"3d77adbd-76a5-556c-86a3-c847f1be2baa","chain_node:v2_5a2fecb895bbe3fdefd69429a9a94d53ce0f084d","激光雷达发射器","","ChainNode"
"3d850139-f44e-52ea-bf52-471a73dd7258","industry:sw:workbook_snapshot_v1:410301","燃气Ⅲ","","Industry"
"3da4575f-878f-50ac-b3f6-7f381a6a82a2","industry:sw:workbook_snapshot_v1:110100","种植业","","Industry"
"3da96f44-8f6d-5b8a-bf57-58453ef81024","chain_node:v2_f18d6a9e92788c5f6164a20dfd73039c78587b1c","涤纶预取向丝（POY）","","ChainNode"
"3ddefa39-d77f-510c-8051-586dd7797829","chain_node:v2_955c2328513d6140b9c2b0af9e5f4bab07fbcb07","特高压换流变压器","","ChainNode"
"3de4bb24-8408-5387-8945-07ae61760aac","chain_node:v2_b4736e70bdc2fff37e18f729329e162ebb967083","电烤箱加热管","","ChainNode"
"3e0878aa-b1b0-51c0-ba20-58ddf13fe5d9","industry:sw:workbook_snapshot_v1:610202","玻纤制造","","Industry"
"3e0b3e47-faa0-5fa3-97c1-bae425ffb51c","industry:sw:workbook_snapshot_v1:270108","半导体设备","","Industry"
"3e1a6d25-12dd-5b89-a2c4-82d09bdc6bd9","chain_node:v2_b1dcd3bbc5cbeb7bc2d6181d6bd57e131f602978","托管数据库平台","","ChainNode"
"3e3a85ae-e748-55fc-9f66-5900bd6e250e","industry:sw:workbook_snapshot_v1:240502","钨","","Industry"
"3e43ecef-0276-530e-b667-5b7bf6997394","chain_node:v1_6e580fbd8c8749b7d583762f7bfc0c51413c892a","医疗研发外包","","ChainNode"
"3e4a78c3-1592-5e10-b05d-d145bce379c9","chain_node:v2_75e606089b18aaab760ac9135026b0be9dc33a3d","炉衬施工维护服务","","ChainNode"
"3e63ab05-950e-54f7-94ac-b44b8a6a0b84","chain_node:v2_cf2db473537c8e42246695c6ba193d8174200043","频谱使用许可","","ChainNode"
"3e670e19-a110-5147-83e9-7ebc0f673c7c","chain_node:v2_055c14777a1f6e9409a287ae21d73dcc22a58412","异体NK起始细胞","","ChainNode"
"3e6e3154-4def-5764-80d5-02dc48260219","industry:sw:workbook_snapshot_v1:350206","家纺","","Industry"
"3e80adb7-612d-5ebd-b64f-f292c50911da","industry:sw:workbook_snapshot_v1:370602","诊断服务","","Industry"
"3e84d9b5-d113-537d-8f86-82977d29cdec","industry:sw:workbook_snapshot_v1:330400","厨卫电器","","Industry"
"3e871be3-5ddf-5938-9512-7cb9ed149171","chain_node:v2_31027e8c96d83e49baf374895ac760a947d3976e","包装纸张基材","","ChainNode"
"3e8901c1-ddfc-5eca-b05a-3e042080ebd9","chain_node:v2_763b5a6dcce652f1bafcea54d9cdec47474c0808","企业订单与库存数据","","ChainNode"
"3ea8e553-0871-573b-8adf-92b249aa12f5","industry_chain:mobile_payment_services","移动支付服务产业链","移动支付产业链","IndustryChain"
"3eec75e6-8d7c-5679-9cb7-d10679f00f08","concept:master_v1_54dfbdb1c52390e1","储能","","Concept"
"3eecdf21-66c2-5de1-9441-d76036eca16f","industry:sw:workbook_snapshot_v1:220307","民爆制品","","Industry"
"3eed67f5-3fb8-54e1-b774-b52b5af0e52e","industry_chain:humanoid_robots","人形机器人产业链","","IndustryChain"
"3ef433a5-5d09-5e09-817c-4ea8a007ff8b","concept:master_v1_38c84c801539a70f","网络安全","网络安全概念","Concept"
"3ef692d6-2bd8-523e-8a89-4fd364213ea4","chain_node:v1_4f10792a7ae9231eacd580f2053281feb8ce8303","风电整机","","ChainNode"
"3f071112-f8e2-5c9f-8612-539c6b5b9ff5","concept:master_v1_eb5f7562f3bf6f38","小红书生态","小红书","Concept"
"3f0eec13-903c-54b8-9b10-f3c3de5ad6a5","industry_chain:terahertz_devices_and_systems","太赫兹器件及系统产业链","","IndustryChain"
"3f1b2316-6dbd-54dc-8682-85c015163156","industry_chain:power_transformers","电力变压器产业链","","IndustryChain"
"3f1f96ad-2e57-5835-a939-6ce6a647e07f","industry:sw:workbook_snapshot_v1:230501","特钢Ⅲ","","Industry"
"3f212166-6f47-59e9-8be8-d6d459ae55e7","chain_node:v2_09e13476a8ffe8b0d46116de246ae77a1e53fd4d","刻蚀运动控制系统","","ChainNode"
"3f22c3ec-dcde-5131-9de5-de25a9c2c2c9","industry:sw:workbook_snapshot_v1:720602","院线","","Industry"
"3f40c988-d54b-5f77-8d7a-9e02947a271c","chain_node:v2_8f3d464b2aaca97137efa8bb155eb11bc3fb819f","星载原子钟载荷","","ChainNode"
"3f42a6c8-0aa8-5509-80ef-6b29e6af69a2","industry:sw:workbook_snapshot_v1:410100","电力","","Industry"
"3f511bc5-81f9-5f05-8e8c-58fe396d28f3","chain_node:v1_46f41cf53c6cd938e00aece7fcc522334e0a7052","高铁信号系统","","ChainNode"
"3f99498c-a116-5d71-a149-a8ae3abe8390","chain_node:v2_b0a021a074925b2f9efbc11a6dc8c4b8163a44bc","内容安全审核服务","","ChainNode"
"3fa38439-a65d-5673-af29-8b48b44dd56b","industry:sw:workbook_snapshot_v1:370604","医院","","Industry"
"3fadf2bf-0e11-545f-a5c6-d7c8f45d2af3","chain_node:v2_ebd2b8977c3ac3fc5f3dd1818b3a13e1e5de7e3d","高铁牵引系统","","ChainNode"
"3faf8611-31a0-50d3-8116-ae2ab8921af9","chain_node:v1_e3dde9f0b1ecb5d7161517b2160c7337246db16a","高速动车组","","ChainNode"
"3fb066d5-deff-5525-869e-b8f64b836b62","chain_node:v1_57cc035e1c4bf50e33754880fbaeb3605fa4e645","化肥","","ChainNode"
"3fba3245-86ac-53a5-98ab-59784f81c9b5","chain_node:v2_13295b8859da34ef40703423e72b27e89eb9bca0","城市燃气输配管网基础设施","","ChainNode"
"3fbe6459-e9ce-5995-818b-727e4ef02121","chain_node:v2_a2b66466e83ec080c9381da9a5fcb98f0a0f0fd9","物业保安服务","","ChainNode"
"3fc1f81b-c744-515c-a219-0ea5da330e48","industry_chain:synthetic_biology_products_and_services","合成生物产品及服务产业链","","IndustryChain"
"3fcc0c47-7d82-5f53-907f-a33f956f42a0","chain_node:v2_160987e9429de5b8b7405af2bfb439ef666d7d73","食品饮料灌装服务","","ChainNode"
"3fd3ad66-d35a-543c-8747-18f1bf8ef6d2","chain_node:v2_922495a65e2fea83f27d413dc60907a8fbc618ed","雨洪监测系统","","ChainNode"
"3fe2bb60-1d9e-5ece-9c6e-1248855f931c","chain_node:v2_6e15e38cdac5d9ab44f87094d5bf04af390282b1","城市轨道车辆设备","","ChainNode"
"3ff4be01-3218-545c-a7f6-d9dc75d20bf1","concept:master_v1_c9e3aa67709c4b60","汽车电子","汽车电子概念","Concept"
"3ff84f19-78aa-56b0-b2fc-1b7ff328b7a0","chain_node:v2_23f117eeeb337dac4c1c50d2c9cf1beab9e05788","硬质合金","","ChainNode"
"3ffd3e02-a0e8-5e91-b1d9-ce4c2421ac54","chain_node:v1_5df4e3a0862457d8e1992b87572cad0d793b871d","熟食","","ChainNode"
"400b2d26-f022-595d-bb05-cde6afdae18e","chain_node:v1_356deb49e4a1b97851ab036f759c929ea9525c49","钢铁管材","","ChainNode"
"40131e3e-2101-5812-9c8e-2da8d99bc741","chain_node:v2_fed6fcc021c749c53f6caa974c16d26218649254","硫化镍精矿","","ChainNode"
"401a1950-40b1-5a5f-975c-6103e1a252cd","chain_node:v2_9d8de6df27d3ac86907744c91c98acdb932e0230","可控楼宇负荷资源组合","","ChainNode"
"401b58a4-6546-560a-bbb1-68a97bd206f3","chain_node:v2_3b147905d5ac6373a59f506e65be8f8288493309","自动分拣输送设备","","ChainNode"
"40249606-56d3-5b78-8272-bbd074d1cd09","industry_chain:wind_turbine_gearboxes","风电齿轮箱产业链","","IndustryChain"
"40387a75-4132-55fa-bbb6-dd5091caecf1","chain_node:v1_de0204639b585c977a517e811ee6c49d8930e255","芯片","芯片概念","ChainNode"
"4048386b-3d77-5804-bb34-939b60a64366","chain_node:v1_5f70e98fc83b1c1c7bc4737cdff36f997c1579c3","锂矿","锂矿概念","ChainNode"
"4060f7d4-01b0-5da4-a27a-c51c7a952340","chain_node:v2_cf2253903707e164d48bf9b4f8fd951fae4f22fc","燃料电池电堆","","ChainNode"
"40668358-c101-5d94-aa2e-53e0179b37aa","industry_chain:construction_machinery","工程机械产业链","工程机械整机产业链","IndustryChain"
"4077c1d2-ff82-57d2-829a-6e3723ae4499","chain_node:v1_0b0c14f6a43c7bfd73a16ebeb30ebb289ede3a46","燃气灶","","ChainNode"
"407a8a7b-feb3-5fcd-9c4e-acbfc483aa0e","chain_node:v2_005cdc18736b836a6bc411f37e18fe208d0f53d3","柔性OLED聚酰亚胺基板","","ChainNode"
"407e2a28-1ac5-5757-8437-275f68f80135","industry_chain:supermarket_retail_services","超市零售服务产业链","超市产业链","IndustryChain"
"409c8eda-ffd7-5a5a-91d4-c6c492518b0e","chain_node:v2_91dcda5fcbd97205033ed0d1bef7458e5d474d0a","工业电机电工钢叠片","","ChainNode"
"409f7254-2e02-5413-bd7a-2b0ed1c117b1","chain_node:v2_b8117b53a4b0a0c04ff74348a39db5a51c73e55d","语音模型训练数据","","ChainNode"
"40a13e6f-2392-564c-8532-c81e1def23f1","chain_node:v1_33b7378d2e6a0283c4aeb4f875c30c3ade6d7654","VPN服务","VPN","ChainNode"
"40c13247-3d34-5b20-a7cb-5e410cce3555","chain_node:v2_eb9120551df2353aff99d994b7449dc8098984c4","国产操作系统内核与驱动","","ChainNode"
"40c1d72d-01cc-532e-87cd-4d945f983715","chain_node:v1_a1fbb04888bbef06b2cf6a927ebdf4db7369a001","人力资源服务","","ChainNode"
"40c258f7-f79e-5ace-a6d4-6b389b27291b","chain_node:v2_c1b5756867fe07dbb1663e75d0610934ac5a8bbc","卫星地面站","","ChainNode"
"40cdf723-cec3-5210-8bd1-55fc39b7fcfd","chain_node:v2_b0e09b61e4dcd4952adcf5d93fa08c30a2b60460","瓦楞纸箱制造服务","","ChainNode"
"40ec39e4-5076-59e2-a4bc-56416977dcaa","industry_chain:water_conservancy_construction","水利工程建设产业链","水利建设产业链","IndustryChain"
"40ee407c-ee65-5956-93f6-ab7158a090e7","chain_node:v2_e4b9a4f9a2abd07c16ec93c468e57c172d4e472e","垂直行业SaaS研发服务","","ChainNode"
"40f08d58-5cf2-5872-b6bf-55c0a0507ac0","industry_chain:automotive_giga_casting","汽车一体化压铸产业链","一体化压铸产业链","IndustryChain"
"40f5ff43-4bae-5e68-af5a-2186cfd04f4c","industry:sw:workbook_snapshot_v1:650201","航空装备Ⅲ","","Industry"
"41005fa1-5019-5521-850f-70d8df0791d9","industry:sw:workbook_snapshot_v1:340601","啤酒","","Industry"
"41108bdc-4691-5fce-a3e2-feab55e2e35f","chain_node:v2_6d10a56e5bb86e3cfa288449617642c43196665d","TCR-T细胞制剂","","ChainNode"
"411a0da8-9210-5cb6-bf02-b192ffe79597","chain_node:v1_4514f28c162b0a4d6ec4d55346abb40e1bcd7655","饮料制造","","ChainNode"
"411a53df-8cef-5192-872a-90973ff63c54","chain_node:v2_792f6dd8185e27ce5b77c0508456c30d0188be9f","便携式户外电源","","ChainNode"
"411c44b4-d854-51ce-82c0-8947c5621933","industry:sw:workbook_snapshot_v1:270300","光学光电子","","Industry"
"41306f42-1319-59c3-a12b-ecab997d6e97","industry_chain:consumer_electronics_lithium_batteries","消费电子锂电池产业链","","IndustryChain"
"41625c91-cb4c-55f7-89bc-9edad85416ad","chain_node:v2_43f473a2713c1983afeea50fc3a351962706569f","租赁设备资产","","ChainNode"
"418e16f0-2ea6-52cf-9254-7d755a2e8363","chain_node:v2_280f6ced1fee7b16c00b58bb191a53a3d4c59aa6","军用微波收发组件","","ChainNode"
"41926b33-6aaf-5586-ab71-9a709d2186b3","chain_node:v2_78710147433bfe05b609926de1f359ec44e4dd7e","厨房电器用电机","","ChainNode"
"41927900-8e37-5653-ab92-f6330246e8fa","chain_node:v2_30dd4eef18a742c774a7e8e07f971bf2eb2d9cc4","饮料用糖与甜味剂","","ChainNode"
"41a80020-1e83-5611-8fea-ad1db08acfed","chain_node:v2_31f57a698da1d1f4f45921eaaa16ce9688a4c766","综合安防监控系统","","ChainNode"
"41aff7ca-460f-5033-bab1-bee2cbaff81b","chain_node:v2_631ae5c03f3c46d9a5a93db057fbbd3c06dc1521","小家电电机","","ChainNode"
"41b9c9d7-80b7-535e-bbd1-bf87a19180e4","chain_node:v2_4da08c6009453918eaed37293e7a57b2e10bae6e","电子雷管","","ChainNode"
"41c28824-99b1-54bd-b62a-375e0b6d88e2","concept:master_v1_410a9712e493707b","数据要素","","Concept"
"41cec3b0-8f89-5a3b-bedd-3e59f860158a","chain_node:v1_29f742471dcedc7814c74d133c71cadf2506581b","电信运营服务","电信运营商","ChainNode"
"41d13c03-1a71-516b-912d-1e150df9f758","chain_node:v2_fc2e99fdaf85f1baa1204fcbb7fd16e63ac5807c","客户存款","","ChainNode"
"41df3a2c-7be2-54cb-b613-7c7c2c768a41","industry_chain:smart_wearable_devices","智能穿戴设备产业链","","IndustryChain"
"41f2d5e0-8a36-5a4c-b047-677a30673336","chain_node:v2_0863f9dd6bc4d0fd980aa5c223fa14a99052aac2","线上保险产品设计服务","","ChainNode"
"420d5244-4d2d-5155-ab2c-bd5e71c29b72","chain_node:v2_f3d34ee1151091d5186f770bb4e8d51f3989db8c","餐饮门店基础设施","","ChainNode"
"421cc1ee-4d51-57bd-bedd-55a5ed714f4b","industry:sw:workbook_snapshot_v1:280502","综合乘用车","","Industry"
"421cd5d7-0ee6-5c62-9dda-d6540d783b3e","chain_node:v1_fcc857bd0c50b235db393e1bba63f233ced29aa1","乘用车整车","乘用车|综合乘用车","ChainNode"
"423128c3-e3d7-5443-ab82-5d794bb76617","industry:sw:workbook_snapshot_v1:240600","能源金属","","Industry"
"4243504f-615a-5396-95fa-c6e55002507b","industry:sw:workbook_snapshot_v1:420804","快递","","Industry"
"424a98ef-4fa9-564d-8730-e57a7f4db35d","chain_node:v2_b5ce360b9f135440b3610f74a6ff5d28e5d8bfbd","钼铁冶炼服务","","ChainNode"
"425ff999-7964-5ad2-a80b-6cba218f0339","chain_node:v2_78861482718f779377baf30066ba27b561f811c6","8K超高清视频系统","","ChainNode"
"426de194-6810-577d-8419-13b9c102921f","chain_node:v2_3e4f7bf08462b417119ad1b688bb3ba2bbf40fcb","彩票游戏设计服务","","ChainNode"
"42703df1-5adc-500e-96e5-36a390f4d351","chain_node:v1_d431615c9ea4327a0812567f0b9834842b2842ad","牙科医疗服务","牙科医疗","ChainNode"
"428feabd-a086-5b4b-bf18-b90ac1e70470","chain_node:v2_c6dc29d3456ac971521e126e761fc43830b4bf2e","油品套期保值与风险管理服务","","ChainNode"
"42a6cb3c-8607-599f-a09b-b2fc0fa935ab","industry:sw:workbook_snapshot_v1:720901","教育出版","","Industry"
"42aef421-5785-5a1f-a9a4-d301eaa365f5","chain_node:v2_3248328a5f2da0dd0e5b22c39c2efed1ab2a72ee","民用飞机起落架系统","","ChainNode"
"42cd4414-9c54-58c6-8293-0b16d899fa29","chain_node:v2_b80a03b5f0d3c762a2eb55a18930c3e4af698b8d","游戏控制器按键模组","","ChainNode"
"430ac81d-0d18-5ba4-b64e-7320776897fb","chain_node:v2_1d81dd2b907558fffb21e7c80aa74299ff176801","运动服装成衣制造服务","","ChainNode"
"430fa26e-d671-5331-bf07-8c1b5af29baa","chain_node:v2_1177a0f2c71e5a393995c15ed2a0ca32171637f3","培训测评服务","","ChainNode"
"4342a941-f02b-5ced-99c7-496276ccbacf","chain_node:v2_10cf46c69e11d1d3bf8b9dab8b55a24ab54ef0aa","集成电路成品测试服务","","ChainNode"
"43508f9c-f709-5f48-9762-a75b592f0a2f","concept:master_v1_604010866801e5a5","水产","水产概念|水产品概念","Concept"
"435db309-586d-5ed5-85a6-464d5c004366","chain_node:v2_173cbfe111d7c514973dfb46b76cddfc869e52d1","船用导航雷达","","ChainNode"
"4378fb70-fc32-58ae-94c4-f2ce7c48ff41","chain_node:v2_c745809f46e065a9aa9259092f90113cca06bdda","纳米银线导电墨水","","ChainNode"
"4379b894-76d6-5c22-a95e-fa870400846a","chain_node:v1_4316120415a6b77396ee325bed1792436a56a454","智能音箱","","ChainNode"
"43846150-2786-5f16-b0bd-65ba0be9adda","chain_node:v2_2f40bef31cd10e8e0c0e370bbdde10acd9113467","石墨烯导电复合材料","","ChainNode"
"43954cab-06b4-593f-9a7f-b26e2c8d9017","chain_node:v2_e9d67000ed037434037203617addbde581498ec0","钨精矿","","ChainNode"
"43d49c15-c566-5044-8da7-007ca073a09a","industry_chain:nk_cell_therapies","NK细胞治疗产业链","NK细胞疗法产业链","IndustryChain"
"43dcb446-cb8c-52ce-82f2-05ac4c98ef97","chain_node:v2_b42dd5eed2da0c1161d8e9fef2d14122dc55d8be","智能手环电池","","ChainNode"
"43f2a2b2-960d-53a9-b1bf-619b0611b136","chain_node:v2_07a65ec021108b0b6324f2453788af6ff1317b41","持证药品采购供应服务","","ChainNode"
"44080cdd-dcd6-5f07-ae5e-7eef74788b90","chain_node:v2_db17ac3a6a3227bbd1792954df6d2c401336ca63","食用菌菌种","","ChainNode"
"4408c99d-ef74-5d48-896f-ff5b3482c849","chain_node:v2_0fc9dc77aecb1114c3a571dad4ac3db934188713","办公订书钉成型服务","","ChainNode"
"440b2c37-5f31-5807-9540-ab28b7637ce3","chain_node:v2_e7abf0b14c9ee43483537c383e96c0a3febcbfda","临床级NK细胞药物批次","","ChainNode"
"44103718-53da-5914-af63-1ea83e725222","chain_node:v2_6e5a31322c2fd1dea5c93e5901a494f47cdcfcf2","碳化硅衬底","","ChainNode"
"4435edd7-2ddb-5da4-be53-39f803256a06","industry:sw:workbook_snapshot_v1:430301","物业管理","","Industry"
"44425e94-8e2f-5895-94b6-65466b3d5646","chain_node:v2_9dc66b8d868d69730248f3bd0ba0ac8e0a786243","太阳能级多晶硅","","ChainNode"
"4451394d-4953-5aca-adaf-2ad2e763d203","industry_chain:cosmetic_products","化妆品产业链","","IndustryChain"
"445d196d-fe70-57f9-a5c9-ae8b504b51ee","chain_node:v2_2c7b57896c1e7aa41da524b886121b9e9ceb7bf9","休闲食品零售服务","","ChainNode"
"446133fa-d7c8-5c82-9319-098e8bfcf93b","concept:master_v1_1f34b906d4396f8d","盘古大模型生态","华为盘古","Concept"
"44a9b3e9-9b9f-5fa6-b488-36dbf17d0b83","chain_node:v2_a31fa3cb68e0b31707bfbbec5868d988c7bfefdd","企业IT咨询服务","","ChainNode"
"44aa9010-a5e0-50c1-9ad4-dcf7b87af5ff","chain_node:v2_e6a6a08fa2b1f8c378820c04350f9f732b9b3784","车路协同边缘计算节点","","ChainNode"
"44d4facb-b4be-52fc-998d-470e60b661dc","industry:sw:workbook_snapshot_v1:610100","水泥","","Industry"
"44e6e37f-d6f4-5198-b3fc-6f7b7d36d549","concept:master_v1_6bad825d79c44f6b","卫星导航","","Concept"
"44f3eed8-b0cd-5838-8351-c5793145691b","chain_node:v2_286bdb5ec6ce9ca60f78a0ed88601b779fd5a35d","大豆压榨加工","","ChainNode"
"44f6057d-ab82-5044-b5b9-482682114b1e","chain_node:v2_3f8f1739ad10288b3495ca15878730587883b03e","工业大麻种植服务","","ChainNode"
"450112a4-d9c2-5cbc-a5ad-b5570dbc206f","chain_node:v2_b155f5734ef1eb9c21cd92875b14635b36315640","辅助生殖用促排卵药品","","ChainNode"
"4505978a-fd6f-584b-8749-dc2d5cff79d3","chain_node:v2_b205835e9f9d0386e3281ef9cfe951fb24d32eaf","初烤烟叶","","ChainNode"
"4515bc82-2464-5240-b853-54054a856c65","industry_chain:lead_metal","铅金属产业链","","IndustryChain"
"4525b1e6-adf1-599b-bb4a-014ee6d4ca9d","chain_node:v2_e49f78a01d3c240c571bab1358d226c790167e35","涤纶织物染色服务","","ChainNode"
"4531a5a3-5b23-54fc-894b-aa4c6e494457","chain_node:v2_4656bfbb50a82705a068175c971447d4a5803739","PLC I/O模块","","ChainNode"
"4533384d-c8ce-5bd7-a84f-c769c3c3c136","chain_node:v2_1f6078bde4cb5f840812da7c5b058915a5337702","医用高分子材料","","ChainNode"
"453809ba-9649-517d-a9db-cca6751c4c8f","chain_node:v2_5ab53f380fa2e292847efa3b13cc45a14e055ce1","滑雪场运营服务","","ChainNode"
"454044b4-36e8-5ab1-9272-bd0ff9ee1fe0","chain_node:v2_cf0f7e29a6ad682650a08d270d2865c603a98931","白内障手术器械","","ChainNode"
"45480d8a-6da8-56a1-b949-3a40a7445044","chain_node:v2_6eb225e4e8d99631244ca7b4c7e09d4cb54808c2","烟气环保设备","","ChainNode"
"4553df0f-98e9-56e1-b68f-f7a2134bc6c4","chain_node:v2_d144c03a3797cc6e9615a470bed916d991e93f12","企业Wi-Fi接入点固件","","ChainNode"
"456075aa-3c99-5226-9668-9014b87d51aa","concept:master_v1_f390abf4930a40a2","信息技术应用创新","","Concept"
"45793156-8408-5fa6-bfc2-9cad793290fb","chain_node:v2_92d88d5727b8c88279617ebca6298642dbe646f9","载人飞船热防护系统","","ChainNode"
"457ddc0c-5f45-54b7-9c1a-a0ac034a3719","chain_node:v1_99afcb21d9ee581328de502aacacd6f78970edae","钼","","ChainNode"
"45a7ccd6-b754-5599-8adc-21a4dec481ce","chain_node:v2_775b8230423204ddb4b3ce0e8524a7c0156bc799","婴幼儿膳食供应服务","","ChainNode"
"45b1f120-b1ba-5daa-ac3b-7088345c5e1d","chain_node:v2_d2de7936e205fb00dde7c8702845e9abd33bebee","期货经纪服务","","ChainNode"
"45bbc989-fbbd-54fb-9eb1-f1444b73402b","chain_node:v2_2d68b5552e48f6c339a82c80b3393ade69503da7","电能计量芯片","","ChainNode"
"45c468b6-108c-5792-bce4-f7690bdd98d6","chain_node:v1_3e34cfa5be9d5fb9c579850c5e5ea6bfb179aaa8","家用电烤箱","","ChainNode"
"45cd86b9-afc1-5cf8-b75b-df2b044cfd34","industry_chain:software_as_a_service","软件即服务产业链","SaaS产业链","IndustryChain"
"45d10443-d0c9-5452-9f40-38b1e853c0c4","industry:sw:workbook_snapshot_v1:620402","化学工程","","Industry"
"45dd9a31-0c0d-5acb-b91d-18de19cc04f7","concept:master_v1_ee4549ef58e74c00","腾讯生态","腾讯","Concept"
"46157240-35b4-57e3-81c4-b9a8ab013967","industry_chain:gene_sequencing_products_and_services","基因测序产业链","","IndustryChain"
"462ca3a2-cedd-59de-ad86-1bfd10f92d04","chain_node:v2_ff91a30105ad42ac3301076cd125da27f5529453","酱油加热灌装服务","","ChainNode"
"463a6a5d-20e9-59d8-ac08-382579bb6577","industry:sw:workbook_snapshot_v1:720902","大众出版","","Industry"
"463b2f56-af8a-5a56-8e99-733995176f7f","industry_chain:commercial_vehicles","商用汽车产业链","商用车产业链","IndustryChain"
"463bb35d-6b44-5eb9-8fef-e1d23dda226d","chain_node:v2_685b5d6f6812097b06cca80c8eb407f7597eb349","土壤修复效果评估服务","","ChainNode"
"464b383f-88a6-55bd-9326-d8579435336d","chain_node:v2_c11fca0f30b58bd836bf6b83095de66a4f5f6974","光伏逆变器整机制造服务","","ChainNode"
"464f5568-4ee8-5b52-9824-0a33b6bad2b4","industry_chain:consumer_drones","消费级无人机产业链","","IndustryChain"
"465cd2d1-38d5-539f-b1f0-4b83e49b0e03","industry_chain:health_supplements","营养保健品产业链","保健品产业链","IndustryChain"
"465f6919-f0ce-5a18-9eeb-d4f15c19b103","concept:master_v1_c0c983261972fb59","安防","","Concept"
"46670976-b52e-5a3a-a99e-b0d714ef38cc","chain_node:v2_f4279003790c0890713fc70619613ac173ad9363","有机颜料","","ChainNode"
"467366d0-968d-5bbe-b3eb-f52c1d5bf36a","chain_node:v2_13777ef4379d1b59be482c1f5a56234e74c51a44","电竞赛事版权授权服务","","ChainNode"
"4675392f-9951-5c30-a7e4-cdd10f1c68e6","chain_node:v1_2c7ff2a6de38b46d718635a31117891581e73bf1","家纺","","ChainNode"
"46814937-230a-53da-a0a4-2e9f4cb3ce18","chain_node:v2_dc5aa69f5c7576b00072383b1549d9cb15ac4054","葡萄酒酿造葡萄","","ChainNode"
"46986f55-eb38-5e33-9ef7-d032598b675a","industry:sw:workbook_snapshot_v1:640208","印刷包装机械","","Industry"
"46aab17c-48c7-5419-af4d-006ed54574f9","chain_node:v2_1236cb327bd359b156bdde11822bfcee9bd10ddd","信托收益分配与清算服务","","ChainNode"
"46b4588d-3b55-51a2-955e-23aed7bc927d","chain_node:v2_c45a2e8c409f54a58a87fc06b1f9900af03618f4","镍基高温合金","","ChainNode"
"4706f5b3-bc14-5db0-a6fd-641a827eeb72","industry:sw:workbook_snapshot_v1:720705","文字媒体","","Industry"
"470c5652-d284-564e-842c-b38b20b6cf45","industry:sw:workbook_snapshot_v1:360307","成品家居","","Industry"
"47166a22-1519-5456-a555-e3ffde308bd9","chain_node:v2_db65d34b2d2924d9e4054d685755d5ca98b08978","经批准的siRNA治疗药物","","ChainNode"
"472e104f-e790-5442-8d71-d4befa9b98d8","industry:sw:workbook_snapshot_v1:640207","农用机械","","Industry"
"4731f706-0546-5846-b79f-3b4b67b507b0","industry_chain:electronic_toll_collection_systems","电子不停车收费系统产业链","ETC产业链","IndustryChain"
"47378df5-2b27-5b5a-b67e-d8c2b3b0cd68","chain_node:v2_95c2861fba797a32bcc3593150b0daa51f77b2b4","非学历培训师资服务","","ChainNode"
"473b7a4b-c8f0-5157-8950-1ec9bd50a64a","chain_node:v2_bf84bb626c9238914d1ad8b58f150ee80ec10bd7","无人零售运营软件","","ChainNode"
"475a1175-9e54-51ed-a952-731c9a96920a","chain_node:v2_3d978bf902c8b74d39145f6285f25bee397fe4f4","CPE结构件","","ChainNode"
"478a4dea-a7ad-5846-b96d-13db9ff09e4d","chain_node:v1_87a095e3c0a17ab0bbbefdb6a43f0a2ffdbf78fa","页岩气","","ChainNode"
"478c7bad-871a-5ae4-b6e5-7f226120f1f3","concept:master_v1_3fb316a26b0a29ce","社区团购","","Concept"
"47982ff6-098e-56ae-9ab6-28e28018b0c5","chain_node:v2_b09d4bffd1a9b94e5c91055b00cd39d29f999eab","工业机器人精密减速器","","ChainNode"
"479bc4ab-65da-5db8-9fb9-be7407ad3ea3","concept:master_v1_a7d4c79e12650e8a","量子科技","","Concept"
"47de2013-4d14-55be-b0e0-ae2ec72777db","chain_node:v2_8fb76a2aee1adf9c2fddfb2f0c13164243f50915","城轨铺轨服务","","ChainNode"
"47f0d1d6-2f2d-57fb-a4ce-d9e889ecea05","chain_node:v2_c01c507dd143ab3acfa69de26ed92a581211c6c0","移动应用分发平台","","ChainNode"
"4807f5d4-f4a2-5539-8925-047eb8c51480","chain_node:v2_fa9747b5be8d09cc73a5dd36f25249049954da67","特种纸功能涂布浸渍服务","","ChainNode"
"48104fa2-94d1-5cac-8931-35e9be299ddc","chain_node:v2_5297274895f250b7d1592ea55c01cce435bf79c4","电子雷管控制模块","","ChainNode"
"4812af70-1189-51e2-8f02-d6f56f676b23","chain_node:v2_29640745e16879c033c55493218527fd54a45186","数字人建模与动捕服务","","ChainNode"
"482233db-1526-5a8c-9581-4311160be394","chain_node:v2_ab3c693c9afff39849132667b513fe7eddce571d","对苯二酚","","ChainNode"
"483962cb-1baa-5a54-bb23-e338072cbfe3","chain_node:v1_fc60b7b3f857e3dfaa41b84cdd5b57465539169f","生物质能发电","","ChainNode"
"483ec3fa-f1ae-59d9-a44a-f25266e3dfdd","chain_node:v2_de9e874a27248a82476baa90b7412bb36579f7ce","城市地下给排水管网基础设施","","ChainNode"
"48432083-9fe5-5f52-9bf2-116a2fb4c2b5","chain_node:v1_a064f34de2a7b687cea0517e2a1ffe82e88faaba","普钢","","ChainNode"
"484fe001-c0a4-5a7e-b07b-661bf53fc6ca","chain_node:v1_67a3efc4b871bc9353d880481f4dcae15e3be39a","煤制甲醇","","ChainNode"
"4861b3f6-49fb-56da-a444-31d9e4340d46","chain_node:v2_d4b9c0a0a8a51fe0de4b65d4f7fccf2a81adf171","双电层超级电容器电芯制造服务","","ChainNode"
"48692e11-d127-55f1-a2b0-fc92d6cadeae","chain_node:v2_f26a447032e42b3d1bff83d7b070d29096287b2e","物业保洁服务","","ChainNode"
"488d105a-73dc-583e-be30-9bf6915ca27a","chain_node:v2_a39ce6d666fdb55c7618ebec60f2ce8276144212","C-V2X车路云协同系统","","ChainNode"
"48989d08-f8ba-5e94-8bf1-fa6dccecdd48","chain_node:v1_d9f832aadacbbff176639654190a60288a6c6281","瓷砖地板","","ChainNode"
"48b15b16-884b-569f-849e-896b507c8cf5","chain_node:v1_77b33a32ec4fb866c269416b923e4ee9a10f4c7b","机器视觉系统","机器视觉","ChainNode"
"48b47915-3e89-5cc7-b001-e190966561b9","chain_node:v2_891bc18558a97aa7dbed94cd41a361a8594a1a59","纺织设备维保服务","","ChainNode"
"48cf680b-e415-5c4f-8422-110c13aa2a9c","chain_node:v2_870d7fff01fd9e278522c3c87146f1390d9c30da","铁路轨道铺设施工服务","","ChainNode"
"48e2dacb-be0c-5f97-900c-c43c5491fec7","chain_node:v1_ae21a6176acf2568c1a443b0e0710f18c64d6332","防水材料","","ChainNode"
"48eac76b-5c74-5890-ac55-3c62faf1c2d3","chain_node:v1_16580b8e96f6920cf5c7cd9ced2931a0935ed6e8","大众出版","","ChainNode"
"491010b8-ef12-5dc0-b0b1-ea679731bd4d","chain_node:v2_0bca77bf420053c9fa2057a76cd87bf49ccdf683","光分配网络（ODN）","","ChainNode"
"491bffa1-f1fa-5970-9f29-67dbf3691d1f","industry_chain:lithium_battery_energy_storage_systems","锂电储能系统产业链","","IndustryChain"
"492bc259-6373-5553-bdc8-78e5fe545b57","chain_node:v2_fff17b01ab13c377c637aef92529b517b6ade8e4","企业软件实施集成服务","","ChainNode"
"4938257e-5fd0-54e0-964f-091ac5351d35","chain_node:v1_812d7f5e5be6aa3293f00a59bf74b11325036756","动物疫苗","","ChainNode"
"494f7134-20da-5664-965e-ec315689f113","chain_node:v2_7d8bbd6bc44972cf20510f6844c075b0453ea29c","受托投资资金","","ChainNode"
"495029ea-d304-5dfb-870f-e12c4a4fadb3","chain_node:v2_171bc192a7dc575dfc66370a63605afcf6d55b83","车载毫米波雷达","","ChainNode"
"4970e3b8-2871-533d-8f3d-41c96e578ebf","industry_chain:aesthetic_medical_services","医疗美容服务产业链","医美服务产业链","IndustryChain"
"49747cd6-28a1-5d39-93b4-4434b2c38e09","chain_node:v2_387629234571066effbabba2812dfda8383fcc34","融资资金","","ChainNode"
"4986b83b-ac7c-5a36-a26d-011f565c2c20","chain_node:v2_e30453ced0e7604b4566d10ca542b44e29b68c6d","甲醇合成工序","","ChainNode"
"49a27cb9-831f-5acf-b175-43cdf1a73ca0","industry_chain:online_pharmacy_services","医药电商服务产业链","医药电商产业链","IndustryChain"
"49c427d1-d7d5-5749-93aa-10f6a4db5259","chain_node:v1_831f6c3bdbed52010a1682c71a9e3a3a32a79556","水产饲料","","ChainNode"
"49c7f2c6-e713-500b-8433-8467ddcbcae7","chain_node:v2_20cc99a7228480a58473e9eae89bcda7c2b6f0cd","工业工程施工与调试服务","","ChainNode"
"49ff0012-0f0f-5868-9869-702af9820cfc","chain_node:v2_ed4f30693769797703e9d583882a186db4fc1430","铁矿球团生产服务","","ChainNode"
"4a0b4872-5755-512f-a20e-be8ef594ffb3","chain_node:v2_48691d208803789a7be97e9168cd563b074e56b4","扬声器单元","","ChainNode"
"4a14a8f8-f5d9-5ddd-a868-121d5b7d7949","chain_node:v2_441642a7109f18b9650c3a957ab49e212ce308ac","轮毂电机控制器","","ChainNode"
"4a16100c-27a6-5485-bd8f-0a10cae48b9f","industry:sw:workbook_snapshot_v1:280205","其他汽车零部件","","Industry"
"4a1da300-d897-55cb-aa1a-3164883285d7","chain_node:v2_55aa820a73b7ea7f7008d160cd6fa020b1b35a5e","永磁直驱发电机制造测试服务","","ChainNode"
"4a22e5d5-3b1e-5acf-a83c-03b444dcc7a8","industry_chain:urban_rail_transit_operations","城市轨道交通运营服务产业链","","IndustryChain"
"4a593dc5-0621-5e9c-84b9-da5552b8c3fe","chain_node:v2_f4267866dd7646769ec7042cf219f844ca5992fb","桌面游戏IP授权","","ChainNode"
"4a5978c2-ddc8-57d9-98e1-fea83761b2b3","chain_node:v2_dc43b2efcb24adc646098555c0454946ee7c70bc","膜法水处理成套设备","","ChainNode"
"4a65abd0-8de2-55bb-b752-7da61f07b8ff","industry_chain:publication_printing_services","出版物印刷服务产业链","","IndustryChain"
"4a6729b0-fc3e-54de-aa52-3fa9a7f13a9d","chain_node:v2_33b684a42dbeef09073582282eab4b7319bd7cb1","高炉炼铁服务","","ChainNode"
"4a7082e6-4331-5884-bab5-40aa8c52875c","industry_chain:integrated_environmental_remediation_services","综合环境治理服务产业链","","IndustryChain"
"4a792f13-f7c5-50ca-b618-79812fcf1da9","chain_node:v2_03790da2c48e5c9e1af6a2891709f58d1be6a5b6","单采血浆站采集与供浆员筛查服务","","ChainNode"
"4a79a01a-e505-51f3-8931-6b1e6ac75ab0","chain_node:v2_de3f4ee0ff78dca833b20cfd33f7694916a84a4a","影视发行服务","","ChainNode"
"4a835772-033c-57f4-a82e-ff5cfb361a16","chain_node:v2_cadf963e63af9e1db1ecd9857eed9cf69703019d","ArF光刻胶树脂","","ChainNode"
"4a8c3d37-e789-5946-b5a9-c189cb3ba861","industry:sw:workbook_snapshot_v1:461004","旅游综合","","Industry"
"4a8f1b90-701b-5346-a25b-588811951164","chain_node:v1_a6c1b60731eea84cb9b5d2d8d1191f6d2b9c3f3b","果蔬加工","","ChainNode"
"4a9502ab-209b-5b3d-b6cf-a20045ef1b56","industry:sw:workbook_snapshot_v1:760103","固废治理","","Industry"
"4a9c6f2c-528b-55bf-b79b-512eaca5afb8","chain_node:v2_582f382ab5b250d529c80b45324dbaf5186feb0d","储能锂离子电芯","","ChainNode"
"4ab90a39-6112-584c-b76d-b969d678b5a9","chain_node:v2_41f6201185163479c136f50ce45d0260f03d4880","硅橡胶材料","","ChainNode"
"4ac52d2c-f285-5ff2-b73d-38a89edc1d47","chain_node:v2_699f69b4e308e6b506ebb9083915329409d3877b","医药中间体","","ChainNode"
"4afd72c0-3053-5844-a205-e8aa9a132b30","chain_node:v1_e3eaf76fa67562a4deb9a8ced918ccb887b973f9","地下管网","","ChainNode"
"4b05b2e1-db9d-50a7-9054-23a325de5b52","chain_node:v2_37cc616bc612110d3b665f51707881599b9c34ef","含银精矿冶炼服务","","ChainNode"
"4b239326-ad91-5fb2-96fe-9140d466cbe4","concept:master_v1_2d301fc63c04e83a","太赫兹","","Concept"
"4b2a2829-935d-5447-8001-729397ba3556","chain_node:v1_579f364614fd3631742c6d6e40837c7b5bc95870","通信网络设备及器件","","ChainNode"
"4b51c43f-3db6-5e3a-adc5-72ebd85d8e35","chain_node:v2_2797c0f78fff950a2b866a79328a8ad37348779e","电力电缆工程敷设服务","","ChainNode"
"4b590abb-87d2-59e4-a0cb-9ae9dada7d2d","chain_node:v2_64340f36c8086bf69d5eedf6c7b5421e46cbb2f8","游戏控制器无线通信模组","","ChainNode"
"4b83b02a-0277-5aae-bcb5-04a931a6ee4c","industry:sw:workbook_snapshot_v1:630802","配电设备","","Industry"
"4b8ea458-011d-5a41-babd-3b6b9d4107ca","chain_node:v1_775793c30eda16b2c44cca069b91e712f4ef6e52","可降解塑料","降解塑料","ChainNode"
"4b9c137b-7fd1-5ecf-9d07-a81a8ccf5721","chain_node:v1_bd80a5eb2231296ba36684318f276539e11ca164","导航卫星","","ChainNode"
"4bac47f5-2516-5fca-b6bb-d35f83ba8f22","chain_node:v2_1d2603a958fd675e5293ead0640213241752261c","超级电容器铝集流体","","ChainNode"
"4bb04f69-dcdc-56a1-b974-4bff9cd734f1","chain_node:v1_df3f9d38d7eb521827ab61e14220d3f22b5536ff","机器人","机器人概念","ChainNode"
"4bb58de9-ec77-588e-adb3-e0bce914c65b","industry_chain:residential_property_development_services","住宅房地产开发服务产业链","住宅开发产业链","IndustryChain"
"4be25c05-0ff4-5346-838e-d06102a92c1e","industry_chain:controlled_nuclear_fusion_systems","可控核聚变系统产业链","","IndustryChain"
"4c2d2170-5829-59e1-8143-4a9685580a7c","industry:sw:workbook_snapshot_v1:490302","金融控股","","Industry"
"4c4031d6-79eb-5e94-9f0e-0ef495e4805c","industry:sw:workbook_snapshot_v1:421001","航空运输","","Industry"
"4c475051-0b76-5e92-b917-5ef43923e7cc","industry_chain:cross_border_payment_services","跨境支付服务产业链","跨境支付产业链","IndustryChain"
"4c47d85a-7f77-5b69-bdee-06080d41de6c","industry_chain:titanium_dioxide_pigments","钛白粉产业链","","IndustryChain"
"4c4d5e8d-004b-58fc-8081-7576a67d3547","chain_node:v2_9fa0e9867e4dca9494e1e091fa0b80fbbfb13cb0","一次性圆珠笔成品","","ChainNode"
"4c7574df-37a9-5702-9f56-24fbe2bd4af5","chain_node:v2_e6f75e613e188a3f82e032011ee7cc1a6a8f978f","卫浴电器安装服务","","ChainNode"
"4cdb3861-f92e-592c-a214-3c148586d05c","chain_node:v2_088352c20396e4d8d9e56c741c3301c98153d4a1","丙烯酸酯","","ChainNode"
"4ce711ab-41b3-56a5-b3d2-621d3850a8d3","industry:sw:workbook_snapshot_v1:750200","油服工程","","Industry"
"4cfe0eac-1efa-5614-bf47-9dff7f93a77c","chain_node:v1_78690c5adb06b63eaa92705ea929d6da1380dccb","算力租赁","","ChainNode"
"4cff7295-8e2a-5a11-a354-8cba966f60ff","chain_node:v2_4d6e3b58137274d295170abbcffba9d959c3cc18","医疗器械注册认证服务","","ChainNode"
"4d28d4a3-7050-5e3e-b5ea-83103d596687","chain_node:v1_bcbcc73201c1a1e50c8021e8121daf6c6705e1ce","汽车减振器","","ChainNode"
"4d2da769-87f2-5e24-93d2-6cdee056e9bf","chain_node:v2_34bed2e0d8d626c8c930b55ce5c228a2e277d242","高纯五氧化二钒","","ChainNode"
"4d426d65-bd24-5b41-bf60-abf6c969eb60","chain_node:v2_bf27c711dbd45e555753db7a512f9e40b56f1954","广告主转化预算","","ChainNode"
"4d53f261-fd97-584c-882a-f50dccf34053","chain_node:v2_27f4f7a04cff2c0530768e49aabfc3f65f07077f","低分子肝素原料药","","ChainNode"
"4d573d41-d72f-5fa4-8a2f-65e4884c0c7a","chain_node:v2_ba9873f23b31e69c4dd20a1c2544f0a22bbae78f","鞋类零售服务","","ChainNode"
"4d8e053b-b592-579f-9d6e-c7aa182c663e","industry:sw:workbook_snapshot_v1:220308","纺织化学制品","","Industry"
"4d97f9ac-ae02-5437-806c-aa15ceceead5","industry_chain:mini_led_displays","Mini LED显示产业链","MiniLED产业链","IndustryChain"
"4d9d6524-b126-5235-a42b-25e9afe38e2e","industry_chain:cloud_office_software","云办公软件产业链","","IndustryChain"
"4da2355d-ac13-5f90-b939-faf971b3b046","chain_node:v2_80a700585f581f7d074f42fe0563d16ae16799b3","风电叶片成型检测服务","","ChainNode"
"4dcd1b8e-4558-55ab-a8e1-06c07752bc3d","chain_node:v2_a58a43e61703154d880db3b74c05f2e43a9698e2","水产品清洗分级分割服务","","ChainNode"
"4dd08ae7-5c32-538f-b22b-8a97682f2996","chain_node:v1_4b43c97e35f83570f1036d51bdbb9e0ecadd23a1","OLED面板","OLED","ChainNode"
"4de2ff74-392c-5378-8e08-b71e66668de2","industry_chain:commercial_remote_sensing_data_services","商业遥感数据服务产业链","","IndustryChain"
"4dece78c-90e3-5bfc-a9be-bf2e3c25c9ed","chain_node:v2_91a4219c91e841f1d84fcb6ae9c51655ea76091d","旅客离境退税退款服务","","ChainNode"
"4df802f5-adc6-5766-8f0b-6af326038cdf","chain_node:v2_bdd80bf3eded32cdd81b42c540513b4af619dc2e","动力煤","","ChainNode"
"4dfe986e-642c-59eb-90b5-43c6071b3cc3","chain_node:v1_84fc6382377be2df68617dcd370c8f7e27229e6c","包装材料","","ChainNode"
"4e086ba0-a799-5c93-a44b-36e2106a1799","chain_node:v2_9db33f8994839d007399efc10192b51dc5e3e510","机床主轴","","ChainNode"
"4e096a0e-e0e9-56e3-8074-858cbb6d7401","chain_node:v1_fb172be33c10f44ecddebd6eb992853d60f4d6d6","跨境电商服务","跨境电商","ChainNode"
"4e1edfaa-c8a0-5d4d-8278-a7c4282dff0c","chain_node:v1_e2bb5fe9dc92df4e397c62cb5017b342454a942a","医美耗材","","ChainNode"
"4e2afcb6-042c-5aec-8233-9364d11cd8a9","chain_node:v2_ce355a4f240df1b4dc08b10e88daf00d8417df57","一次性无菌医疗耗材制造服务","","ChainNode"
"4e3142b0-a0ce-58c7-a2dd-416bb0f193c2","chain_node:v2_efd38c493d9724cadb2cc5273ae2c7bc81a12fa2","信托估值风控服务","","ChainNode"
"4e363c83-3ffa-5eb4-833d-1ec1a6921fee","concept:master_v1_9c0cd8bd60bc21d5","高铁","高速铁路|高速铁路系统|高铁概念","Concept"
"4e4482d0-a6ec-54b1-990a-4735fdf7120b","industry:sw:workbook_snapshot_v1:750302","油品石化贸易","","Industry"
"4e557f02-803c-5eb0-a5b9-43d6757785ef","concept:master_v1_e289b95bd783c04e","合成生物","","Concept"
"4e5c2fd6-ab88-5fc0-af02-4f5b813f48c7","chain_node:v1_17510f102f36163059a4337469ea87507c18fb64","天然橡胶材料","","ChainNode"
"4e738e52-5a88-5169-9356-abb8da583ec7","industry_chain:commercial_forestry_products","商品林及林产品产业链","林业产业链","IndustryChain"
"4e7a73f4-1a60-5e47-94b6-4f1c63cf6b3a","industry:sw:workbook_snapshot_v1:110704","其他养殖","","Industry"
"4eb0b9c8-7b88-5570-9535-729091db428b","chain_node:v2_047db6e001e9429cc8f7fb8a5c861b5758fd007c","药用辅料","","ChainNode"
"4eb8e3ed-93fb-5aba-b979-0d6a361fee6f","chain_node:v2_565300b88ac344477c8b7e4d9a2b3d429137cfa1","近眼显示模组","","ChainNode"
"4ed1a055-2d23-52d7-b099-91f11073af96","chain_node:v1_db00559910514a6e390600968ca0368f9fdd007d","退税商店零售服务","退税商店","ChainNode"
"4ee1f634-dad4-5966-bee4-d311ca1db300","industry:sw:workbook_snapshot_v1:630805","线缆部件及其他","","Industry"
"4ee54e25-2b6a-5b60-b56d-b18dd24d62de","industry_chain:childcare_services","婴幼儿托育服务产业链","托育服务产业链","IndustryChain"
"4efed9a6-ea26-5d59-a73a-31f47fbfd3a4","industry:sw:workbook_snapshot_v1:650500","军工电子Ⅱ","","Industry"
"4f0c9641-51ee-5f7d-8679-b632d48d59d3","chain_node:v2_6136903783c41f8056c682611e32586b8a24b562","路侧感知单元","","ChainNode"
"4f0f4fb3-3f59-5cdf-bd8a-3d0b7af8d223","chain_node:v2_69da4107ff2e8d15bfb48bd97fa4bcafe7a3ba21","防务舰船动力系统","","ChainNode"
"4f11a6fa-eb3d-5d33-b556-905d34e568eb","concept:master_v1_02c951e3d72f9c9b","数字货币","","Concept"
"4f38ad78-fefe-59ed-8068-2d3e04c59795","chain_node:v2_3b7fa7a5c9670d21d510d904de15e9a3441a39ff","电解铝","","ChainNode"
"4f40b7b2-83ad-5958-96ae-e6441a0b3421","chain_node:v2_78fcab81cbd75d4892de05395c94205993a31353","3D盖板玻璃热弯加工","","ChainNode"
"4f45d588-2c49-5b5a-b3c2-e66d5bc58575","chain_node:v1_c94ab57a8976d59252e25c340b2db506032d9cb7","3D打印工艺","3D打印","ChainNode"
"4f47fd0d-f5e5-57cb-86ac-e2c0916d308a","chain_node:v1_ef00786a401df16383500060032c87edc1d0cb99","鸡肉","鸡肉概念","ChainNode"
"4f6218e9-0d59-5dea-92b4-8eabe7b56d29","chain_node:v2_08f43cd8d1924562225239832c6548b1dc732532","聚四氢呋喃醚二醇（PTMEG）","","ChainNode"
"4f650fdf-065d-5ba7-bcb3-02a083ee6540","chain_node:v1_b84604b8bb9d7f7b98bfddf6497c5019e3c417c9","创新药","","ChainNode"
"4f679543-48b2-5224-95c9-b6d35e21001f","chain_node:v2_cc5e98a3db4a83711215d59c9c3f9d2a812432f5","吸附催化材料","","ChainNode"
"4f81eb6f-69aa-5ee3-bd07-7128c38a1f77","chain_node:v2_0de4a6abb20aa6898c026fc2621a1921310da16b","在线教育题库测评系统","","ChainNode"
"4f86fb6d-c723-5655-a915-f8d00b2bcb0a","chain_node:v2_d27e2d04fd0301f4d3afde562fde9003f6c56752","电池级磷酸","","ChainNode"
"4f8930ba-113c-57c6-a709-4e75237905ef","chain_node:v2_1962e916615b3d0c16d23a76733282bee03bbf82","MiniLED封装器件","","ChainNode"
"4fc3a2ac-c325-55f8-88d7-230a5bbc085b","chain_node:v1_e36ae5606e7405615626a6da81b20f94319af596","金属结构","钢结构","ChainNode"
"4fc3e683-6600-5113-b80e-d18bd193c0f5","industry:sw:workbook_snapshot_v1:420802","原材料供应链服务","","Industry"
"4fc42b87-a9bd-5fb0-a970-ae4619728ef4","chain_node:v2_eedb7d02906d910c9a48c1e74948f2558f50d65f","铁矿石","","ChainNode"
"4fd26e66-b06d-55b0-b6d0-d07a38fcc5d4","chain_node:v2_8882e81270751c90adf69da4043268f7ed8e22a2","门户云计算基础设施","","ChainNode"
"4ff562b8-2eb9-5e2c-9daf-aab56c3fd650","chain_node:v1_fc53cb910877f959d72916940431f243249a6032","AI视频生成服务","AI视频","ChainNode"
"5002f378-fbb0-5b32-908d-97631a7d0c11","chain_node:v2_93586766ab25e8058333046739858d4263e22b6d","磁悬浮车辆","","ChainNode"
"500e80ff-10e1-550e-9a1b-593dde51a974","chain_node:v2_0881928ffc2fd9fab9892c7d2e92fa5a0ab846b4","硝酸银前驱体","","ChainNode"
"501719aa-52c1-599c-ab3f-33c34638f283","industry_chain:data_security_software","数据安全软件产业链","","IndustryChain"
"501fb42f-131f-54d7-afc5-a6f558dbc538","chain_node:v2_2653a30ef06341921d3222077a1b54398ca1cb03","磁悬浮交通系统","","ChainNode"
"5024a9bc-6558-5072-8c6a-a6bea6ce7177","chain_node:v2_fb5c54f0890886a6d192b30e41b427f0cc217651","燃料电池空气压缩机","","ChainNode"
"502b18fd-49e0-554d-9f4c-fbc5aa1b844f","industry_chain:synthetic_graphite_anode_materials","人造石墨负极材料产业链","","IndustryChain"
"5038167b-d39d-5ccc-9bb7-9fe984a301f0","chain_node:v2_6747a884d262ceba6d7ff34bb45ff75b53138d56","数字人生成与驱动平台","","ChainNode"
"503a3ae8-489a-54c1-9097-74418558403f","chain_node:v2_26add8ea3afe7d6079f8db21cb465bef8a36656c","免税商品供应服务","","ChainNode"
"504e7038-b362-5f80-a32d-c5f33d3e327f","chain_node:v2_78eb921b96414e332ecd9a17276f903606bcfcf0","钙钛矿光伏前驱体","","ChainNode"
"50509dca-aa2a-5db0-bede-ac8f64fe1c0a","chain_node:v2_40f4194fbe0ee1fe424d5cd69233a613d05d52cb","电子布织造服务","","ChainNode"
"50583f90-8ac7-567f-be67-df5f75ca3b00","industry_chain:peek_materials","聚醚醚酮材料产业链","PEEK材料产业链","IndustryChain"
"5062b542-9932-5bda-88eb-2e27e89ec468","chain_node:v2_38b708b79631b63158d348c2b493a04207834bde","药品仓储配送基础设施","","ChainNode"
"507c974a-698e-5a16-9bef-1ec7ef0b715f","chain_node:v2_785c61d08b88097ffcf73d15a722e6dcdad9c938","超高清视频传输网络","","ChainNode"
"50947ac5-eee3-5149-a0ce-210a02ddc70e","chain_node:v2_68b85ad9f7544039c851699461275ec56500ccb2","吸油烟机离心风机","","ChainNode"
"5098e841-8f5d-5980-8f61-cadd20d6e465","industry_chain:cement_products","水泥制品产业链","","IndustryChain"
"509c0c76-60a1-52cb-a61e-d9eb5e4e2f39","chain_node:v2_74b27d609d3e012fa5eba500829f965298e5ce5f","文字内容采编服务","","ChainNode"
"50ac7ce4-800b-533a-989c-fe2cc5c4219f","chain_node:v2_f710de0ea7949d5922e377e8db768f758cb90ba5","安全事件响应服务","","ChainNode"
"50bac2ca-56a6-573c-b111-8a4c77a7c46c","chain_node:v2_5af0ce62f668f5b64fb7c98f11c4870cbe73ddfb","车载列控设备","","ChainNode"
"50daced4-e385-526c-b1c7-2565412680cf","chain_node:v1_c1690ce256957566acc951c40d215deb61926ecb","空间站","空间站概念","ChainNode"
"50e70afb-3c53-5544-8927-a3b9a87d050e","chain_node:v2_fdf664b38dc71d0c7fc504c7f236af043fcd3327","配合饲料生产服务","","ChainNode"
"50eec3dc-37fe-5cbc-b18e-7e9103a50155","chain_node:v2_894b6d34adbd7495de56cd99b0a6b08808465c22","黄金首饰零售服务","","ChainNode"
"50f200cc-0215-5fa6-8a80-2b628bab69e5","industry_chain:passenger_and_commercial_vehicles","汽车整车产业链","","IndustryChain"
"5106500f-6d0f-5243-b7d4-57638a7758b9","industry_chain:enterprise_blockchain_platforms","企业级区块链平台产业链","","IndustryChain"
"5111722f-b99d-5064-94d6-12b4a687fdb9","chain_node:v2_cc9d9aca77b1647d973363fb968bfc4e5aa2bef3","保险保单","","ChainNode"
"5115f273-91d2-5165-abe8-2c13efd1db72","chain_node:v2_9d9d0841de80e181204e6487d3b4992c7108cc73","汽车轮毂用铝合金","","ChainNode"
"5117106c-c81d-5d03-809e-619e867c4e2c","chain_node:v2_4c08ad3bf8a3296aba0f1b7e7163e1400ce73af5","汽车热管理电动压缩机","","ChainNode"
"515bcdce-d714-5553-952d-4b49a049ed89","chain_node:v1_71743a4bf0f259e419c7ff889142000066139c65","汽车热管理系统","汽车热管理","ChainNode"
"51a72883-5343-5ad0-b7b5-6e6a5c167f90","chain_node:v2_065563d37938e2fbaf1e149a7b990902fe8a1d54","超导量子芯片","","ChainNode"
"51aed000-c60e-50e1-9038-50560cf57fe2","chain_node:v2_da601f9fd58c7aed01627166ff2f8ded76513c3d","高吸水性树脂","","ChainNode"
"51ce89a2-0fb2-5291-8554-9aabd6d7b675","industry:sw:workbook_snapshot_v1:610101","水泥制造","","Industry"
"51f193b2-6a60-5787-b745-843ff714dbcc","industry_chain:futures_brokerage_and_derivatives_services","期货及衍生品服务产业链","","IndustryChain"
"51f33d52-858e-5185-99d4-3a5cbfed05ff","chain_node:v2_d0b576801131b852d6a909cd68d9f49a8f0d346b","箱板纸抄造设备","","ChainNode"
"51f42b83-3ddb-5f35-b67a-1b7a420d251b","concept:master_v1_8e1183603182f764","病原体防治","","Concept"
"5207927a-07d6-5401-a603-41d331ac110a","industry:sw:workbook_snapshot_v1:280602","商用载客车","","Industry"
"520efadc-42a6-5e43-ab2a-fcee3707eab3","chain_node:v2_f5ab953000ab99e24fefdb6d524903ef21aa00e6","商品煤","","ChainNode"
"520f19d7-7899-515b-b9d7-c0ea1867fb77","chain_node:v2_c14aa1ef7025d24718965f48cb90777e134c0a62","日化功能添加剂","","ChainNode"
"52170bcb-345a-5e66-9921-bc3956b08d20","chain_node:v2_eec726e5c770e07d1dc8f1567320138252d76399","超超临界汽轮机","","ChainNode"
"52212328-4321-5585-aa41-326b083ea9a5","chain_node:v2_67f0572ef2a676a63752b5ab9f4ce99da3560855","PECVD真空反应腔","","ChainNode"
"5254ca74-8f06-5a63-8baf-4d3c6e1febd5","chain_node:v2_71b27909283446ac89184acbd51bd4284eef79eb","空穴传输层材料","","ChainNode"
"5254e03e-e1ad-5fd8-9e55-2d3ef13cb804","chain_node:v2_4a309a71b0c83b7145d03ca2360875230d8ce071","塑料包装材料","","ChainNode"
"52751f2f-b7d1-5b7b-9c6e-6729ea18d78f","chain_node:v2_7407b3b733d3c9682e6a2656f32beb8b7b7f1f70","光伏PVD真空腔体","","ChainNode"
"5275f721-b10c-5e49-829c-29a954b186ff","chain_node:v2_c44436c3a991c00a487a3b041aaa475356c0ef67","活性炭用碳质原料","","ChainNode"
"5276fe13-345b-5861-bed9-537c1905aacc","chain_node:v1_7371f9f3f471bf4d96789d90fc1e876f171d4deb","核能发电","核力发电|核电|核能核电","ChainNode"
"527c7352-d9c8-5b2e-9d3f-d19963badc0d","chain_node:v2_5446afc58d8e95c2a1f7edbef2737b7b46f64a6e","硫化物固态电解质","","ChainNode"
"528ee70c-5f48-54fd-853f-150893b2c060","chain_node:v2_c5e0880374535c91569ea3e06bb7338f10f286a0","铁路施工机械设备","","ChainNode"
"52b672c2-139c-56a1-b293-6112f9a016bb","chain_node:v2_d27f931af75a4a53be0d0efaacb0b43bfe64f091","吊顶工程安装服务","","ChainNode"
"52c05d0a-5e61-54b5-8a29-3cb3a9703f84","industry:sw:workbook_snapshot_v1:360200","包装印刷","","Industry"
"52ca814a-834e-5ae7-977e-14cb07b9a024","industry_chain:building_plastic_pipe_systems","建筑及市政塑料管道产业链","塑料管材产业链","IndustryChain"
"52ec2400-0e1c-5da1-8482-ceaba3957d07","chain_node:v2_83d7f22dd2cc765c685238085c5738f992bcb0cf","制冷控制系统","","ChainNode"
"5322e850-0a05-59dd-8075-b2d6c77e4746","chain_node:v2_de4d70565501167230c4921c7f1949d2cad0f54d","化学发光免疫检验服务","","ChainNode"
"534d6f2e-9dd1-5a0a-93df-97735358f647","chain_node:v2_03f9bd1910502b10aca29e9e2cf9231ec32b010c","eVTOL推进电池系统","eVTOL动力电池系统","ChainNode"
"53617530-e8b8-5052-8566-73bba610057b","industry:sw:workbook_snapshot_v1:240200","金属新材料","","Industry"
"53760d6a-0dde-5e1c-999e-6bf09b9faeb9","chain_node:v2_cfa6893c6824ebe4c54ebf629d8cea605dacac9e","快递末端派送服务","","ChainNode"
"538738d7-3b3c-5d5d-8ed1-95bed0bcf95f","chain_node:v2_25729ef41ab976ae290a840398addc43bd83fe88","IPv6网络升级实施服务","","ChainNode"
"53959c5f-21ee-5373-bdbd-339409143b86","chain_node:v2_60e68e95ecdd24a93bce2a047eb92924d6d507ec","电竞赛事直播服务","","ChainNode"
"53b6eedc-c79c-5bb2-a5b3-5735639604c8","chain_node:v2_b736e25aedf4cfc23b061f6156b255f27d2b7719","烟叶复烤分级服务","","ChainNode"
"53bcb156-d8e0-57c4-ab3a-2dfe6aa1b28b","chain_node:v2_04bae0e197acd42272ec08cbcfc425e069e32d73","涂附磨具基材","","ChainNode"
"53c87971-971a-5295-997e-62bdf7334633","chain_node:v1_ff48d8d595d4f00b7f408447951c34a12b9702d8","畜禽饲料","","ChainNode"
"53d2ce87-25b5-5fc3-8cee-c108eb7ee4c2","chain_node:v1_f78bfa2b7b4910743952c27c2af2f91a2e0a074d","数据安全运营服务","","ChainNode"
"53ddb66d-7945-5991-8412-9ceaffb6160c","industry:sw:workbook_snapshot_v1:360103","特种纸","","Industry"
"540752e0-08af-53b5-896b-c435fec35b63","chain_node:v2_008d78e41c57b3ab7e1bdb0f3cb771d46360a1ca","人造石墨高温石墨化服务","","ChainNode"
"5422706f-9528-5112-8bbe-3ae3da449bf1","chain_node:v1_43a121064ce5e34c39d8630711d0aacfd70a8035","洗护用品","洗发护发用品","ChainNode"
"5424f843-a628-523d-936d-713955a1d91f","industry_chain:textile_chemicals","纺织化学品产业链","","IndustryChain"
"5427c447-88e0-5572-8da8-6a50d49055d7","chain_node:v1_f4a979738eb0e16f3a4153f5424e43f5e2747f55","原水供应服务","","ChainNode"
"54295032-f620-5d37-96f9-5516eda9af92","chain_node:v2_a88eba76ced97e78d53ea3724b395c975e7deca3","输配电开关设备","","ChainNode"
"543054be-5a25-5b40-a8fb-2cee4eaccd6e","chain_node:v2_b92f6422a3b4bc3f416ff1dc21cc4eaee88e2569","裸眼3D显示终端","","ChainNode"
"54555f30-ce8c-5450-ab14-6e0ee1d33a92","chain_node:v2_29b797a31d777cd5ffa5fb4b5677d4dc4e6182d4","仿制药药学研究服务","","ChainNode"
"54974f2a-0b13-567c-8886-5908c0bc2310","chain_node:v2_885718d922b5b96167ba67ba03af877116cf71a1","标准化酿造酱油","","ChainNode"
"54ab7359-30a0-5f6a-908a-b810dd134100","chain_node:v2_f3544f56db5f2a55f03fdb39524a37e0974400d3","油气勘探评价服务","","ChainNode"
"54b22be4-f089-5e9c-8978-391425b47160","industry_chain:supercapacitors","超级电容器产业链","超级电容产业链","IndustryChain"
"54b99bc2-c055-555a-88c5-52203d5f4154","chain_node:v1_cdcbb7da3eef9f1de135c6fd3b0b1e6d91be63fa","供应链计划服务","","ChainNode"
"54bdd580-032e-5290-ba80-09997956ad23","industry_chain:automotive_lidar","汽车激光雷达产业链","激光雷达产业链","IndustryChain"
"54d81f6b-edea-5101-8e31-ac9aa2165f7a","chain_node:v2_12c405095c9852538aee68832f67f7690de66855","工业无人机飞控系统","","ChainNode"
"54eb316a-5038-56fe-a1fb-862987ed15b7","industry:sw:workbook_snapshot_v1:640206","纺织服装设备","","Industry"
"54efbe15-b71e-5830-8aa0-add72675e775","chain_node:v2_c94543bb124665b5ba69fc8e5c17a0581a5def54","TPMS纽扣电池","","ChainNode"
"550c120c-7c4a-50ec-a420-381610ad3ce7","industry:sw:workbook_snapshot_v1:760000","环保","","Industry"
"5514f478-0fb4-52a7-8973-50c4697b42ef","industry_chain:power_distribution_equipment","电力配电设备产业链","","IndustryChain"
"5516ad9e-60cc-53b6-b36e-156d724f2983","industry:sw:workbook_snapshot_v1:280204","轮胎轮毂","","Industry"
"551729c5-3244-5c39-8702-afa3b63c30f8","chain_node:v2_d577f2ccde920a89d72c2f9347c28d78cb81edc7","医疗设备嵌入式软件","","ChainNode"
"551a8727-8e30-59d2-b155-c691496a025c","chain_node:v2_e4504bc7ea35cb2f35be5844ea298c23e287d351","航天测控天线系统","","ChainNode"
"55229ab2-1dd1-5573-bf35-6930f3b7030f","industry:sw:workbook_snapshot_v1:370502","医疗设备","","Industry"
"55464b87-8087-56dd-98a0-600b75cf26c3","concept:master_v1_b9d4f25a0373ecf9","铝产业","","Concept"
"554b7975-e2b0-5644-9a1a-9f420bb26117","chain_node:v2_523ec47afa751c7c5d38629aac2a6eb53676ad93","洗碗机控制板","","ChainNode"
"554d6989-635b-5c69-8dec-82691fe97dcd","chain_node:v1_49e80966cfe8b98759e466202a9dc9783128cedd","种子","","ChainNode"
"554e806a-3d2c-5822-a647-02d2d24c1270","chain_node:v2_580955e76f7543ac10ce547525d5ec568e4a796c","工业镜头","","ChainNode"
"557d5366-0ef8-5547-8c1c-b2affff7259e","chain_node:v1_a7b3b2ccc309efc9abc0917ca52abe9c0e7b1ad2","CAR-T细胞疗法","","ChainNode"
"558746e4-e497-59b6-a597-211a7f963381","industry_chain:ultra_supercritical_coal_power_systems","超超临界燃煤发电系统产业链","","IndustryChain"
"55896412-0048-5b1e-87e8-21376b0de1e4","chain_node:v2_1b0d6ba0a0bdd0db5ac560b5440df5dd9b005431","湿法磷酸生产服务","","ChainNode"
"559138a4-9d17-5a14-96f9-999986fecb0d","chain_node:v2_dac180b4f7a750cc3f40924b9886a9a0a1183d20","中成药","","ChainNode"
"55e4c743-511a-51dd-8aa5-5a0ea2cafb85","concept:master_v1_6ff8f923bfe6635d","小米汽车生态","小米汽车","Concept"
"5620676e-3e79-5ba8-b617-aa04e36dad41","chain_node:v2_c239ca996b310933317ae92fe085d1a6b2ddb307","高铁转向架","","ChainNode"
"562cd768-9dc9-5338-ab1e-13920d64808e","chain_node:v2_c8dbc4b1b3079dbf99909f18f57725ccc29cebef","宠物食品用谷物与淀粉原料","","ChainNode"
"56349579-11f4-5420-b6d5-d880afb4c931","chain_node:v2_57128654246a78a4fa4ba834afc54ee1350344af","储能热管理系统","","ChainNode"
"56797eda-07b0-5737-94f6-bca4ae3d4209","industry_chain:integrated_energy_management_services","电能综合服务产业链","综合能源服务产业链","IndustryChain"
"567e7220-eb15-5be0-8b35-154834c767fb","industry:sw:workbook_snapshot_v1:770101","生活用纸","","Industry"
"5682391a-abec-5673-a088-e247a61ee6a0","chain_node:v2_2fd7977e52e445440b1d2951b5cbd99886411a2f","数字人民币支付系统","","ChainNode"
"5688cbcd-2b87-55bd-9000-d0000fcd4a60","industry:sw:workbook_snapshot_v1:340404","其他食品","","Industry"
"56a5b955-7427-56d0-ac1d-faa0e0d9bc92","chain_node:v2_a6775d4d4715837c9204acca73a4d6fb87554610","智能家居控制平台","","ChainNode"
"56d6fa70-5340-5b28-9e8b-8ec0983b6c42","chain_node:v2_8367c4424814d128d2617554cd4f90b8ad1e8a1c","硬质合金刀具","","ChainNode"
"56e0f5a7-6922-568c-805a-cd4b9311e9e2","chain_node:v2_085b2e5b9b7ec8cc33cfda1ea8b50805e359d1d9","工业袋式除尘设备","","ChainNode"
"56e6a11d-6a06-5112-8798-9fe5d8b7f1a1","chain_node:v2_0c8ea6b970b2657788ff142a2c2ff8ce3f513b72","干熄焦处理服务","","ChainNode"
"5707fcd3-83fa-5b0b-bdcd-f65a665b7995","industry:sw:workbook_snapshot_v1:220300","化学制品","","Industry"
"5713fac1-ce0e-50be-a1da-83bf9809bcfd","chain_node:v2_6d64c0e278f79c8585719c1942bf67b0ae67c248","钢包用镁碳砖","","ChainNode"
"571e912a-4952-585e-b942-66cc4afd9116","chain_node:v2_53e816040c858102fb66c454588deaf6c3ef91b2","轨道空间站货运补给服务","","ChainNode"
"572d3522-226f-5792-8fce-35ea2c08f6c6","chain_node:v1_1b2ac2d811d0c31da4920c56dc054a92cb2ed4d3","免疫治疗","","ChainNode"
"573cc2f6-4cb4-5ed8-8f4b-be2ac04a9965","chain_node:v2_0c16a6fe604bcbd6d6a564f35205a0ec45c1e169","电子纸TFT背板","","ChainNode"
"57413869-86ff-5ea2-af97-e2bdecd0b8f6","chain_node:v2_33e49636b2956c1f80ad4e80328b60664a91c51b","磷肥","","ChainNode"
"5745932f-d421-593c-922d-a7b172ee7e5e","chain_node:v2_f5c4a659031ad8dc8a305ea27b22880f9894406e","VPN运维安全管理服务","","ChainNode"
"57561161-76b1-50f9-a585-a36dff19574e","industry:sw:workbook_snapshot_v1:610305","涂料","","Industry"
"57580bee-e230-5024-a1a9-68205a36cc30","chain_node:v1_85516c43ce4c9213d07b7a1234d2264cbdda4348","生物疫苗","","ChainNode"
"575db527-6058-549b-a630-920338da1ef8","industry_chain:staple_grains","粮食产品产业链","粮食产业链","IndustryChain"
"5768ca40-2484-58b8-84a7-b7c2044e85d7","chain_node:v2_5bf6111df9c1f777d1e5eeacb314d427570462ef","出版物印刷装订服务","","ChainNode"
"57860992-9cd8-5e4b-9a12-79a37d07ff3d","concept:master_v1_f5f7cb655eb6aef6","建筑节能","","Concept"
"578b8cd7-a46e-5dc1-9483-0da0556ea7c6","chain_node:v2_42573a8ca3411a98324902e04845bdcb43569453","消费电子锂离子电池","","ChainNode"
"57a90cff-dfb9-5af7-9580-bfaf6493cd88","industry_chain:electronic_design_automation_software","电子设计自动化软件产业链","EDA产业链","IndustryChain"
"57aa6ede-314b-5d31-871c-03c29b14b460","chain_node:v2_2f5ef1cbc3c4a231b499257ac6afab6938be2cdf","粗氦","","ChainNode"
"57b6d0d3-2835-59b9-8a7f-8f24bf1dce22","industry:sw:workbook_snapshot_v1:230500","特钢Ⅱ","","Industry"
"57b9b8ee-3769-51a2-803e-7396fe1957f6","chain_node:v2_062017e7da00b26b0bd36708110a87191ca3577f","产品取样检测服务","","ChainNode"
"57c638df-a716-5297-aad6-7fbf26937b70","chain_node:v2_1d063f6e6a8568061e7cc07a09a94ebca68b83e7","冷藏仓储设施","","ChainNode"
"57c748e5-9077-5855-9ba4-f0f728859e40","chain_node:v2_844fd295ed24d024a35275e4b319b545844ec6c9","游戏支付结算服务","","ChainNode"
"57cf8b66-dd1c-57bf-a071-0a2424a5f5d8","industry_chain:aquaculture_feed","水产饲料产业链","","IndustryChain"
"57e7447f-faee-5225-ba5a-ac9a334a987b","concept:master_v1_8f1a690a2e1b603d","增强现实","","Concept"
"57ebc3e5-4e44-5150-86bb-5a4db066e527","chain_node:v2_4969386114791eb7c31a0813ad160ebf89834ba0","防务舰船船体结构","","ChainNode"
"57f32a43-015b-57eb-9c06-68f8cd9a3b95","chain_node:v2_022426bb4bc5098687f22a01bbc746ea1c5873c7","保健品零售服务","","ChainNode"
"5811275f-a681-5344-8b0a-6ed964f300ba","chain_node:v2_5cf46403f1708beb7a708017675b2fbe215f4871","金刚石砂轮结合剂","","ChainNode"
"5817daba-be8b-5263-9f44-0d0702803826","chain_node:v2_c880807df264e0a882cd9e535ce440bde9e25241","农业机械动力系统","","ChainNode"
"581f991d-81f8-56d4-8498-ba3e2e4b0d6c","chain_node:v2_48f6b2487411c6d8d54052567bb709cc1656826a","国资云国产服务器","","ChainNode"
"582ca6eb-a931-59ba-a1b2-57060aabd79b","chain_node:v2_bc2a463ed3bd579d44f3e8fd1d4dabec009b4f51","绿氢制取服务","","ChainNode"
"58320e8b-7a9c-52d1-ae56-db1c23408a60","chain_node:v2_56c7b90f332c937e631922e2379951451624fdd8","卫星遥感数据","","ChainNode"
"5851f9ce-c66a-5e7c-9082-b8cbdcd96175","chain_node:v2_56096397e29bd08942f2ab275c01db09de9376d6","高速公路应急救援服务","","ChainNode"
"585c1b9e-ab0c-58e2-84c6-8a0ee692eb1a","chain_node:v2_c0cd67c942ae37a446d74356d49f38abe61c8946","集成电路塑封料","","ChainNode"
"58a0c9b4-7957-5d2d-81d5-4f4a3b6c7a89","chain_node:v2_b3e91029e1333f88a21da4d899cc1ac0d3c71beb","精炼金","","ChainNode"
"58c7a902-e01d-52a9-a3be-a4c2165eb5e1","chain_node:v2_937905faa15a8ac3f2c9e582793dd1ab4f64ad9c","医疗SPD中心仓运营服务","","ChainNode"
"58cc7d17-dcf7-57db-a868-54de14a2f4f6","industry_chain:commodity_steel","普通钢材产业链","普钢产业链","IndustryChain"
"58e8cb47-1505-5a33-8dfe-bec29cbd5c35","chain_node:v1_40b4b5b4c4fcb7b5fdd8dbb4160ab12a2630f342","汽车拆解","汽车拆解概念","ChainNode"
"58ed972a-720e-5801-a5ac-f9beec751520","concept:master_v1_59c8e5090939c646","光伏","","Concept"
"58fafaf1-a0ce-5820-a572-12048ac67e81","chain_node:v2_6eb000f1cbd8a65854a9cd5199ff4d7ff6d00063","畜禽分割肉","","ChainNode"
"58fe577a-93a2-54d5-97e3-8031500a3501","chain_node:v1_11e99901d4f50ac80b64b2acec972b726b8ea9b2","金属包装","","ChainNode"
"58fff0b3-0719-551f-8f5f-5f63eecd4563","chain_node:v2_3db54424eab7654d893bafba813ea8dace9077f8","无缝钢管无损检测服务","","ChainNode"
"590758ed-67f9-533c-8221-b81712a71668","chain_node:v2_628359983155633109b3bc238ec154429c245efe","稀土分离氧化物","","ChainNode"
"590cbe6f-708f-5b34-a628-c3d8b3ecfb93","concept:master_v1_0f456dbd80c23e31","财税数字化","","Concept"
"593aa819-37cb-5983-8b5e-99c856faa7f8","chain_node:v2_a32b24f093bf3134eeab5dc2e37af25eaa3659e9","纯电动汽车底盘车身系统","","ChainNode"
"5940a6a8-da5f-53d9-8020-09eb48ab8a29","chain_node:v2_0d3f0df265ea3a632d151a6ee9c3c273ffa8a43a","工程机械租赁服务","","ChainNode"
"594ada89-7fe8-585e-b710-38a6727f875d","industry_chain:steel_flat_products","钢铁板材产业链","","IndustryChain"
"5956849a-3fa1-5739-8e22-cc60897efc49","industry_chain:geothermal_energy_systems","地热能开发利用产业链","","IndustryChain"
"595a90d9-eaff-5c76-af67-4dd32ea96866","industry:sw:workbook_snapshot_v1:610301","耐火材料","","Industry"
"5988ae92-b688-599a-935f-e2976faa64e0","chain_node:v2_1fe9aa4a80a0c2e254ffa6e0abf956a932db4835","虚拟电厂预测调度软件","","ChainNode"
"5999046f-8c63-5381-9cf2-e215b8a28b60","industry_chain:integrated_automotive_services","汽车综合服务产业链","","IndustryChain"
"59a31880-33b1-522b-b342-770410038303","industry_chain:wifi_networking_equipment","Wi-Fi网络设备产业链","","IndustryChain"
"59a6783e-048e-527a-9383-f814f0f9fd4a","chain_node:v2_ddd8d4d821e960b2d67f26e6d72e076e5da90b28","企业通信号码资源","","ChainNode"
"59c6fa05-1cab-5b24-8ef1-d39958d21a0a","chain_node:v2_7442ca90e827cddf6f661e48e2863e99a8aa8b9e","柔直控制保护系统","","ChainNode"
"59cae67e-1b9d-57f7-a237-2e3f894da01f","chain_node:v2_4495b49a31d0900c634ecd92e8334e5e5b550015","商用车车桥","","ChainNode"
"59ea82e2-4a75-59b5-8f48-afbcb4d57357","chain_node:v1_d82f914f302a5ade95fdcf5050138f4f2c3b6a11","电子纸","电子纸概念","ChainNode"
"59f16e17-006e-5bd0-8ff4-86f1b4e2bf77","industry_chain:semiconductor_wafer_fabrication","集成电路晶圆制造产业链","晶圆制造产业链","IndustryChain"
"59f2e37f-bb0d-508c-87e1-e699ad2ac640","chain_node:v2_76f806e3a66b47db19dbf5cd3a9c36383f65a29a","胶带涂布复合服务","","ChainNode"
"59faf6af-7a74-5f0c-8efe-e3cc47fe4a31","industry:sw:workbook_snapshot_v1:220203","无机盐","","Industry"
"59ff30a3-8991-5832-9a5e-5ef05ef382ea","industry_chain:camera_monitor_systems","汽车电子后视镜系统产业链","电子后视镜产业链","IndustryChain"
"59ff3fc3-ef66-5865-a0d5-c385a6223ecf","chain_node:v2_6e870326aa58e1f8c74304e86162208b6cca7921","港口堆场基础设施","","ChainNode"
"5a19ad77-5c8a-5328-9d97-6a22b7878244","industry_chain:data_security_operations_services","数据安全运营服务产业链","","IndustryChain"
"5a280402-12fd-5368-90a7-20794d9b5dc3","chain_node:v2_ff0345bdfcd64b4843d026fb278381678d13087e","钠离子电芯制造服务","","ChainNode"
"5a624aca-b750-5613-8a56-ce1e1f78d38e","industry:sw:workbook_snapshot_v1:510000","综合","","Industry"
"5a6fb50f-0da0-5f23-95bc-eb8612662b52","chain_node:v2_410a92080edfcd52b16572761590545afcd34232","直流充电控制与计量板","","ChainNode"
"5a75fd1b-32e9-5047-9fb3-d5122be65aaa","chain_node:v2_489efb8494d5619b591ed7c6351f7e94c70e7508","光伏支架系统","","ChainNode"
"5a8a9012-2f16-5fee-bf24-acbf8efd838c","chain_node:v2_c57c3e4546a62a6add96ba50c8bc95ec76c02fa1","双馈风电发电机","","ChainNode"
"5a927625-8895-554e-a827-73934aca7a05","chain_node:v2_59189922f8a1b57c8d648123560dc9626f7d0bbd","医药冷链运输服务","","ChainNode"
"5aa2c928-77a6-57f2-b76a-5123e3450949","chain_node:v1_2a357868025d4b8f66cf1ccb9718c1aeaf113c52","辅助生殖服务","辅助生殖","ChainNode"
"5aa381c9-efa4-5b1e-aa19-5f071941a9b5","chain_node:v2_1f0d71d0ada364def24736e1279baad1dcc7da1b","四氯化钛生产服务","","ChainNode"
"5aa5737f-76db-576d-a93d-5c451c71d6cb","chain_node:v1_de0238c8ed51d631fe674208bd0ebaea32662f07","焦煤","焦煤产业","ChainNode"
"5abd7568-39e4-590a-9bf6-796df679752f","chain_node:v2_60ac7463f5e8fe36a2b28aeeb2e497d8ff092714","农产品标准化供应服务","","ChainNode"
"5ac30f77-366f-507f-b1cd-542a61eb54dd","chain_node:v2_da113b8fa4cd62fc4ec9b2b9067c94b54da433ab","金刚石砂轮设计制造服务","","ChainNode"
"5aecdb21-aa78-58f8-8a80-452f8db7efc9","chain_node:v2_7d86fc498e1f4ac8ab9df4e213131214dd969e5e","超市区域仓配服务","","ChainNode"
"5aed997a-5e17-56a8-ad04-f1f62cec6f69","chain_node:v2_3bc759efeb650228fcb51c04ab98f0ffe8c3f719","商用货车车队资产","","ChainNode"
"5b0bf740-9e57-52f7-befb-c7439046c33c","chain_node:v1_c1dc97ca390767a880df6e66494a2f169b8126ab","车载摄像头模组","","ChainNode"
"5b1acdfc-d241-59bd-aa2b-3b34b51ddc42","chain_node:v2_5378ab2a037ca76f58737252c31687e03457094f","辉钼矿精矿","","ChainNode"
"5b240b6a-4542-56f5-8980-3923a798cc76","concept:master_v1_c486c6cb27a1cd13","白银产业","","Concept"
"5b260e38-5bc7-59b2-a93b-db5c24bbfe82","chain_node:v2_c6e1aa5cb05c4f3e2c423158fd45d8d2eb682923","柔版印刷单元","","ChainNode"
"5b2e182c-79c7-505e-afa3-9637bd54b00d","industry:sw:workbook_snapshot_v1:110101","种子","","Industry"
"5b580de5-b65e-5ae0-8707-171ac1fae08a","chain_node:v2_48c7a2f6fc497e096bd7267b2876357cb7a40fed","租赁房源获取与核验服务","","ChainNode"
"5b5e69ae-c9c7-5457-8af0-3d94f161d1dc","chain_node:v2_c0a7815a8234a52f63ad480bdbd60fb4b97cdcbd","环境修复方案设计服务","","ChainNode"
"5b65b5d5-bd70-5ab7-be1c-d806eeac602b","industry_chain:home_textile_products","家用纺织品产业链","家纺产业链","IndustryChain"
"5b7d743a-1cc9-537a-a59c-fd273ab6d701","concept:master_v1_7519bb490fa0eaf6","荣耀生态","荣耀","Concept"
"5b91724e-6b16-5c2a-ab0b-ee36f5606529","concept:master_v1_11170bbbf95b1496","煤化工","煤化工概念","Concept"
"5b9fb2df-d6aa-5824-8ed8-faad09f0d8de","chain_node:v2_e7249ba900ff2b48acef1074287fbff50ece2c45","蓝宝石衬底切磨抛服务","","ChainNode"
"5ba194ee-1b93-510e-a673-48ac8d231f9a","chain_node:v2_8e0d696b6ecf314921507be5fe20a578c8a1b857","NAND Flash晶圆","","ChainNode"
"5bad2fb9-a4fe-502d-9fda-b29ad0a1f9c7","industry_chain:independent_medical_diagnostic_services","独立医学诊断服务产业链","医学诊断服务产业链","IndustryChain"
"5bd44f9c-0457-5068-924e-38eb59a24326","concept:master_v1_73d204d9ddc4cb6e","抖音（字节跳动）生态","抖音 (字节)","Concept"
"5be0b7e5-039c-5053-a7f8-3601625247d7","industry_chain:construction_cost_consulting_services","工程造价咨询服务产业链","","IndustryChain"
"5be8821d-f4ed-56da-b27c-ece36a8e5ca6","chain_node:v2_9b383f1c74aa489b52061fe7b4e25a6411fc57e2","商家商品供给服务","","ChainNode"
"5beaf67a-d8a6-53d9-a93d-bffc79c44851","industry_chain:urban_underground_utility_networks","城市地下管网产业链","","IndustryChain"
"5bf82d30-eb90-5dc4-9ee1-4cb6194194df","chain_node:v2_d730a73953e9357478769f4323ee78909e82aad5","智能手环SoC","","ChainNode"
"5c0fa2cc-a054-5a58-b5c3-c9d718cad787","chain_node:v2_90a766c2554d6b0f88604edce069f77ed08cb178","再生锂镍钴盐","","ChainNode"
"5c219946-f451-5180-9de8-42186a19c6f6","industry_chain:chemical_engineering_construction_services","化学工程建设服务产业链","化工工程产业链","IndustryChain"
"5c375dd5-5749-544c-b82b-b7890c57788c","chain_node:v2_5a0804fbc4816af649ad3acf26bbfc6abe6eb581","晶硅光伏组件","","ChainNode"
"5c460556-ade7-5771-bdb8-4c14d12e85f0","chain_node:v2_b7c3b3cab1c5641a99b9244266b7725de51b6ca0","企业软件产品","","ChainNode"
"5c728a97-612d-525e-b53a-d444e9980214","chain_node:v2_4da3710670b128236124d8ff7b5cc8e7ecb524d8","取水许可","","ChainNode"
"5c955b96-8150-5057-b1c9-4c3693c9c2ec","chain_node:v2_72052548757a98032d6d16a0fc3c919fcc7dd77c","在线游戏运营服务","","ChainNode"
"5c9c5d19-08cd-5193-a5d1-fc2f997991e1","chain_node:v2_cc4f9963262948efc5aa76edc3eaa9fc7863accf","ETC路侧单元","","ChainNode"
"5cc40f27-72a8-5299-a603-8a4426b5af5e","industry_chain:automotive_body_structural_components","汽车车身结构件产业链","","IndustryChain"
"5cd40277-fad4-5cdc-a5cb-e4946bd8e552","chain_node:v1_ad5fdb5dab82ff2fe9ff3ea40ffbac43cb5d78bc","跨境物流","","ChainNode"
"5cd66fe5-e325-5f5d-85eb-b901a7f0449a","industry:sw:workbook_snapshot_v1:340602","其他酒类","","Industry"
"5cdb05d8-4b70-547e-b59c-984d47e9878b","chain_node:v2_7c7f23c4c1b00cdaad8ce4a80f3a2a4b29d71019","混合稀土溶液","","ChainNode"
"5ce6879a-835d-50e7-a8e6-70b645043a05","industry_chain:gaming_and_lottery_services","博彩与彩票服务产业链","","IndustryChain"
"5ce915a3-cb24-5841-ad66-574f9a88f263","chain_node:v2_f2f062bbc1a06ea2217a0d02100d0e02e5da793e","港口起重机钢结构","","ChainNode"
"5cea8791-c521-5bd6-b175-cf5cb0bd7829","industry:sw:workbook_snapshot_v1:360202","印刷","","Industry"
"5d17e45f-ddc0-55a2-b8fb-7eab87e9e404","industry_chain:smart_fitness_bands","智能手环产业链","","IndustryChain"
"5d26dce8-1840-508d-ad62-ba705b6f5a51","chain_node:v2_690950e01515bd671bf848e3aaf6a1142b2daa8d","工业应用开发服务","","ChainNode"
"5d319bb6-e78c-5556-9809-29927d28136b","concept:master_v1_54427053f1e04721","细胞免疫治疗","细胞免疫治疗概念","Concept"
"5d3430b3-348f-51a4-aa98-1438105b9792","chain_node:v2_c12333e9bd14190e6b9f8e961d81c28d45bb45e5","奢侈品级皮革材料","","ChainNode"
"5d4438f7-06a2-51a1-a662-c4109dc696df","chain_node:v2_f70b2b48613bf73b0479076eb7d2b5fce89e70e1","竣工道路基础设施","","ChainNode"
"5d53d8e1-10b7-559b-a269-6be760d1d873","chain_node:v2_3aad6082b0c554893d6f1d3e0637378af9a874fc","海洋工程用厚钢板","","ChainNode"
"5d5dff20-e621-5e22-bcf5-6115c82143be","chain_node:v1_4c2ef98a8a4278b5311ae00709c158ef70dc0b09","交通工程总承包服务","","ChainNode"
"5da1789a-a9dc-518c-aad6-51cc425ab0f2","chain_node:v2_5eeeee197b999bd637fba68102fce133e8943fea","石英砂","","ChainNode"
"5dbe8579-432a-5536-849b-b28281ae22d9","chain_node:v1_d3a4279cf25285fe048e2ec81c973712d64f7769","AI芯片","","ChainNode"
"5dd5f9d2-6e36-55ac-809b-19fb477cb7dd","industry:sw:workbook_snapshot_v1:230301","铁矿石","","Industry"
"5dd7623f-ea22-59de-b50d-e64547d546aa","chain_node:v1_c3f49413ef3f7772db5a6b79863b93373abc46dc","休闲食品","休闲零食|零食","ChainNode"
"5dda4403-3cd4-5c99-9f5c-cb6b9b742ef4","concept:master_v1_5fc416d38ae8c22e","智能物流","","Concept"
"5dfd2160-0eb2-550e-84a0-5d9f4f72ddd7","chain_node:v2_eaaa44f4fcf123a0ea60c078ef694a0b1a552617","鞋类产品","","ChainNode"
"5e03bf1f-e933-5449-a439-e42c82c0437d","chain_node:v2_71612ad964a673e56d6fa32a8128f75a44541f1a","电网测量传感器","","ChainNode"
"5e27d566-5895-56e6-929c-896d4dfa838c","chain_node:v2_177fabc5e80d62bdc2b8079aae82ac163514c278","卫浴安装服务","","ChainNode"
"5e32b8b8-19f4-5fd3-86f9-e5663cf3a73b","chain_node:v2_9e21ab3078dea064cc1a8be458389dbe464f288a","文字内容管理与推荐系统","","ChainNode"
"5e434db4-2273-5878-b369-d29f81319136","chain_node:v2_6554d679d2313dbe3aca08f33dea79e690f88e09","轮胎用炭黑","","ChainNode"
"5e601402-f617-5bd6-8da9-69ca4be5914a","chain_node:v2_dda074aa6382d6174289b80b704f5558d26bb74e","钢铁板材剪切配送服务","","ChainNode"
"5e7f46a6-6ea7-5bcc-8bcd-253939d8043c","chain_node:v2_1fba96063a1639275c9d70957625fb1cc62eb2ff","虹膜识别算法软件","","ChainNode"
"5ea17599-dc93-58b3-b7f0-88bbb3f60a45","chain_node:v2_725f6e52fa444e60028cad4905e6feba9cc0f6c9","铝合金材料","","ChainNode"
"5ea35ec7-465b-563a-827d-80a15f72cec6","industry:sw:workbook_snapshot_v1:240000","有色金属","","Industry"
"5ec22969-c262-5eb9-be4f-1e372b96540e","industry:sw:workbook_snapshot_v1:460600","体育Ⅱ","","Industry"
"5ec3e64d-adcc-5c66-93b2-8b6c89426dfd","chain_node:v2_4fdd8a47b5ef341aa0141b58e0363d42d16e4eaf","潮流玩具IP授权服务","","ChainNode"
"5ecd1200-1551-56db-9486-489ad620a990","concept:master_v1_8a370b6542061a81","第三代半导体","","Concept"
"5ee55746-4a59-5d01-8d0f-f2a401c16211","chain_node:v1_50f364731b616ae766c8cc669f011166988e0d41","风电叶片","","ChainNode"
"5f0ec5a6-c5fe-5e5e-bdcd-49fb4816f359","chain_node:v2_f71e0f196a58fd2568e9ed10d4633ef70b35a913","商品玉米","","ChainNode"
"5f19777c-83f8-5269-9daa-4121d14355b3","chain_node:v1_10e4487a0c6f9c200950198052b3f2ae53c25142","锂电池","锂电池概念","ChainNode"
"5f1da363-a5c8-501b-9054-2a6d7b584dcf","chain_node:v1_6c6de763e85297c597608c4a670977eb4265dcad","公路货运","","ChainNode"
"5f26db22-d8a6-5b8a-a59d-6868010f8ee0","chain_node:v2_5fe2220eb2d8340b2da804400b6c39f187cf0571","水性丙烯酸树脂","","ChainNode"
"5f3b96d8-8621-58cc-8762-16cd2a465436","concept:master_v1_2eddc065396c2dff","军民融合","","Concept"
"5f3fb21b-48ab-55ea-abfb-2e03fc4519bb","chain_node:v2_89716838fade12dba8f8da6e70b0c5afee818670","人用疫苗抗原原液","","ChainNode"
"5f4485f7-94da-5198-84b1-17c3a888c9e5","chain_node:v2_e76404f0177e9be2ead9f19d32d1062f0f314a3e","5G CPE通信终端","","ChainNode"
"5f4c2337-3ebc-5d5d-b5e9-0b93e9668cb1","chain_node:v2_ab079f2305b67cdfa65aee8673a653d3b9e24316","企业应用软件","","ChainNode"
"5f64d05b-5380-5a9f-b9e7-1e9f58e4a546","chain_node:v2_1e9b04ef0af16212cfa061079db729b89f1717e8","圆珠笔芯","","ChainNode"
"5f7195cf-32c1-57cd-82d3-0cda33c48b6f","chain_node:v2_9f0fe9406b53ebff4f316bb73dba9f687442e5cb","大数据计算与存储基础设施","","ChainNode"
"5f836681-2e2c-5852-b00b-37909af3b0a7","chain_node:v2_fbe52b22894ab345523b6f0e80d73d2cad7e2611","测井数据处理平台","","ChainNode"
"5f91b2f4-b2af-572f-87f0-e8dd5a756b8a","concept:master_v1_7bc3e7951ead01d7","昇腾生态","华为昇腾","Concept"
"5f9b573f-cf7d-5bda-a382-d096895b8a1e","chain_node:v2_9155e846c3b42071ead00d3eafdd9a0541fb8b1a","诊断用酶","","ChainNode"
"5fa8cca0-b643-59c9-b9e0-2e08a49f6a80","chain_node:v2_1a37629880c6aa8fab59e48698c1ff454105fc11","兽医免疫接种服务","","ChainNode"
"5fd7e261-44ab-5274-86e1-e25a0d4a738e","industry_chain:prepared_meal_products","预制菜产业链","","IndustryChain"
"5fd85009-492e-5726-ac83-17ff527c97e2","chain_node:v2_7456b894921a1fd8ebe80bfffb15920f9157a321","食品级赤藓糖醇","","ChainNode"
"5fdf5c57-6e95-5e1a-8044-acfbb3b9b061","chain_node:v2_64e6f7b239a6a06ed17b5f260323e0f76d333e19","征信与信用风险管理服务","","ChainNode"
"5fe2252b-fe05-5c78-92c5-82075b87f510","chain_node:v2_7d3f75c019addd51612e59110779de9bf99e9f23","在线教学云平台","","ChainNode"
"5fe2f908-376a-54bc-87af-ca7ac3c0b891","chain_node:v2_b9c7deea006bd20f0551c31b90802cc55a826cdb","数据交易及运营服务","","ChainNode"
"5fea58d2-0666-5871-8bb1-c7bd6adc3193","chain_node:v2_7363f30ced3fea68ba527015754cd88f12452bf3","市政给排水管网勘察设计服务","","ChainNode"
"5ffacdb7-b5f9-5a34-be0d-a6fd6776c431","chain_node:v2_332b37d051080c0c26323f0f4c5513e932c0ef19","洗衣机控制器","","ChainNode"
"5ffdfbdf-8629-5986-9599-c32005e96564","chain_node:v2_a9abfaf100ca18221b4432de8df44adc004791d9","NAND Flash存储芯片","","ChainNode"
"5ffea985-a5fd-5e0e-8c5d-e17670a76cf0","chain_node:v2_620c84480a22bfcd1724166bb404adc7530121ef","通信光缆制造服务","","ChainNode"
"6002f1ce-f7de-5e63-af7c-3620e16d3785","chain_node:v2_635181478326949c66f08c02ea909d69a2f819c4","开发工具与API管理平台","","ChainNode"
"6007f223-fe27-519d-acc0-9b5e54aaa44a","chain_node:v2_f169554c894d8bbb20502451cbbbfc4b4a50748c","SCR脱硝工程设施","","ChainNode"
"6010e24b-cf43-55ea-8696-d68d50488b80","chain_node:v2_6ac54b34d88bcc999186a228279c755c44b01e19","表面活性剂","","ChainNode"
"60221ba5-3606-53ef-b785-e29b6dcc5d8e","chain_node:v2_15bf0b1d554a348dd3a680bd47996349dca65365","晶硅电池金属化工艺","","ChainNode"
"60477c4e-13fb-5659-8946-40f4a4625476","chain_node:v2_840af9db49d426971fff94419f1d6736afaf18a1","分立器件晶圆制造服务","","ChainNode"
"6057b0fb-f6b1-5dd2-be24-ba8183c70de4","chain_node:v2_757c5875da076b684fc29b23c52f86f6e9245b7f","氨纶弹力针织面料","","ChainNode"
"6057fe09-49ce-5e3c-b367-cb68f37c9769","chain_node:v2_99c9a1f0e90e83a6914f72da384e9bc1e4f2cdc3","拉链","","ChainNode"
"60591a85-9e1c-5617-acc6-2e494d2a36d5","chain_node:v2_176541a3e6810412ab4d91f4f5fd361bc98ca67a","仓储控制软件","","ChainNode"
"6067dc01-3753-5231-874a-13a4bb79f892","chain_node:v2_46841e6854c32ea83cd661347ae3f8430d0b9382","分散染料原染料","","ChainNode"
"6068cb2d-42a7-5c1e-bf3b-da6bdfb74ea8","chain_node:v2_61897993fae85c4d52fcc96571dcbbe8de78278a","免热处理压铸铝合金","","ChainNode"
"6074f556-8676-5284-890e-ba9ec2faae45","industry_chain:photovoltaic_manufacturing_equipment","光伏制造设备产业链","","IndustryChain"
"60757930-cbce-5412-9bc6-4d285e12f071","chain_node:v2_c47924f8785add4372de3948ad6a426657570aaf","高压氧治疗服务","","ChainNode"
"60927263-c0fd-5c02-83f3-999d42993dd6","chain_node:v2_45dcafeac12842c8e32614ab4d8b734415685b65","星载导航信号生成载荷","","ChainNode"
"609e6ef6-36b9-5996-bf69-6b6e8957ada2","industry_chain:rail_transport_services","铁路运输服务产业链","铁路运输产业链","IndustryChain"
"60a03e85-7f4f-5588-8962-a40ff4b581d9","chain_node:v1_ceb986e4206a64b14e30c962340f111caab340e3","汽车经销","汽车经销商","ChainNode"
"60b32ea7-1a74-56a0-a302-a365d607985a","industry:sw:workbook_snapshot_v1:240504","其他小金属","","Industry"
"60ce6e61-2982-57c0-9543-28fe9fe7bdc5","chain_node:v2_a820979b40b4e6c606e03b57c92a72e5d354f5fd","建筑防水工程施工服务","","ChainNode"
"60ef45fa-7cb0-5c1c-bb8a-4b573a4bd338","chain_node:v2_718b23799221a92d7563aa5e7e13a5684e283383","游戏渠道接入服务","","ChainNode"
"60f41f3a-34c6-524e-8427-d17e5d121eb5","chain_node:v2_bcb49db0c5d0ee7c76896697192d410d52c55415","碳化硅外延生长服务","","ChainNode"
"61036fa8-10ed-5548-9a50-502f99f9043f","chain_node:v2_7236f74a593a42714fed0ac6df81d327a84a3f6f","桌面游戏发行零售服务","","ChainNode"
"610f4494-5490-54a7-adea-64f008cb9104","chain_node:v2_681dc20780612c360c6ae9968babe1759dddfae3","热轧钢卷","","ChainNode"
"611e2348-86dd-535e-8e93-ad81ac5003e1","chain_node:v2_10476f1cbf40b89162c95f9b9e98c54b12c5a7a0","超导磁体系统","","ChainNode"
"612e30f2-21aa-5761-9e87-1cbaed177fc5","chain_node:v2_85fccca260782b7cb8d2ea77d4f45f5706f025f2","硫化物固态电芯制造服务","","ChainNode"
"612ec467-900f-5c49-b7a1-95dd82354f57","chain_node:v2_ee785142c494d0b39f234f3013d6009edd3109f6","高速公路路产基础设施","","ChainNode"
"615c41fe-5b16-598f-9dd2-880ee3b973ae","chain_node:v2_9cc6a4cba07b2d4afd75a453eb85aab8dbb5fcb0","智能合约引擎","","ChainNode"
"615c713e-c80b-50a5-87a7-6d6ceee0b188","chain_node:v1_f3498233577b49d6ff499eae5b586891f3a6584f","护肤品","","ChainNode"
"6191fb12-dd24-5684-bce5-133e9c840887","chain_node:v2_b8799bf1821e23d50f1ff053d89039bf2886f59f","舰船用特种钢","","ChainNode"
"61c50e09-80b0-518e-ac88-7373d1f3ffe4","industry_chain:real_estate_rental_brokerage_services","房产租赁经纪服务产业链","","IndustryChain"
"61f87274-f76a-5926-bb35-ca2d68bef9c8","industry:sw:workbook_snapshot_v1:330303","个护小家电","","Industry"
"61f94b7b-c4ea-56e7-adf8-df529e0060bc","chain_node:v2_7ae6203961050d37fa5930e246544e8c5b047562","手表玻璃","","ChainNode"
"61fac18b-8655-5ab3-8980-307926bcd389","chain_node:v2_7a0e794e356977aeefe36a63fa87ac033c6c0378","自助支付系统","","ChainNode"
"61fb69d1-3442-57d6-9d1e-471f5f9d8066","concept:master_v1_c3c0184ffb80b241","特斯拉生态","特斯拉","Concept"
"61ff7902-d9de-5ee0-9148-43a037651044","chain_node:v2_ba1c5ceab50a0bf6b0fb53a6dd5ca5d9f35f1d9a","太赫兹时域光谱仪","","ChainNode"
"620c6e29-5b50-524e-9fdd-c55ef6e0e283","chain_node:v2_32ccbc25a251154293c03ec054b0105df6c7e010","城轨供电信号系统","","ChainNode"
"620e330c-1c9b-5ab0-9d64-442038695597","industry_chain:baijiu","白酒产业链","","IndustryChain"
"62482196-fd3d-5224-831f-044ea0fb4ef6","industry_chain:digital_image_media_services","数字图片媒体服务产业链","","IndustryChain"
"6250d173-7ea3-53b7-be18-3a46c3a9372f","chain_node:v1_8d45c64433cab9a004acfc4cc787169e6e53a67a","光伏组件层压机","","ChainNode"
"6252b467-33f3-5b63-aa15-19124ed5e1ce","chain_node:v2_a8e2ba6733ded6acc1f00d846d960b7ae4682475","油气炼化设备材料采购服务","","ChainNode"
"6257148b-27f9-565b-94eb-2d9e6a84ff8f","chain_node:v2_c12484e0902979742a6b5efe9e44f6a0744a3ca4","数字内容版权授权服务","","ChainNode"
"625fe885-3d97-5db3-a178-7e78f096ea56","chain_node:v2_ed89a8f40843ebe450864a64d90e6933ab301f7f","军用飞机机体结构","","ChainNode"
"6273079c-58f1-5087-b05f-ec9d9dd75b8d","industry_chain:wind_power_generation","风力发电产业链","风电产业链","IndustryChain"
"6287bd19-4134-5df6-b1bc-397f5db18a38","chain_node:v2_7d2d9cab3efd49a902a16cfef2b35aa0085c145c","石墨液相剥离加工","","ChainNode"
"628952a7-defc-5e76-a84a-e8f5ae0ab7b9","chain_node:v2_c1f69b6d0456457f58abf977a1fe9ed9caa59d12","油气集输与初步处理服务","","ChainNode"
"629b0d60-aabd-5438-ad89-7f16e5aea787","industry:sw:workbook_snapshot_v1:220800","农化制品","","Industry"
"62b75b0a-cac1-5475-9aff-28b3b446e9ba","industry_chain:military_fixed_wing_aircraft","军用固定翼飞机产业链","","IndustryChain"
"62c9b85d-b7d6-53db-bc2d-0b081ef80962","industry_chain:integrated_tourism_services","综合旅游服务产业链","","IndustryChain"
"62cbb9ae-2356-5ed2-9eb8-ddb0665eb414","chain_node:v2_bb667d23de05c43016f2a18b8912ec6e16aeeeb0","离子膜氯碱电解","","ChainNode"
"62cfd327-6ea3-5cf7-af94-a5cade025030","concept:master_v1_7e329a4f305d89d2","新能源产业","","Concept"
"62ef6a22-48ce-5427-bab3-02891261af4d","chain_node:v1_77e94a6ec349a7e4b877c6e7b606c210581820f7","土壤修复","","ChainNode"
"62f04495-7b87-5f45-83b2-5f9a55a187c7","chain_node:v2_8d843261c3a9799265021ec503a2ffc4202194c3","休闲食品用坚果与谷物原料","","ChainNode"
"62f484cd-9a84-5f4c-9876-4818fe8221c7","chain_node:v2_cac2c860f37c910643e2f4cf172a6a83215f5296","C2M定制制造服务","","ChainNode"
"6303fbc5-580f-59e5-8d88-104599b1395d","chain_node:v2_4f5627d849e63ee94ad334fd945d0b45a07f4e29","油气炼化调试验收服务","","ChainNode"
"630bf671-8ba4-59d3-bb58-bafd9e634953","chain_node:v2_f080c199f7165d4d556c0818b41f47d2490b50b2","航空作动器","","ChainNode"
"63144351-a147-535a-9038-3d13fc22241f","chain_node:v2_476ee4b7033dace80bb609971d4b843c983133a5","房屋租赁信息平台","","ChainNode"
"63167270-bd63-5351-8805-ce45c5ca7275","chain_node:v2_6ce1d822e9f7a14b89a70402951bdf63f36c27c0","智能语音基础模型","","ChainNode"
"631710b0-0ede-50ed-87bb-6e5822384723","chain_node:v2_a18f02f54545a641617414ff1152bcb6ead0104d","乘用车动力总成","","ChainNode"
"63190981-7298-5e76-94f5-567e7fad8691","concept:master_v1_44e0edfbd1c015ae","时空大数据","","Concept"
"63256b8d-c17e-5ea9-9af0-61f25d497459","chain_node:v2_c241129c97e7d4f02d63a792901f9eb2df4de149","低压断路器","","ChainNode"
"63284365-7576-5e02-a166-aaeec6267989","industry:sw:workbook_snapshot_v1:630703","锂电专用设备","","Industry"
"63297d78-07b8-572d-acad-abf5f9f81b59","chain_node:v2_8fcd3008cdd2a00a73134b6248b64ed8d0c9445b","先导化合物发现服务","","ChainNode"
"6343c827-793b-56fd-ad8e-7dc03667c997","industry_chain:online_education_services","在线教育服务产业链","","IndustryChain"
"6359827c-7c6d-5b6a-a83a-78c5efc56bfe","concept:master_v1_08d9e999983ff1a3","体外诊断","体外诊断概念","Concept"
"6388d0b6-4e47-5e6f-bbde-00b183be6952","industry_chain:video_game_development_services","电子游戏研发服务产业链","游戏研发服务产业链","IndustryChain"
"63a36146-ce4e-5803-9ec9-63a35678693e","industry_chain:true_wireless_earbuds","真无线耳机产业链","无线耳机产业链","IndustryChain"
"63a3b4ab-bbc1-557d-a888-c6fc0d396c16","industry:sw:workbook_snapshot_v1:430300","房地产服务","","Industry"
"63aaffd9-cdc8-5be1-8995-d100286f6521","chain_node:v1_0457579e1838b6a3432f5e2d7b18e182546dba51","LED外延片","","ChainNode"
"63bf79a4-d3ac-56d2-9a3c-5a2072dbc1a2","industry:sw:workbook_snapshot_v1:640204","楼宇设备","","Industry"
"63c45473-880e-5839-aa85-1e6703d005ff","concept:master_v1_053bc6bebce5cef1","蚂蚁集团生态","蚂蚁集团","Concept"
"63c95557-38be-5dbe-a09a-95c53e5848ce","chain_node:v1_709dfcbd8e595e6335541a58777d2ed39e6a4973","肉制品","","ChainNode"
"63cdaec8-ffe4-5d55-9df0-f543dc9017b0","chain_node:v2_18325770d6e6c8330592af7028fb651c4096b02f","储能资源组合","","ChainNode"
"63ebe121-9547-576d-a46b-976bdd0b11b8","chain_node:v2_fe82b93f5b1ec926456b5561e8bb731bcd90b62f","数控激光加工设备","","ChainNode"
"64100808-8935-5307-afd7-02d82af7dda7","chain_node:v2_6466e587cbf155b878ae6dd97a78c1e321657a89","工业机器人本体","","ChainNode"
"6412c787-685a-5019-b278-dfde088b5add","chain_node:v2_1ececf312fc5e54a14fc40850dfc4738bdb46176","输配电成套系统","","ChainNode"
"641cf4ce-178f-56ba-b922-239b696cf715","chain_node:v2_42e8783fab9427b70ca75a28dc683e5fbc7184f3","风电玻璃纤维纱","","ChainNode"
"641dd51f-0935-5e8b-a18b-84fdce92b09d","chain_node:v2_bb2dcc1875783597bc606c6ebec53c546176aa5f","深度图像传感器","","ChainNode"
"6467bdc1-b4d5-5013-8818-997d696dba70","industry_chain:communications_satellites","通信卫星产业链","","IndustryChain"
"6485b7a6-2413-5aa4-9251-5211fb032313","industry:sw:workbook_snapshot_v1:330301","厨房小家电","","Industry"
"648aea83-6307-5e65-af8e-28a4e7acbc51","chain_node:v2_e96b688319fdd792fb2e30dbfbad01b4fb11661d","国产操作系统迁移实施服务","","ChainNode"
"64aac964-f6e3-5324-b1e0-e59c0c320afd","chain_node:v2_3059cf5e588ff31b27a21888a559fae629d26b28","离境退税商店经营资质","","ChainNode"
"64b7989d-56fb-53b4-a701-668f8cd391eb","industry_chain:reclaimed_water_supply_services","再生水供应服务产业链","","IndustryChain"
"64b7ae93-209a-5a8a-9937-7cc102652510","chain_node:v2_cb1d70d4e42dd1eaff32a914889dbffdc6dfd588","商品原粮","","ChainNode"
"64bea145-d842-5fa5-b79c-639d349fcc17","chain_node:v1_bdaca90432e6a07968b16654b8ad2aafd27d0f3d","金属铅","","ChainNode"
"64c8b4fd-ed23-5e5b-9317-c5ff185773bb","chain_node:v2_d40de7511ffb96c0a78c837713bfee07c2a284b3","镁砂","","ChainNode"
"64cee2f8-8ffb-5701-b1c3-8aca3bff74ec","industry_chain:construction_supervision_services","建设工程监理服务产业链","工程监理服务产业链","IndustryChain"
"64e034d9-b607-591f-b9f5-4e4005470151","concept:master_v1_8794af30a51824b9","国产芯片","","Concept"
"64e80e1c-55f7-5628-b346-02b307070117","chain_node:v2_65b0074de6e9d44b27a8c49dba0c5fcf9a02133c","印刷包装机械伺服驱动系统","","ChainNode"
"64eeeda9-add4-5897-b3c3-714846ec99c8","chain_node:v2_39643205c0a88e16401426c261fb2c522e870ee2","热轧板卷生产服务","","ChainNode"
"6503c809-7817-5b62-bc89-f7bdca0ac4c8","chain_node:v2_c2814d0a59b9eea3646307650a0126a880015fdc","再生水深度处理服务","","ChainNode"
"6515757e-34aa-549b-a01b-b27a1721647a","chain_node:v2_9f9351bc9a8b3b49d650d0bda33601e81efb6439","氯乙烯单体（VCM）","","ChainNode"
"651decdf-f074-5774-ad3b-fedd64e47814","chain_node:v1_66df1c3099e534ed6ed15e53a9719358ae501af9","固态电池","","ChainNode"
"652cee75-ca48-5c0b-bac5-23f0f4771a24","industry:sw:workbook_snapshot_v1:490306","金融信息服务","","Industry"
"652d2f1e-3d29-5a79-869a-bc7162fb48bc","chain_node:v2_ac62cbf76572d7c7b4ebbe4075647b838ed99e90","保险精算定价服务","","ChainNode"
"65302b5e-3191-59b7-8bb8-4ac0bf65f0d1","chain_node:v1_fdec8a9fb0ae752db9ab63c9fab85ea7411574c1","便利店零售服务","","ChainNode"
"6533a364-5ed9-5a6a-be7b-18797616fa7a","industry_chain:pumped_hydro_storage","抽水蓄能电站产业链","抽水蓄能产业链","IndustryChain"
"6537a632-9415-5520-a598-c1fbc32f4974","industry:sw:workbook_snapshot_v1:360100","造纸","","Industry"
"6549d8d4-9987-51b4-a494-e98c706d4779","chain_node:v1_baede28a2e8a35297067f9c9e8e77b297d7fd237","特高压输电","特高压","ChainNode"
"6552a3dc-500b-5a7f-a1ca-4389a150a47d","industry_chain:tcr_t_cell_therapies","TCR-T细胞治疗产业链","TCR-T细胞疗法产业链","IndustryChain"
"6553ec58-2270-5858-ba67-b3868933913c","chain_node:v2_b807f7330c3ae6a029fd362f8e2d979ad5810b35","全价宠物干粮","","ChainNode"
"6562aede-98bd-5fa2-b8cb-b9151bb88abe","chain_node:v2_1e0c55e731a9f3b8e9ee4e3014b56d74af39437b","铁矿选矿服务","","ChainNode"
"65679f94-18f4-5ddf-9c98-bee2323f4945","industry_chain:in_vitro_diagnostic_products","体外诊断产品产业链","IVD产业链","IndustryChain"
"656ca17a-a416-5670-884c-df2d023fbb89","industry_chain:advanced_semiconductor_packaging_services","半导体先进封装产业链","","IndustryChain"
"6574d801-d7a0-5cf6-b4e6-b601ae2f1ded","industry:sw:workbook_snapshot_v1:330300","小家电","","Industry"
"659df034-0b2d-503f-84ae-20cbb2f58c79","industry_chain:electronic_grade_glass_fiber_cloth","电子级玻璃纤维布产业链","","IndustryChain"
"65a2730c-851c-5c92-a0d7-2f4b379edca0","chain_node:v2_e6f555d6e727d147270105ac8edaf98882c0e8db","油气炼化工艺包与工程设计服务","","ChainNode"
"65a3983b-1697-5050-bec8-b86f2cda8f03","chain_node:v2_13db2cd35df26e04844576b23e218c68c3feda8f","光学遥感载荷","","ChainNode"
"65b195fb-85ae-59b0-9115-8a47bc4a404a","chain_node:v2_786deb1ef133eedf19a38c3ac002b01e0ac915f3","无线闭塞中心","","ChainNode"
"65b6db97-c256-5630-ad29-7af24a5aba4b","chain_node:v2_c45cb5a053d1bf4c4a93c6ee3b63196756d8daaa","水库与堤防施工服务","","ChainNode"
"65c3b83a-233b-5605-bfac-8624c8793638","chain_node:v2_2f27da48363fbb50fcff6974eed7a48ea8d2db0d","出版内容审核服务","","ChainNode"
"65ca3abe-1001-5c75-b288-735dbd7d271b","chain_node:v1_6ab65864cb25d75bbcc138522c135b2a2cf96ce0","ERP","ERP概念","ChainNode"
"65ca7eb7-afb6-5c7b-b804-1140ec7b6938","industry:sw:workbook_snapshot_v1:110402","畜禽饲料","","Industry"
"65cd44e5-a7e1-559e-bda9-6b371ad9f81c","chain_node:v2_4d87cd8925be5ecb9a1933586d08616e1db7fa4f","聚丙烯改性服务","","ChainNode"
"65e1cb0b-ccc9-5286-9a2f-6edb83d07057","chain_node:v2_f93e2401bed424d8a0c51572b6dd5d9ab948fd05","新能源汽车公告认证服务","","ChainNode"
"65e9513e-66c8-5da7-9621-78af35c5dd5b","industry_chain:energy_storage_power_conversion_systems","储能变流器产业链","储能PCS产业链","IndustryChain"
"65e9c8dc-e9b8-5e6e-983d-0992d8978351","chain_node:v2_d7a290683f38d4e54c44cdb051b5933201efc8db","丁苯橡胶混炼服务","","ChainNode"
"65f1b3d6-d12a-516a-ad30-09cc77b6eed7","industry_chain:hydrogen_fuel_cell_systems","氢燃料电池系统产业链","","IndustryChain"
"65f9f20c-38d4-5db8-a1a4-76e95f67641e","chain_node:v2_6a79953bb916f5e581d90a42a62e610742b66ebc","住宅工程施工服务","","ChainNode"
"65fc020c-c6d9-5b6b-a02a-d093d19f76a3","chain_node:v2_9f874cada6ac611e591fa53d96144a685930fb8b","产品认证服务","","ChainNode"
"6607ab82-4f97-5aa1-b820-28ab08036ccf","chain_node:v2_2ca6070880b4f6ba6548e3285d6fa146077f32c4","生成式AI应用服务","","ChainNode"
"66136a76-9545-590a-a529-c2b20fc0ca46","industry_chain:blade_lfp_batteries","磷酸铁锂刀片电池产业链","刀片电池产业链","IndustryChain"
"662ea633-54dd-560b-bea0-71fa06c08819","industry_chain:anti_obesity_drugs","抗肥胖药物产业链","减肥药产业链","IndustryChain"
"664af4b9-3988-5a48-8e33-46b49d89a764","chain_node:v2_36ca6298922cbeefbde86c43f78a2c8748939ccd","改性聚丙烯材料","","ChainNode"
"665bca28-7284-5011-817d-b357a2541134","chain_node:v2_9837745260bfc88329a7d723f886fc0a96629dcb","柴油车SCR尾气后处理系统","","ChainNode"
"6673f2d0-2995-57bc-9d63-fc76ed1b9e37","industry_chain:nearlink_wireless_devices","星闪短距无线连接产业链","","IndustryChain"
"6684dab8-9cc4-534c-8a1d-51b0706068c7","industry_chain:digital_human_systems_and_services","虚拟数字人系统及服务产业链","","IndustryChain"
"668754aa-0c7c-5f4d-be89-97aca19c14c1","industry:sw:workbook_snapshot_v1:730103","通信工程及服务","","Industry"
"6699fb69-3a6d-5af5-8a0f-e336ebeb8895","industry_chain:electronic_vehicle_identification_systems","电子车牌系统产业链","电子车牌产业链","IndustryChain"
"66a5ae3c-15d0-5282-9797-0b786fdaa521","industry_chain:fashion_apparel","非运动服装产业链","大众服装产业链","IndustryChain"
"66d7b436-c624-57e4-a4d8-d25cb023ae74","chain_node:v2_da6ac3d657c68139fb62233e0364190123f1b24b","快递干线运输服务","","ChainNode"
"66e9b46c-e72a-5c61-bbea-288b22ea21c2","chain_node:v2_a1eecb6ba95e4d783d6622dfea573dc959308bc1","碳纤维预浸料","","ChainNode"
"66eb3941-e954-50f2-ae87-75a099cae816","concept:master_v1_29acdb025d4910d3","医美","","Concept"
"66fdd60c-1d37-53a5-9e90-a90d633f35c7","chain_node:v2_3015289386f97faa1b4886689da11399dd340fe7","灯杆边缘计算网关","","ChainNode"
"66ff9d4b-ab13-5b4a-a7a7-f292ab4d603b","chain_node:v2_5b2721aadbf472d562cb6f441f8e2abf16376901","生鲜乳","","ChainNode"
"6706d880-41b0-568e-826f-5dcf931a5daf","chain_node:v2_c4f98e3bc9709eb4caea386e471082ef39227200","运载火箭航电系统","","ChainNode"
"670bcd8a-72aa-5105-a475-73f6ad8d29ef","chain_node:v2_b54c6a8d86b8f0324ef3adb20989a96b4c170f01","军用固定翼飞机保障维修服务","","ChainNode"
"67128a6b-649a-5b70-94f6-e311e71c32b2","concept:master_v1_49d723ebd525cf10","纯碱产业","","Concept"
"67288cd6-8c08-5651-8cc6-c786f8c85952","chain_node:v1_6aea693355eb0e57026bb8cad1e6a0833f790959","生化诊断试剂","","ChainNode"
"674eb857-c687-5031-bcad-5ac033f21f65","chain_node:v2_023c13fa48d44c97bd436ea42e8effc4c3ff1c85","低压成套开关设备","","ChainNode"
"675bf6c2-5529-540b-a6b2-6690127c748b","chain_node:v1_07bf1ed668d7bf7c554625133bb921e0de05f478","燃气供应","燃气|燃气Ⅱ|燃气Ⅲ","ChainNode"
"676137c0-322f-5d6f-95d1-049c2866f98c","chain_node:v1_e96ebd5a37bde51eb3f4b6ac38dbf8c9af04a798","云办公","","ChainNode"
"67770f77-ae6b-5b02-8af4-8dbdb83f2850","chain_node:v2_a72586efc70b4df4004b11786e0f8b325fd2356e","染色成品布","","ChainNode"
"677d3c66-b4ac-50a5-bd70-7bc8c60d7cee","chain_node:v2_13dc268f099c0f3e1591934308bf007f141fee67","公交场站基础设施","","ChainNode"
"67879f32-2121-5971-8aa2-025a0f32ecda","industry_chain:industrial_electric_motors","工业电机产业链","电机产业链","IndustryChain"
"679773fa-364e-583b-a04b-ae3d2097b777","chain_node:v2_d2c6c40d897842ea0bf6dd0f70072ac0eb080a92","防晒活性成分","","ChainNode"
"6799d05d-531d-5f83-ae8f-9609ac35a209","chain_node:v2_6c913d4fd8a96c8b9105bd1c36638b34da94419e","车用尿素溶液","","ChainNode"
"67b28550-b5a4-59c1-ad2f-91f06005f9ed","chain_node:v1_df712b6ca1bf9554cee303d16b29b4a9318059b9","合成树脂","","ChainNode"
"67c3ec20-585d-56d1-98c7-541c3f54ea53","industry_chain:hotel_accommodation_services","酒店住宿服务产业链","酒店产业链","IndustryChain"
"67c7d536-34e5-5528-a98b-a08410639b9c","chain_node:v2_759f8ba094639541f55010f56bcb46fdb9810da9","标定地层测量传感器","","ChainNode"
"67c92085-fe5c-5681-b3fa-27fa4bffd102","chain_node:v2_01a6ad7dcb649f0708a3eadabe35d89c00a2a857","银合金粗锭","","ChainNode"
"67d15559-ad6d-5954-b25f-9a889ef3e62a","chain_node:v1_9200f370c35520d6614d56afb05018dd4ce1f4d7","海洋捕捞","","ChainNode"
"67df0f77-1297-5ecc-957e-600bba68f33d","industry_chain:municipal_pipeline_construction_services","市政管网工程施工产业链","","IndustryChain"
"67f02e58-e1fd-56ff-bad2-37029bb2df56","chain_node:v1_c236a66878e571c7791a6a2fc885d049d71104cf","汽车轮胎","","ChainNode"
"680533b7-4bc5-5562-9c90-12bcd5ebc923","chain_node:v2_dadb50dbd874a126f95352d73807c4798b632bc8","核辐射监测与检测服务","","ChainNode"
"68058bf2-8842-5c65-97e1-3434ccf4b243","chain_node:v1_a444219f3aa0e87383c39ec068b8e923f67bf367","水产初加工","","ChainNode"
"6808d46e-43f7-50ad-b0cf-5b7c0ff98ca3","chain_node:v2_dde0d117533b9f351113a0947256ee408bcc10ae","粘胶原液制备服务","","ChainNode"
"680b7622-d3c2-5f8d-98f5-0ba25ec95a4c","industry:sw:workbook_snapshot_v1:330700","其他家电Ⅱ","","Industry"
"682a4b4c-3082-5a4e-9224-f0d55fc7ddc9","chain_node:v2_a97f8763892794ec880b17c73e09a164693ede60","护肤乳化表活基料","","ChainNode"
"685b968f-961b-51ed-b3ba-c7cc99cd3609","chain_node:v2_21f13edf9fb5f03848f1d67523316939b8bb0e6f","厨房小家电电机","","ChainNode"
"6862b9aa-17f0-56eb-81f7-f28d55eac20e","industry_chain:food_beverage_metal_packaging","食品饮料金属包装产业链","","IndustryChain"
"686a9d47-f2b3-5786-85b9-c7165099cc6f","chain_node:v1_fe29d7cc26829a89837bf2e7c3f521208b744a21","共享单车","","ChainNode"
"68790e06-ac60-5943-8516-40fb5d06257f","chain_node:v2_b4d060279a50a6ec8a10d43cdb3a7f40fad71c56","合规上市温控药品","","ChainNode"
"6896ebfe-8e99-588a-b770-5ab831bb65aa","chain_node:v2_e491e90da9ca999f2fd897591318c355592076bc","环境修复专用设备","","ChainNode"
"689a9bfc-0691-5f5c-84aa-856265931ce6","industry_chain:industrial_machine_vision_systems","工业机器视觉系统产业链","机器视觉产业链","IndustryChain"
"68ad89f2-b818-5b10-b979-40b91abe3d54","industry_chain:passenger_vehicles","乘用汽车产业链","乘用车产业链","IndustryChain"
"68ae537a-ad19-54e8-b429-2559486d96c1","chain_node:v2_550e48d3d55687e73f5dcb7468c689fac3914fda","水性包装印刷油墨","","ChainNode"
"68b70455-2f55-5fca-ba9c-c02598948e49","chain_node:v2_49d3b394d6bac4cdc881b5155d6b940c6646730b","显示面板彩色光刻胶","","ChainNode"
"68de6160-7c31-5df3-a18c-21748563722d","chain_node:v2_28b5b1cf176cba62a705b134fb8c3c64017c4ecc","岩土钻探服务","","ChainNode"
"68e122da-6f7b-53aa-a518-4722c0929ffa","chain_node:v2_b07b3e4d541839f4bfad0da1535e9ab703378026","医疗耗材院内配送服务","","ChainNode"
"68f3c05c-f2b6-59e7-ae21-8dc4ec06bf18","chain_node:v2_0aaa0547292c68620dd418b843532f15105aa084","储能隔离变压器","","ChainNode"
"68f71b29-4ad3-5fa1-92b9-8205dfee34ae","chain_node:v2_d40134f7aab8b06b289abe1fe9ad39f4a12075c4","合同物流操作服务","","ChainNode"
"68fefdae-bd22-5a7f-9549-b81d56da2e6b","industry_chain:automotive_power_modules","车规级功率模块产业链","","IndustryChain"
"690b3020-3808-5eb7-a97e-4272c720ba70","chain_node:v2_edddf1fde265f25c18963d01af71d61161bd582b","遥感卫星总装集成测试服务","","ChainNode"
"6911ee2c-7d11-5957-bb88-2775e25aba80","chain_node:v2_85610466c751a463e5f4ccc2d37f7038c93234af","照明工程安装服务","","ChainNode"
"6917bacd-596c-50bf-91f3-0b2e91b4b87b","industry:sw:workbook_snapshot_v1:330202","其他黑色家电","","Industry"
"6936a857-82f2-5a45-a134-cdb8557d6583","chain_node:v1_1f4d7fddea57a23e3e2a925d87a0e74c877bd8e6","书写工具","","ChainNode"
"69529720-95cb-513e-a58e-a43665d3b80c","industry:sw:workbook_snapshot_v1:710301","IT服务Ⅲ","","Industry"
"69902b3d-7685-555b-999e-20138f93c6fd","chain_node:v2_88ffc5caf5717b10655777f6ae163130856ed2e5","铁路信号调度系统","","ChainNode"
"69a69306-bf1c-556b-897c-d9733efba848","chain_node:v2_1f65a32ae53000274fca48ecda1f408704ee7024","超导磁体绕制与浸渍服务","","ChainNode"
"69aca913-dc60-59e0-8b58-a52d1aed6ca6","chain_node:v1_8bf58e3007f2c10dca7d6ae23307314077102159","重组蛋白","","ChainNode"
"69ad4257-30a2-56ae-b758-50479b29042f","chain_node:v2_958adbc49f48c03d01175a526e2d453ce2ed6018","包装塑料薄膜基材","","ChainNode"
"69af9884-af19-5b18-adb2-3b2b65d7bb90","chain_node:v2_538b149b906e67f168b15966af11576015185638","智慧管网数字管理平台","","ChainNode"
"69b64d2c-2e9b-5ae4-a7a1-4d3cdb8a5073","chain_node:v2_aa4a242ad9d08e2fa663f09d76d44321a2eb8f29","稀土分解浸出服务","","ChainNode"
"69c476d7-ee0c-5c10-a587-cc643776b967","chain_node:v2_28d1c60466650769d865ffe92b6498ca4130d9c8","旅游零售品牌商品采购服务","","ChainNode"
"69ccf075-9d8d-5558-ad99-01cde585b9b8","chain_node:v2_28edbb67b8240d522be0e87d91a202cb5cc69f18","电力电缆制造服务","","ChainNode"
"69df89cb-9722-5078-9243-0d7d6cb880c7","chain_node:v2_e9b2883cbbfb497584cde6449e7cc31631ec1fb0","页岩气集输净化服务","","ChainNode"
"69e182c1-ef57-5614-8443-af4214170958","chain_node:v2_3699ac49932993659ab16bdfb77514e4e5cf489f","机械表组装测试服务","","ChainNode"
"6a033813-6f91-5f25-8867-24a3bebb5edb","chain_node:v1_525497bcb14b828f49bac70cacb87f5c92e4c658","航运服务","航运|航运概念","ChainNode"
"6a0b7aba-8207-5bb4-807f-8d42a115aba1","chain_node:v2_21aa1a5fa906bb05ec9d922e4eeee5cf6d34b5d6","合格无缝钢管","","ChainNode"
"6a138ea3-d4ea-5744-864d-048ed35db323","industry_chain:tire_pressure_monitoring_systems","汽车胎压监测系统产业链","胎压监测产业链","IndustryChain"
"6a19a885-1802-5d02-87cf-dca5871a44d9","chain_node:v2_2ab12b1efdc0ef187e80ef0ff6fbbc47d0c63488","企业级数据库平台","","ChainNode"
"6a1a8488-14fc-5a51-9261-c552ddbc6bc8","industry_chain:non_degree_training_services","非学历培训教育服务产业链","培训教育服务产业链","IndustryChain"
"6a200411-fd2a-521b-a709-0b2daf79bf0a","chain_node:v2_6ec94269eaf462715dbcee9fe7e55e737b32c8f5","农产品收储销售服务","","ChainNode"
"6a279061-acaf-5dbb-965b-e5c371527ad5","industry:sw:workbook_snapshot_v1:240500","小金属","","Industry"
"6a2cf857-5c12-55f9-b54c-45085b84d8ad","chain_node:v1_ba85e8b4fb6e55ae9be1be4735140ed42d350062","运动服装","","ChainNode"
"6a362e0c-0d5d-5c58-8f9b-c1ed65f2e3b4","industry:sw:workbook_snapshot_v1:270106","集成电路制造","","Industry"
"6a37cc82-d969-51b6-828d-ceca452b6013","chain_node:v2_cbbd09539ef42d0860e6ecfa8226e398fb39f032","行业业务数据产品","","ChainNode"
"6a3c1f0b-72e9-597b-be12-d70727efb891","industry:sw:workbook_snapshot_v1:450603","电商服务","","Industry"
"6a4c6541-e449-5388-8969-a30368984cb0","chain_node:v2_7cb58105d1567388a4bee80de3a40225cdf07774","TCR候选序列","","ChainNode"
"6a54f6ec-259c-56c7-b0d2-77197fdab400","industry_chain:trade_publishing_services","大众图书出版服务产业链","大众出版产业链","IndustryChain"
"6a56c700-4f59-51a1-8573-8b7e5a1ca147","industry:sw:workbook_snapshot_v1:110500","农产品加工","","Industry"
"6a575edd-8050-57e5-b54f-ed6239061725","chain_node:v2_f5bb95a74f42d017e2d1af791e8809d008fa9091","电池级碳酸锂","","ChainNode"
"6a58c6c2-e91c-5a97-8c57-d0e80ad9709e","chain_node:v1_7717331ef1367f0cab92de6a27db06e5d5738031","肝素","肝素概念","ChainNode"
"6a60b51d-3d21-5d6c-9c05-ab095196fa6c","chain_node:v2_a55ff66f7326073be7140df9100e9543bc9cd0bd","VPN网关设备","","ChainNode"
"6a6c5940-88b9-5503-98dc-29d4344af16d","industry_chain:enterprise_resource_planning_software","企业资源计划软件产业链","ERP软件产业链","IndustryChain"
"6a886715-a190-5e27-9af1-2edac51b7491","chain_node:v2_43f7b8859c2c22d9f19efac1541d76d614a9848f","汽车零配件供应服务","","ChainNode"
"6a90681a-3276-52fd-ab13-91ec9edb2351","industry:sw:workbook_snapshot_v1:110703","肉鸡养殖","","Industry"
"6a97b07c-79f4-5fcc-a87a-7423f047daee","chain_node:v2_6591d077656aac863ce39fc90faed5c29b88ea89","工业物联网数据接入服务","","ChainNode"
"6ad721e8-0746-539e-b32f-f7e6eb109350","chain_node:v1_fefd5ae6df9cde609de5a7aa6b550a181b36b99f","车规级功率模块","","ChainNode"
"6ae8c08f-7631-5eda-9247-a054c0e04cd7","industry_chain:urban_gas_supply_services","城市燃气供应服务产业链","","IndustryChain"
"6aee4e50-67de-5c90-8b68-a74042c4588f","chain_node:v2_2d27642a5ab67cfac5e8f01e724edc1a12b8d477","锂电池制造产线","","ChainNode"
"6afc6e45-c7e4-57fa-b998-aa5981a9865a","chain_node:v2_b0235e0248f74335c09121b9f6a9e33948fd6d32","siRNA序列设计服务","","ChainNode"
"6b07e19b-eab3-5d51-8fa6-1c9c067bb09c","chain_node:v2_3ab2ae1f2864066161dc959a812c0334162be5fc","生态农产品","","ChainNode"
"6b16ac90-8789-5db6-b63e-1728e5682e4b","chain_node:v2_2b244f7980a719c7de924901e786a3a7546e8ff7","包装方案设计服务","","ChainNode"
"6b1febbc-7be4-5dd2-9bc4-8d40ffa60d1d","chain_node:v2_f2ff13c62f46c004751ada040c0712a5851af782","汽车毫米波射频SoC","","ChainNode"
"6b2dc8e2-0cb2-5760-a34d-63662c769b60","industry:sw:workbook_snapshot_v1:220401","涤纶","","Industry"
"6b449447-a09a-5e67-a88f-a641cb9247d6","chain_node:v2_0b0e78a607112348d948a9a5a5b6ea6b4cc5298f","新能源汽车减速器台架验证服务","","ChainNode"
"6b575cf5-5b5b-570c-835c-ef8818cce8b4","chain_node:v1_6852d9c7fa4f5d1e7ef5df186bea5b68801b16cd","收藏玩具","","ChainNode"
"6b6c1bd3-87b7-5d1a-b97a-27bdd023d251","chain_node:v2_762aa4015dbde95dcf83cb3dd107949bfcfa98b3","轨道交通票务系统","","ChainNode"
"6b87150a-c0b1-597a-ae0c-c4974889615b","chain_node:v2_b983e9c3c59806646c3902470ae4d8ed033077a1","载人空间站密封舱段","","ChainNode"
"6bc12fb2-8631-5d25-aef4-37571a363d4b","industry:sw:workbook_snapshot_v1:270100","半导体","","Industry"
"6bd42b71-3bd1-5850-962b-06ae684a748d","chain_node:v2_b51321729e99b4cbac56f6be9c24fdeb26eec3f9","镁碳砖制造服务","","ChainNode"
"6bd9753d-fd45-5fc5-b2ba-0d0565e175a4","chain_node:v2_a548f5e058ea4121d762465fdbf96304328cd41e","水处理仪表控制系统","","ChainNode"
"6beb4593-8cd1-579d-96d2-decb9ad227ff","chain_node:v2_053d10b0fee24036358e008476a4b4812c784f06","数据分类分级引擎","","ChainNode"
"6bee4801-3fe7-5653-a44b-06d7238eb6b3","industry_chain:enterprise_training_services","企业培训服务产业链","","IndustryChain"
"6bfc9d14-a3c2-5f36-9c3d-5c1ffdfd5af1","chain_node:v1_226e07bafb0ed73f41962329f2f4f6ae1eaa60e7","输变电设备","","ChainNode"
"6c0c1525-5536-53b6-9947-e24a91e7909b","chain_node:v2_7401f88c21ef989b2a24677162bbbb0c93eb4afa","医院诊疗设施","","ChainNode"
"6c41cbac-b358-59ca-915f-a5747f8c1224","chain_node:v2_237b12db9ce4bb8155ec354fa5d23f4b7f760eac","玻璃纤维织物","","ChainNode"
"6c5ebe76-a26a-507e-a90c-9ecfdabc4d6c","chain_node:v1_dc11ee6c0b8a8400c625b2eafa285f84061bd0f5","盲盒","盲盒经济","ChainNode"
"6c6a2c01-ea1a-5fa4-9dda-be1dc1f0d323","chain_node:v2_07819f3c58b5b3808fb0017a7bd8dc463804efad","Wi-Fi天线","","ChainNode"
"6c71b35c-8dd6-5963-89c4-add242bbd024","chain_node:v1_51330a095134e206ca1edb53361749e7ef311c92","学历教育","","ChainNode"
"6c7b49f5-26b1-5e64-ac3f-4e254a1bcfa0","chain_node:v1_51efd6b3143708d387ee3675eab8693c574b8aff","光伏扩散炉","","ChainNode"
"6c7b4e1a-73ad-5032-82e6-45165c7652c3","chain_node:v2_4cc15fdb209bf89f46ced4d550bbb3246edb6674","创新小分子药","","ChainNode"
"6c7e8cad-5c79-54a2-8386-ba28d5cb7e89","industry:sw:workbook_snapshot_v1:460000","社会服务","","Industry"
"6c82974f-b5f6-5b40-8bda-0121acbfebf9","chain_node:v2_1760d65e378e492f304e28b59a730735e9ac63ed","无线充电发射线圈","","ChainNode"
"6c879853-8229-53b8-87f5-dc82f551ce86","chain_node:v2_80982ef79fde02e019f4fc702aa13d003960756e","电力工程采购服务","","ChainNode"
"6c92f60c-45aa-5751-8115-67bdee10e0d4","chain_node:v1_9c48c41d5952ba7b0aa101a69ff298436f0aa66a","单晶炉","","ChainNode"
"6c9e54da-0cab-5784-b1b2-b82a67370481","industry_chain:precision_medicine_services","精准医疗服务产业链","","IndustryChain"
"6caf74a1-0c75-5e37-8047-f4691ea80c06","chain_node:v2_d5c8cf17ff9eb2765129e0a332fda3a6491383eb","合成生物发酵设备","","ChainNode"
"6cb3a8c0-d7b3-5017-b05c-0e8b784aa51f","chain_node:v2_2d592f7a2eb0ad805fc17e468d5d9e0776ba49ee","航空母舰动力系统","","ChainNode"
"6cb62f6a-336d-5c7b-ab3e-60361ac041e0","chain_node:v2_6d725735f9f9aecb5b9d51cb156b191450771b0c","数字货运调度平台","","ChainNode"
"6cb73778-7f1f-51e8-b169-76b650dfb0bf","chain_node:v2_f13fd30051e97386ae258e8bb54c581071891d0f","数字文字媒体平台服务","","ChainNode"
"6cb865ab-ed35-50dd-8cad-5df2629cf218","chain_node:v2_5b99921910b2dd39d9f2af11d4dcf0b71306bae5","光电探测器芯片","","ChainNode"
"6ccad8e2-1fb0-55d2-a2e9-c3949209feac","industry_chain:heparin_products","肝素产品产业链","肝素产业链","IndustryChain"
"6cd908b8-88bd-59a1-9382-f0aa0aafbf10","chain_node:v2_fe64a6d3b54e3425dc7f20723efe73cab4623567","复烤烟叶","","ChainNode"
"6cda61ab-f473-5259-ad58-7453e142aba1","chain_node:v1_c91ae4eaf6fb795c603592dfdbe74b7b5bfd7c03","eVTOL飞行器","飞行汽车(eVTOL)","ChainNode"
"6d1eb804-628e-52cc-8ab2-748b72b1aec3","chain_node:v1_daa856b8100b0645c6954ae8bd8a1c188e9cf6a4","工业气体","","ChainNode"
"6d2b18fc-cdde-5bc7-bdf2-effb84cfdcbd","chain_node:v2_784b47ccd89fb7fb9fb3d9a6cb3e39d8062278a6","商品化分散染料","","ChainNode"
"6d329e80-36bc-5b49-b006-1314a984714e","concept:master_v1_f0f33e26b7576b52","数据安全","数据安全概念","Concept"
"6d3743ab-4114-5283-82ff-77ef96bab2c5","industry:sw:workbook_snapshot_v1:340700","饮料乳品","","Industry"
"6d5c4707-bd90-5116-bb48-731737eff74b","chain_node:v2_380261f3d15b3d9c6de13f578773907beebe3237","硬岩锂矿石","","ChainNode"
"6d692d37-9138-5c3d-b56a-ca6d5802e253","chain_node:v2_b24ca30112d61218f24fc96b8f863f9104ac9c5d","患者白细胞单采服务","","ChainNode"
"6d83fcd1-906f-561f-a281-7712737c4b97","chain_node:v2_94c8ada5d999488c203756d663caa696981cab35","纺织机械制造服务","","ChainNode"
"6d9df515-5d43-5733-bbc6-e2537937d54f","chain_node:v2_3413a72f28b7b41e3c5e1031233452b31081b6dc","钾盐矿","","ChainNode"
"6daeb88b-c196-5af8-8af7-857ed64f8405","chain_node:v2_8a1f4851cc42a07e3e216fb53457fae9b585ef4e","新能源汽车电驱减速器","","ChainNode"
"6db160c6-3ec3-545a-a3e5-fa3b3a348de9","chain_node:v1_1c2148355f449bbc8729b7ad3d6fe0f6e22d9ccb","HBM高带宽内存","高带宽内存","ChainNode"
"6db6f04c-7557-52bf-8324-620a3c39f1f9","chain_node:v2_09fb254d0b9ba871cc666d5ee09874908d9de04c","TOPCon太阳能电池","","ChainNode"
"6dc7924e-ae54-5aa2-a3df-2b1c32786206","chain_node:v2_8cc90f8cae2d648abcffdaf69e7883517e750d5c","铝土矿","","ChainNode"
"6dd0f672-2f87-5ed7-b0df-47737e1f442b","chain_node:v2_4ef7472541ba6f6ef04e8463b7c17296bc82123b","彩票发行销售信息系统","","ChainNode"
"6dd30038-22d0-5ff6-83ac-9080c39323c3","chain_node:v2_2f84253ffdefc0a59e520149619f6ffc3431226c","超市快消品采购服务","","ChainNode"
"6dddff8e-8b16-55c7-908f-260a87af8a94","chain_node:v1_405642df4ca054e4c7bd6069a914a0bb40291380","铜缆高速连接组件","铜缆高速连接","ChainNode"
"6de22b0d-133d-5f17-b7f0-be7b545388dd","chain_node:v2_c4f11d0543afab89388208f84f4e80b965a6f4ee","家庭及个人清洁护理产品","","ChainNode"
"6df5a74a-90cc-5f77-9ebe-f5e63279c170","chain_node:v2_02199fe422b783d9fbc2ec64dd0c98f7300019b0","豆粕","","ChainNode"
"6dfaf92f-4c5f-563f-8815-efe9f02476e9","chain_node:v2_16855f1e9455c4280058ad081e1e25587b5efbd1","经批准的NK细胞治疗药物","","ChainNode"
"6e2dd658-ad27-5a24-b8dd-006b87f43cd0","chain_node:v1_e4341690f0539ddae5b143389e046f9190c854ad","网络安全软件产品","","ChainNode"
"6e40ca9a-d156-5ac8-9618-996659e2d36a","chain_node:v2_aa7cf22140663a3a30420ad6d9baa447e1843392","卫星导航信号运营服务","","ChainNode"
"6e44c4fc-73d1-54a9-b25d-36a19c6068eb","industry_chain:steel_tube_products","钢铁管材产业链","","IndustryChain"
"6e72432f-1dc8-562c-b14b-0f2cbe8b7cdf","chain_node:v2_b6aca4f8544c6bc61a84642ad2d7d0ed38f88471","单抗临床开发服务","","ChainNode"
"6e7c7cdb-6f37-54cd-a531-d8f0f0a3f1cc","industry:sw:workbook_snapshot_v1:330106","冰洗","","Industry"
"6e86d819-9234-5ab9-84e7-22a4059069e4","chain_node:v2_66cf6420c52d30f55dbf7bce4e742ff693a66c3e","修复放射性废物管理服务","","ChainNode"
"6e904ec2-b7dd-5824-8a56-b45b543906ef","industry:sw:workbook_snapshot_v1:360300","家居用品","","Industry"
"6eb16799-a8bf-5587-9e6a-6f7003ce579c","industry_chain:natural_rubber_materials","天然橡胶材料产业链","","IndustryChain"
"6eb4fca6-1edd-5993-a080-5b34b17c436b","chain_node:v2_81613f859fcf2133e36e1ffe393d0d107602d25b","铝矾土","","ChainNode"
"6ebbef1e-2859-5732-b222-3230c0ee3dbc","chain_node:v2_97e07290809d581fb7fa8e97ff4783663f841244","校准辐射探测设备","","ChainNode"
"6ebfc35f-eb36-5576-80cf-f91c0fc973e4","chain_node:v1_7578081ac7ad1d4194437d52eba043faf0e35ca2","会展服务","","ChainNode"
"6ecd1b2c-8aca-5192-80dd-2705ca1310b6","industry:sw:workbook_snapshot_v1:750301","炼油化工","","Industry"
"6edaa82b-c7c2-5389-9f13-d59cb34eaf4c","industry:sw:workbook_snapshot_v1:640501","轨交设备Ⅲ","","Industry"
"6ee4bd57-0192-5574-900d-731b308988ec","industry:sw:workbook_snapshot_v1:770200","化妆品","","Industry"
"6ee5af53-d3dc-51ba-863c-947b4d743ea4","industry_chain:architectural_ceiling_materials","建筑吊顶材料产业链","","IndustryChain"
"6ef0b73a-dc84-596c-ba81-0096c03d8f8b","industry_chain:commercial_and_industrial_hvac_equipment","商用及工业制冷空调设备产业链","制冷空调设备产业链","IndustryChain"
"6ef9fdb9-30ef-565f-b934-8d529732dccd","chain_node:v2_2ae4374b23b4fb2d38d4aade56f7a3fe5c99e67e","纺织机械伺服电机","","ChainNode"
"6f2f9fe9-4512-55a5-a380-10df8aa7419e","industry:sw:workbook_snapshot_v1:270200","元件","","Industry"
"6f4904d2-479e-5b08-9e26-10ee37ef47e9","industry_chain:exhibition_and_conference_services","会展服务产业链","","IndustryChain"
"6f78bf43-4126-55f1-9250-bec2c5808373","industry_chain:shale_gas","页岩气产业链","","IndustryChain"
"6f7993eb-981c-5717-ab16-ac9ed1532cbb","industry_chain:natural_scenic_area_operations","自然景区运营服务产业链","自然景区产业链","IndustryChain"
"6f8b80f0-5d92-5e5e-839d-0f5dcf0514cc","chain_node:v1_82cefefe927578f6c46b90504b3c5fb45bee8bc4","LED封装器件","","ChainNode"
"6f956945-f94e-563f-a7ef-5fb27ab9164b","chain_node:v2_a8ca9479746b3599a0a142881893d2504e0d929f","生物基丁二酸糖质发酵原料","","ChainNode"
"6fc6e61b-2d35-5271-b25f-3a4c30029a72","industry_chain:genetically_modified_crop_seeds","转基因作物种子产业链","","IndustryChain"
"6fdc55cd-0bda-56d5-9e05-45b35ed9f3be","chain_node:v2_5b0583238c23416169b9d964f5b197f04f6d10a9","直馏石脑油","","ChainNode"
"6fe3bc94-b3d0-541c-aad6-e0bff38ac117","chain_node:v2_e572624edbf0706150468e5f5a07139abe9f907a","火电设备安装调试服务","","ChainNode"
"6fe82e78-69db-55ec-a026-cb7f46e8afc3","chain_node:v2_750b0d03c21474d37f77d7b0da7260c6c6e93175","绿化苗木","","ChainNode"
"6ff2050d-777a-5a71-bbed-7c8c87bc9a18","industry_chain:film_television_and_animation_production","影视动漫制作产业链","","IndustryChain"
"6ff7f660-88d2-5666-942c-663ed6588c46","chain_node:v2_550896ba4d36c491174cefc526c99eed3d8770ae","钴湿法冶炼中间品","","ChainNode"
"7009e6b1-a7ca-50ed-978b-b93e9bc73db7","industry_chain:publishing_services","出版服务产业链","出版产业链","IndustryChain"
"70123047-8201-5e38-912d-c668998af850","industry_chain:medical_supply_processing_and_distribution_services","医疗SPD供应链服务产业链","医疗SPD产业链","IndustryChain"
"701c38ca-f5b2-5fdf-b091-fe903b4fa83f","chain_node:v2_12f0b434b7025dc18d6cae57b52ed0e61d3ca020","高端皮具手工制造服务","","ChainNode"
"701e3326-91f2-5eb2-bfcc-0f1aa4f44fe1","chain_node:v1_e604fa9a7a9c3938b8bb5f6a27423ce08fcf46d9","汽车变速箱","","ChainNode"
"703df887-5ac0-52c6-9eac-60216b83d270","industry_chain:electric_vehicle_battery_swapping_services","电动汽车换电服务产业链","换电服务产业链","IndustryChain"
"703fe6ff-5e3c-5d0e-b136-53b98897beab","chain_node:v2_18ca5e23ba0c80ca2ea35a64a7adf8c66550d82a","电视主控SoC","","ChainNode"
"70456070-bfc6-5aa9-b907-b9d2ec7f1348","chain_node:v2_d9179210b8819fc34871f9f0a96f6f02c6e6cc1a","终端复热服务","","ChainNode"
"70786014-9416-52b9-a1f8-6e66e8da9db9","industry_chain:aesthetic_medical_consumables","医疗美容耗材产业链","医美耗材产业链","IndustryChain"
"708c5e6b-2e79-51ee-b4f0-733819ac4565","chain_node:v1_7912cf8460f18f70bfc4f52c299faeb240b51f2a","影视院线","","ChainNode"
"7090bf50-657a-5747-877a-418fc3b84893","chain_node:v2_cdf9ceadd42daa562299f10935faf9cd5337d1e3","医用超导磁体","","ChainNode"
"709621a3-3e14-59e9-84f6-d0894c9c190e","chain_node:v2_4e30f5cd56a3a52e0487055f058dd65008064f98","垃圾分类数据管理平台","","ChainNode"
"709ab319-983e-5085-8d38-13879741d601","chain_node:v2_c59a27be2ab55354c84c1775e8dd650667841679","碳排放权注册登记结算系统","","ChainNode"
"70b9c506-1028-5b75-85ce-9cf44512c93a","chain_node:v2_1c0f006eec5b88af868270ee87bad448d9cd258c","氯甲烷","","ChainNode"
"70e97325-28b5-58a0-995b-34825c44ff12","chain_node:v1_61d546c1c3630c02ceeda4cb00231de9aab9cd9f","AI眼镜","","ChainNode"
"70f9d835-72aa-5a1d-a787-5d3b8769ec12","chain_node:v1_6a9233a1689a12505791ff2dbd122446f3ebf504","纸制文具","","ChainNode"
"7117d3aa-9167-53c5-ab45-6f4db1e833fe","chain_node:v1_d3818aa35b13f11e22989cc15dd4aad2108cf2b2","钛白粉","钛白粉概念","ChainNode"
"71234cfd-28e4-5820-b979-d1466ddf2e27","chain_node:v2_c3e3f301d6211ca2a4004f0f9b6ef66a61ac6b36","药品上市许可","","ChainNode"
"712991e3-a320-51b1-b8b9-6ead6945f1dd","chain_node:v2_3d9dbe8707d0c6aa18c51a2c0e39b2ffde61344e","储能电池管理系统（BMS）","","ChainNode"
"712ac71a-e456-5edf-9c0c-beb875811194","chain_node:v2_68ec5dbd24ecc1e9e1f1fc707cf98aa63d76ff6e","机械腕表成品","","ChainNode"
"714255e2-f7e0-5553-ae3b-4b46b573c5b6","chain_node:v2_c5657617d3fe982842c37b7b23ed6c71b73ea6eb","游戏服务器云基础设施","","ChainNode"
"715dc6af-c5da-5afe-91d8-e53b1d7b4795","chain_node:v2_efad407112c035dcbaffcce97816cf8500d5e390","工业耐火材料","","ChainNode"
"7163dd63-2ab2-554d-858b-2bee9c4346f7","chain_node:v1_7bb917a48f7028a6c4e0fe1d441a68d2f085d5c1","黄金首饰","","ChainNode"
"71765336-3ba6-5639-ae86-74114dbebbb8","industry_chain:general_ecommerce_platform_services","综合电商平台服务产业链","互联网电商产业链","IndustryChain"
"7177c9b4-5ebc-564a-9ddd-3841ef6fc290","chain_node:v2_31281aefbb724314548beab81319365d6c2f535d","核电站发电运营服务","","ChainNode"
"7177da6f-4c91-5f32-b16e-f82892c2204a","chain_node:v2_40dce6447ae830aadc25ac3f2cb1ab094ba67cb2","商用船舶整船","","ChainNode"
"717f1044-ecb6-59d7-b108-06880b5a1976","chain_node:v2_526b16d17f5cb795333f2e41a7bbcf6a63b959e2","永磁驱动电机","","ChainNode"
"719b1771-5c6b-5ac3-a491-22a867ab4dbe","industry:sw:workbook_snapshot_v1:330401","厨房电器","","Industry"
"71a134a8-57ae-5260-81bf-37df2b39e9cd","chain_node:v2_d97e33b5e966f9e8f8cf86e51ec6627bde7450a5","工业MCU晶圆制造与封测服务","","ChainNode"
"71a2793b-fdb5-57cb-aaa1-9004eae96fa3","chain_node:v2_440ad253b96f298977d05453cca5d4769f211d72","MRI磁体电源与控制系统","","ChainNode"
"71b52729-5806-570a-ab9e-404b0111f9c5","chain_node:v2_f6b49270e54ec818285d0587749b2de0bed818aa","仓储管理系统","","ChainNode"
"71cece7f-8b82-595f-a637-2409a0441c36","industry:sw:workbook_snapshot_v1:370200","中药Ⅱ","","Industry"
"72087cec-cd45-5bc9-b4fd-dd9452149251","chain_node:v2_534593cb88225818911e193d15bed4eecc05ada7","酒店物业设施","","ChainNode"
"72124f70-a5d2-5628-9e8d-edca9532cc53","chain_node:v1_20f5a4802d2a5fc0d663b35a1269f8e9dbc0226a","石墨烯","","ChainNode"
"721f05a7-f90b-551e-8d6f-119b3b00d7aa","chain_node:v2_1134bae6c07ea03bed046e1e5d205305ca05c720","城市物联网感知系统","","ChainNode"
"722152b0-8111-561a-bde1-6b98148718f2","chain_node:v2_db7bfe1538b7676da39df04ed88ed6ed5924b942","期货行情数据服务","","ChainNode"
"72343724-0786-5d79-b583-f2aaadb40770","chain_node:v2_ef55d0610133c96df7a8a6c1642627310d87eb53","压水堆核电机组基础设施","","ChainNode"
"723efcbd-38d8-5232-9368-64509d323c68","chain_node:v2_4ffe1b9fe0783dbdbe83020704c112f1203ec529","光伏扩散炉石英工艺管","","ChainNode"
"7247a3f1-6cb7-5a7b-9797-c76289df496d","chain_node:v2_a6238d41c1e6de84598d2f45137536940e373787","陶瓷釉料","","ChainNode"
"72486b96-492b-56c4-85ed-8ddbd5cf441c","chain_node:v2_cccf53a81817a1c6fa6241fc9a5e9b55b61175e8","智能眼镜终端","","ChainNode"
"7251833f-5864-5ca0-a1ba-a4b172ea1617","chain_node:v2_8fd8037e0f7a61eb2d0fb4842bd0a768c4f95096","Wi-Fi网络管理软件","","ChainNode"
"725f42bf-7b93-5b16-a1a5-7bdc25684dd9","industry_chain:pharmaceutical_distribution_services","医药流通服务产业链","医药流通产业链","IndustryChain"
"7265e1ee-f97b-5c6a-8d89-ae9273923a65","industry_chain:methane_hydrate_development","天然气水合物开发产业链","可燃冰产业链","IndustryChain"
"7273b253-c5a0-526a-b0cb-518c19a43ee5","chain_node:v2_dcdba8646addfd50b9a8d448c00e6d45cf225161","模块化载人轨道空间站","","ChainNode"
"72877071-b548-55eb-b102-e3ab6097645b","industry_chain:telecommunications_engineering_services","通信工程及技术服务产业链","","IndustryChain"
"728d6476-80a5-592b-b113-07d3b1fdf136","chain_node:v1_6385e05d65136a0b05c86ae8769c9bd285adc6f4","植物照明系统","植物照明","ChainNode"
"729ae0fb-53c9-586b-a1b7-1bb012f05ad0","chain_node:v2_4743a3645de846fdad1fd88d65e437b16126386c","熔盐换热器","","ChainNode"
"729c5806-0459-5831-a144-12ba91b0b6c7","industry:sw:workbook_snapshot_v1:110103","其他种植业","","Industry"
"72ad5654-b71d-59a4-9264-d07c3139c3b7","chain_node:v2_163e4f07dff5cd5d697c52a15a3f7eb1028f9e44","机场基础设施","","ChainNode"
"72cfe798-5b17-570c-87c1-b5ac4f6fc5d3","chain_node:v2_1fb0cb0418805826354efebcd87c1ac0dfea9c42","游戏测试服务","","ChainNode"
"72e7fe47-4721-5cc8-8b98-b782b381add0","chain_node:v2_6c05e5bd44dacfd7528d3c58d9864b16f2876f03","纸包装材料","","ChainNode"
"72ed7737-b834-5aac-bb9e-d6f630605855","chain_node:v2_af99c32eb8ea939156ce6262978f2103d9bb3815","生物基丁二酸发酵服务","","ChainNode"
"731c3362-185a-5ac4-828d-085197d71259","chain_node:v2_4383f355ed23f340635a5f8cc16451faa8b49ce9","多业态零售门店网络","","ChainNode"
"7337cb63-d419-5cfa-8b0a-618846eefbf0","chain_node:v2_37c0cbf1bbfb4c7e6262859cda8b2afd21e18730","废钢贸易供应服务","","ChainNode"
"73582075-1e13-54da-ae08-f8477280df2d","industry_chain:silicon_carbide_power_semiconductors","碳化硅功率半导体产业链","碳化硅产业链","IndustryChain"
"735d5621-a1b4-5403-a1db-50559e8b1712","industry_chain:platform_as_a_service","平台即服务产业链","PaaS产业链","IndustryChain"
"735ddfb8-3aa9-589d-9739-6e1aea72e4f2","chain_node:v2_6b5f8b11aa7298b66c642478511584700d1e852c","晶硅光伏电池片","","ChainNode"
"7362b63c-835f-59b1-bfed-7db1dcd45482","industry_chain:commodity_paper_products","大宗纸品产业链","大宗用纸产业链","IndustryChain"
"736941d9-2ce3-5140-b0dc-490a6c68d21d","chain_node:v2_df386336c763ac332563350b04c378ad26f9afff","合同运输运力服务","","ChainNode"
"73735fff-e8de-59ea-bbc7-80c01484db5d","industry_chain:biomass_power_generation","生物质发电产业链","","IndustryChain"
"7376f6ba-cc2a-5892-9668-b8f2f75cf792","chain_node:v2_d59897a2b32d39e70f82a8bf5c856e15b7cd4a61","特种钢轧制热处理服务","","ChainNode"
"73963f06-8c29-5134-87f1-c60727cb06b3","chain_node:v2_4d2e8ce6b34774d74a431ced6a6b345bdfb0a6c3","城市公交车辆","","ChainNode"
"739b4d31-b53f-5674-b2bd-eaa34ec45979","chain_node:v2_511df676ea2a3f34d633d97132ee2e7e0e0498ce","青蒿素复方制剂","","ChainNode"
"73aef7b0-ae07-5ad8-baff-644bae091373","chain_node:v2_6cf249abd6ddf5408dffb55afe4ea2b86a44bf52","水利施工工程机械","","ChainNode"
"73b4999a-28e5-565d-8658-e1f34803bcab","chain_node:v2_bb509b50d0f03bc78e6952a8afa842a19654394e","生活用纸零售服务","","ChainNode"
"73ba9718-3132-5d09-8d11-fe954f377f1d","chain_node:v1_e2da9f95f6f6d115810874edc19d51e4072813b1","宠物食品","","ChainNode"
"73be4978-0ec3-585f-ba68-b976c3a08c63","chain_node:v2_5b95641320a3ac4f910b4ce984ca9cd72ac5a64d","物业收费客服平台","","ChainNode"
"73be7cd9-f9b4-59d4-bc4c-8df02938f45a","chain_node:v2_e748d1b6a6a74dd2906b84cc11b3d58f2a7941c1","帽类产品","","ChainNode"
"73c456d8-8ec0-5c74-ab8c-e7e776493839","chain_node:v2_df0e97f615691d2c4457789a646a395ceb7830df","城市供排水管网基础设施","","ChainNode"
"73e0e988-9db2-522c-affe-e9cd905f22e7","chain_node:v1_2e9b9f65558f3742d8f6c3b8658449a7a56d1d60","水产养殖","","ChainNode"
"73e124ba-2156-520a-81a7-e7ee4e4e9291","industry_chain:led_chips","LED芯片产业链","","IndustryChain"
"73efbe7a-eebc-5d68-8155-81ddd9057993","chain_node:v2_87c5654678973708c0e15f6344fad12672ad724a","户外帐篷","","ChainNode"
"7401f2d2-f939-5854-9b2d-678c87c425e8","chain_node:v2_80d8b2470c61e3f1e0baa54101c1d6c9af6b8ea8","电动摩托车电机控制器","","ChainNode"
"74225845-8fa8-57f2-b370-fb52e219eaf9","chain_node:v2_05e5acfba4f588a98d0051518437e9779fd12721","高压隔离开关","","ChainNode"
"7422be86-8a9e-5056-a4e7-a25f2af9ad69","chain_node:v2_b71c13023bac260ec0f9091e5d6bedab4e0009d7","胚胎实验室基础设施","","ChainNode"
"742d686d-0440-58a1-b3ed-5b23d94f2840","chain_node:v2_d256668dcd42487289da44fc2fe8163a85d1b1dc","再保险服务","","ChainNode"
"7435babb-1354-5769-96b7-a4c78b06adb7","chain_node:v1_52fce7d0951a7b391349fc4c55ee5476f2b8f8ce","指纹识别模组","","ChainNode"
"7439d309-5da4-5a0b-a3b1-53562443e359","chain_node:v2_226a79cc7a83d97e65443c7bfe29d07393a5996c","交通工程建材采购服务","","ChainNode"
"743d6cb1-a6a5-59a3-b003-4e2cde5c4a5b","chain_node:v2_e8893eec9ec9636e45b45e3861390ee99b540858","非学历培训课程内容","","ChainNode"
"74501b28-0b5b-574f-85c9-d0d5a253f7a7","chain_node:v2_1eae038b89d1ffd93c732a43a8082595b2167229","工业互联网平台","","ChainNode"
"7460f8c4-9f45-5960-97f6-a3d2f773c0e9","chain_node:v2_4ec00f65556b8abd1e0b94b8fe74ed3100c346ae","智能货柜硬件设备","","ChainNode"
"74661272-77c9-5ab7-a30d-27ccd6e28e69","chain_node:v2_c6b25860ac854fecab1fe5f88841e2ef1b1d6252","公交票务清分系统","","ChainNode"
"7474b228-d3c1-53a7-8a03-2d402eeedcb5","chain_node:v2_c3ddd94904ae5cff037dcb76ccde9fcc900f287d","高钛渣","","ChainNode"
"74785fdf-ea3a-511c-85fd-ff28d9480fac","chain_node:v2_03af73e501e9d4104e1f06f7591b0df29d9ecc06","照明驱动电源","","ChainNode"
"7479a9be-8676-5cae-81ca-34e330854eee","chain_node:v2_a9a043674f3375d572a027a4d3f4a889a1c978e9","PET复合铜箔磁控溅射服务","","ChainNode"
"7480aa03-f095-562d-8127-dca9b419f4fc","chain_node:v2_53cad71b1264c837f2e9b2281584895fa577e06c","新鲜天然胶乳","","ChainNode"
"7487081c-684a-5632-8469-d081c8d17146","chain_node:v2_0d6250199b1710ab1383e920fbf76c19ee3b356f","医疗废物","","ChainNode"
"7488d53b-1c8e-529c-9204-1aa0ff246829","chain_node:v2_dcb4cc744b84ba1b5e8222ca1509d4ecefa86cba","同步磁阻电机定子总成","","ChainNode"
"74946d08-9095-5ec0-a111-9816f0c8d93d","chain_node:v2_3ac7310faadeca7e079ce14f0005de4bd3b71cfd","超超临界燃煤发电机组","","ChainNode"
"749da93d-089c-53d1-804c-38b83081e5a4","chain_node:v2_d024fcfe885a028395c0d8f32c0e06ac0ba6d12e","消费级航拍无人机","","ChainNode"
"74aaf030-507c-58da-bb6f-a7c5e1fae4db","chain_node:v2_28eab1dffb186a81f7962a1d36ca3dee1d9edb38","生猪屠宰分割","","ChainNode"
"74c914c0-c941-5be1-abe7-97e8c6f3ecc1","chain_node:v2_d9ceaee3310e566c4411613dc70784892efd49aa","工业控制CPU模块","","ChainNode"
"74e52f4e-4037-5b7b-bd33-b0c7dd2aa320","chain_node:v2_5e5f722ee9a733045754b9db3eb9371ef833b43e","婴儿纸尿裤","","ChainNode"
"75194607-8084-577d-88db-65def2959d72","chain_node:v2_9003015b9f62bc5d31a20473496039c80a32fbea","抗肥胖药物活性成分","","ChainNode"
"754e67f0-c98c-59b9-80cf-6a0a712175e5","industry:sw:workbook_snapshot_v1:370102","化学制剂","","Industry"
"755c0036-9802-532a-95e5-ae300bb2acd5","industry_chain:industrial_and_consumer_goods_supply_chain_services","工业中间品及消费品供应链服务产业链","","IndustryChain"
"75622b8f-3be6-5493-acda-763f0f0435a9","chain_node:v1_0c68b13cc7b0af42ecff039ea71f4b77488f7ab4","人脸识别模组","","ChainNode"
"756594eb-4d6d-5d75-a6ed-29f6c029361c","chain_node:v1_cf9be45d6fb0f17b57fbf9a76d686f08d08892b3","医美服务","","ChainNode"
"7574f8ce-cbd8-5270-8337-9f75ebdfe97c","chain_node:v2_5144be5403d4e48bbd9e875691b57595a5aa1b8d","智能家居传感器","","ChainNode"
"7584831b-f9a8-57db-8f12-78a58bea181a","chain_node:v2_f699f941c1abe4ac9cd5f52483ec2b23280c7723","光伏逆变器磁性元件","","ChainNode"
"758bf7c1-25a6-5268-b2b1-ad6dcb1c7365","chain_node:v2_8082e4cd71512e9c425632db7461ac3210c7fb5c","虹膜成像传感器","","ChainNode"
"7592288a-fa42-5762-83ec-0202455f5f0b","chain_node:v2_7c3560b44c69403411eb09cc9454294649f9593d","专业连锁会员与POS系统","","ChainNode"
"759feee0-4703-5e6b-9ebb-cdb8cf8bb0de","industry_chain:sodium_ion_batteries","钠离子电池产业链","","IndustryChain"
"75b879e1-ef4a-5585-b42f-f5e58fe3a581","chain_node:v1_e09bfa5c9df69d3d976f51ed2ed7a18154084de4","氯碱副产氢气","氯碱副产氢","ChainNode"
"75c272d8-46bc-588e-9c26-53e360fd1415","chain_node:v1_ec4819f49ea434173febf57c0de46884b373414a","半导体分立器件","分立器件","ChainNode"
"75c2e6e2-c846-563b-85c2-8bd7fa8a178e","chain_node:v2_15d7e9614c85ba2978d63da842e46df334996063","多参数患者监护仪","","ChainNode"
"75c4bc50-4f10-5608-8eb3-7d077bdc561b","chain_node:v2_57b225e813824820510b6cc8d5a5f0e9971c6ba1","原料药用基础化工原料","","ChainNode"
"75c5fdcf-1707-5776-9554-d1c6cb65a6d1","chain_node:v2_b3b7a70d5e1cb1923bebf468fadc564ba4e45907","食品级小麦粉","","ChainNode"
"75cd1f1e-0aa8-506d-9a89-215703addccb","chain_node:v2_ea051d3d25c8ff80e30acb37ebbd2a5b1db1a52a","产业物业运营服务","","ChainNode"
"75e092ff-0b3a-5bcc-9397-fc13fd7ed719","chain_node:v2_c617c749949d337fbb119543bf009ad2968379f1","大数据平台","","ChainNode"
"75e2e4ff-6522-5a7f-a2ed-77f301217d33","industry:sw:workbook_snapshot_v1:220000","基础化工","","Industry"
"75ee2b4a-d856-5aa6-977f-fe10f3834cbd","concept:master_v1_0a2436e159e52f36","超清视频","","Concept"
"75f55314-6805-55ab-872b-3ed2f2675ac2","chain_node:v2_e8c65de8ad2586596aaceebed99c07c3ffab8fd6","铁路桥隧路基施工服务","","ChainNode"
"761a5073-9514-5ecf-8532-ee4a70ec223f","chain_node:v1_26e1c70d863aced041f1b737d6b5d82a31327001","虚拟电厂运营平台","虚拟电厂","ChainNode"
"7631af48-bd27-560a-8ae4-c03ff6003c4e","chain_node:v2_d6eadef4f786ec94ef793fc62b1274b728c9078f","保险产品设计服务","","ChainNode"
"763efa78-e291-5579-8f02-884af6003598","chain_node:v2_ac506dd5a9ac46786a3aed15833c352e804d0af7","空调控制器","","ChainNode"
"7646dbe8-61ab-5685-aef9-e9a0bd5ed766","chain_node:v2_189f9db81daffffa04601395933c237f488322c9","同步磁阻转子总成","","ChainNode"
"764788e9-aebe-5f55-9cda-f7bf08ccb84b","chain_node:v2_a5958ba021eb603ad5eda646428c0a6583eafe78","动力电池包","","ChainNode"
"76591307-e438-5070-ba24-748bc9a67fe5","chain_node:v1_e23d776c09beb06e45f726e4ea3ef89646ccc1af","算力供给","算力|算力概念","ChainNode"
"767bcc03-1e8d-5943-90b0-75568caed833","chain_node:v2_8d4bf57457ab58793f93771d60c54fa9364a7aa6","圆珠笔芯制造服务","","ChainNode"
"767d2bc8-9d54-5944-bc8a-db4492e79533","chain_node:v1_b11361977083212967420d245386b1561b2f4402","高铁牵引供电系统","","ChainNode"
"7687d04a-b0ff-520a-b267-bc3e893ca656","industry:sw:workbook_snapshot_v1:430000","房地产","","Industry"
"76987f4c-c290-59d2-ad28-dab143b4a0f8","chain_node:v1_4fb5c52c9285b6ba52be217f0994a4953c759eea","餐饮服务","餐饮","ChainNode"
"76a29fa9-2387-5e9b-be42-6d906f4c20ac","chain_node:v2_49ca719afffe82e29ffb3e155fcc99c59e06e4a4","海绵城市雨洪运维服务","","ChainNode"
"76be6431-b27c-521c-b7ce-6fd518bd4780","industry_chain:testing_inspection_and_certification_services","检验检测认证服务产业链","TIC服务产业链","IndustryChain"
"76beebca-5f90-53d6-a798-358b069ba13c","chain_node:v2_3cb06591b435f483bd0ecb023e6696b1762d9985","电视播控系统","","ChainNode"
"76e12c53-9092-5294-9f06-55a106fb598e","industry:sw:workbook_snapshot_v1:230402","板材","","Industry"
"76ece4ad-538a-5333-97d5-f1e1e376a1da","chain_node:v2_2396e6db8759de7e89aeec7cdff7b3d7e2de3222","铁硼合金原料","","ChainNode"
"7702248a-b3ee-5646-b362-8e8dba74a432","chain_node:v2_ed17bdeab22975ec3c6e5bd71fefcccdc62c8489","粮食种植用化肥","","ChainNode"
"77176e33-5429-5b16-ad77-aba2d3dbff83","chain_node:v2_cf9315fb79b7c0e574e0c62af68dd5f7a8ecd80b","化工专用设备","","ChainNode"
"771a30a3-3d62-5d24-96a5-31c5bb32eca2","chain_node:v2_53a8b8b6afa5b92731d718490830730338421c7f","行业遥感解决方案服务","","ChainNode"
"77221195-0831-5959-a222-b09363f51108","industry:sw:workbook_snapshot_v1:360102","大宗用纸","","Industry"
"77290215-f6ae-5b52-8b38-2f135bd1c22d","chain_node:v2_b56c7bec332674025318434369cb952d7914f763","工程咨询服务","","ChainNode"
"772bf315-ef04-5d7c-963c-a5c845c0b417","chain_node:v1_09fa31a4625e5561770257517050c3a72839354d","减速器","","ChainNode"
"7761f10b-632e-5441-ba99-952f9d90f015","concept:master_v1_9199aca702fafa09","长安汽车生态","长安汽车","Concept"
"7763e9aa-6b9e-5478-b119-405532b907fd","industry:sw:workbook_snapshot_v1:720000","传媒","","Industry"
"77822a39-d680-506b-8bea-e4a3acf7b851","chain_node:v2_9a56f4e1b9c450c8a7fcee6743cf9e6b0d576270","隐私计算平台","","ChainNode"
"7783d2f5-80b6-5919-af9c-0b9e7d701446","chain_node:v2_e44f024dff30a9c146fe7719d79555dbaadbc310","高效光伏组件","","ChainNode"
"779b6fa9-0053-56df-bb17-434548ca3713","chain_node:v1_91b17df91a3c79418046da954c0433d59dba9c98","专业连锁零售渠道","专业连锁|专业连锁Ⅱ|专业连锁Ⅲ","ChainNode"
"77a45406-e960-501c-b376-e46bdcce17ed","chain_node:v2_4e895ba0b7a6cdc07cac584ad74b658d955e9846","光热发电系统","","ChainNode"
"77bf9c6f-07cb-5110-8fb1-024fcabd0f38","industry:sw:workbook_snapshot_v1:620404","其他专业工程","","Industry"
"77ddfb58-570d-5bec-b83c-bb778fade889","chain_node:v1_041a0723d3976cd4c53c76af212087f93534341d","光伏丝网印刷设备","","ChainNode"
"77f39cf7-2ede-570a-9e08-2942b1713807","industry_chain:collectible_toys","收藏玩具产业链","","IndustryChain"
"78077e46-a0e3-5bef-b4ad-2a95fd2ff222","industry_chain:managed_security_services","托管安全服务产业链","MSS产业链","IndustryChain"
"7812e811-6908-5b76-b4a5-260d04b68831","industry_chain:marine_navigation_electronics","船舶导航电子系统产业链","","IndustryChain"
"7822b498-dde5-5809-a8b2-9c93bac7ab2e","industry_chain:sponge_city_infrastructure","海绵城市基础设施产业链","","IndustryChain"
"782efcbc-1a5b-596d-91a8-ad429af5a651","chain_node:v1_005b51fa15ee65cc2233687fcdbeb7ea75942e07","蓝宝石材料","蓝宝石","ChainNode"
"7853baa0-d1b6-5f7a-86c5-a9425a6e3a2c","industry_chain:ai_compute_infrastructure_services","AI算力基础设施服务产业链","算力产业链","IndustryChain"
"7857b04f-b6b6-5175-9d9c-80c0fd637b72","industry_chain:industrial_control_equipment","工业控制设备产业链","工控设备产业链","IndustryChain"
"785ff64d-76c9-5733-ab9d-7c6b3f05fc36","concept:master_v1_0523ddf8bb24b8aa","电子竞技","","Concept"
"787cd75f-c5b8-5efe-b0f8-352f44388797","concept:master_v1_9912b87c0a4313b0","天然气产业","","Concept"
"789e9e63-b117-5c13-8f3e-824f2951bd06","industry:sw:workbook_snapshot_v1:110403","水产饲料","","Industry"
"78c34cd2-0c0f-5b2d-ae1e-01ead87f8bd2","industry_chain:rubber_compounds","混炼橡胶产业链","混炼胶产业链","IndustryChain"
"78c9e6d3-807a-5ead-ae3f-6d02f3d67356","chain_node:v2_63b7c155129aa1c3539a9093e6e8807854abf781","城轨机电安装服务","","ChainNode"
"78d56bdb-145a-503d-a2ed-9ff97eefebb9","chain_node:v2_7a3c4047d7d526bbb3f087f00593663af117aae5","数据治理服务","","ChainNode"
"78f02b05-8e52-5d6b-bf0e-82f86889d7d6","concept:master_v1_3a24658d8dfef4fd","6G","","Concept"
"78f2ce92-07d1-5273-ae4d-8b7880a0b26f","chain_node:v2_7637838c648a5164050d9b8b73f86f7d43a533e6","蓄电池隔板","","ChainNode"
"78f3e5ed-f593-5d2c-ab19-4bc30a952019","industry:sw:workbook_snapshot_v1:240302","铜","","Industry"
"7907b62c-9672-571c-adfe-5c3eb2f8ce21","industry:sw:workbook_snapshot_v1:370402","医药流通","","Industry"
"7923592f-ef6e-5f79-8a87-f40aaa3b6f90","industry:sw:workbook_snapshot_v1:110301","林业Ⅲ","","Industry"
"7930c829-30d3-5381-900e-6a1025c739be","chain_node:v2_0595070b574bd615aa013b28193806f445ccdba3","证券业务运营服务","","ChainNode"
"79376f9e-17a5-5dff-9a4e-1035a8fafea6","chain_node:v2_1f72f84dc647c2b78962135552340b50a6f229b1","抗体候选筛选服务","","ChainNode"
"793d3b4c-e9ed-5aee-adb7-8796b3efdd91","chain_node:v1_bd749fc32abe80b5de5216d5af99509e75badae0","互联网电商平台服务","互联网电商|综合电商平台服务|综合电商","ChainNode"
"795eac4b-f4fa-5f3d-bb80-1990155059a6","chain_node:v1_b59dea4e1bf88496cc408d9fd896395c5551f786","可编程逻辑控制器（PLC）","PLC|PLC概念","ChainNode"
"7963204c-0542-582d-8eff-93a2846dad98","industry_chain:synchronous_reluctance_motors","同步磁阻电机产业链","","IndustryChain"
"79a1f047-eb06-5d10-9ecb-67434463ad82","chain_node:v2_75254509c8a30cc54def50014c57eb753cce0af9","线控转向位置与扭矩传感器","","ChainNode"
"79b98e2f-15bd-5785-827a-df33d4463e20","chain_node:v1_0eba59559ee84fb4502bdf0592c1e03ebcaadd68","云游戏","","ChainNode"
"7a07a05a-3a9f-523f-8603-2815cf54e859","chain_node:v1_58ead61c3fa41db022376632a711acaddeb35b8b","民用运输飞机整机","","ChainNode"
"7a2f48c8-b03b-5492-bb31-95f95136ecfc","chain_node:v2_815308309ed8632d81e14d0cebd6f7ed20cf952e","即时配送服务","","ChainNode"
"7a302f69-a4f5-5690-83ac-33a5c529f1f4","concept:master_v1_27ce70eef148a208","稀土产业","","Concept"
"7a34f8e9-9c79-550d-a45e-e815b5af8c94","industry_chain:solid_state_batteries","固态电池产业链","","IndustryChain"
"7a360829-a995-5bf4-bd53-3bd81912afff","concept:master_v1_76a56022efb495da","人工智能应用","","Concept"
"7a47489d-3e81-5fab-8054-4f32f7d8ce40","industry_chain:kitchen_small_appliances","厨房小家电产业链","","IndustryChain"
"7a47c4ab-3ad3-5a00-ab46-412ecedd6a8a","chain_node:v2_aba9853d31e96fa5cd3d2577c7fbd0010a6b57ab","锂辉石精矿","","ChainNode"
"7a65835b-a9d1-59d1-b581-23a95fb4307f","chain_node:v2_dbdec1fdfd0b7d86a30270836305d42234f2aa56","遥感卫星平台","","ChainNode"
"7a72ae61-1470-5ba4-a863-5b863de16559","industry_chain:power_grid_equipment","电网设备产业链","","IndustryChain"
"7a80702e-31b9-5f27-b992-21bf332970ad","industry_chain:industrial_air_pollution_control_equipment","工业大气污染治理设备产业链","","IndustryChain"
"7ab09a03-757c-57d3-b951-69a001accea2","chain_node:v2_0c46e19deb3d4ba2d36187f083604c1350fbe66f","TWS声学与降噪算法","","ChainNode"
"7ab2e165-3974-5772-abca-82966a70e777","chain_node:v2_744213def65c99d435d0487dc3322f81b3a1a5dc","彩票支付清算系统","","ChainNode"
"7ab9c07d-5eb2-51bb-98ab-68a89d0d9921","industry:sw:workbook_snapshot_v1:220315","食品及饲料添加剂","","Industry"
"7ad5d763-e445-5627-b9d9-568892d03eb5","chain_node:v2_8fdc25eee816311538aeaacfaf028cc55bac858a","机器人伺服电机","","ChainNode"
"7ad94dc7-49ed-5f60-8a33-c21ccdb5e8fa","chain_node:v1_6173f896c64b9118120d27a4b06d79dd31991839","包装装潢印刷服务","包装印刷|包装装潢印刷","ChainNode"
"7ae1922d-cfef-5a07-9e98-7617ca341a0a","chain_node:v1_174f7cdb0620c30236b3b3c88b84b9fdf1202ee1","农药","","ChainNode"
"7af4d721-46e2-5d8f-b091-5e448cdce4af","chain_node:v2_59aa15204c554cbaaf4d1051c4f8e7d81682fe4e","生活用纸原纸","","ChainNode"
"7af906ce-012b-51ad-8cd0-e5b4b55831f8","chain_node:v1_dddda2cfe7ea99505c4709e67f1c0d2a40d5187b","特种纸","","ChainNode"
"7b245676-bb3a-5e92-abd3-834dd727f4b4","industry_chain:commercial_trucks","商用载货汽车产业链","商用载货车产业链","IndustryChain"
"7b38b507-dcfd-5438-af1c-f7aed7ee86b6","chain_node:v2_5e0ba31049e145a3068726f23295c61e0a611fec","需求预测算法引擎","","ChainNode"
"7b5c4ffb-03b4-5d98-894a-f04299b51f37","chain_node:v2_66e0ee7be5c5b1ad418c84c7cc26ad2d544a0d0a","风电玻纤织物加工服务","","ChainNode"
"7b5ca4aa-b57c-58df-a0bb-aff5b2b45ff2","chain_node:v2_5b60cabcb01e7150b59ce66d34cf01479b3952d6","国资云国产存储系统","","ChainNode"
"7b5cde35-f6a2-5d0f-bd83-70429a0911db","industry:sw:workbook_snapshot_v1:630704","燃料电池","","Industry"
"7b6a1ac9-6026-5933-bdbf-89090f6da7fd","industry:sw:workbook_snapshot_v1:270301","面板","","Industry"
"7b73700b-b171-5601-aff2-5a8bf17d78ee","chain_node:v2_c3a8515e3669cb57c7ee212ea94791a4a9142f38","数据库管理软件","","ChainNode"
"7b8fbfbc-3c34-579a-a846-470452eac6a4","chain_node:v2_34923f191b0cf63f72ae391bf2b4428ab47c53d1","个人护理小家电控制器","","ChainNode"
"7b906f74-76ab-5038-a01d-cbd84de01d9f","chain_node:v2_b2381710a64cb18d056e3552143806fbb2055603","广告投放监测服务","","ChainNode"
"7b94e6e7-479e-5ed3-87ab-4e83ffdd0ffe","industry_chain:household_small_appliances","家用小电器产业链","小家电产业链","IndustryChain"
"7ba66184-986c-5739-8326-67ba32e6fd6e","chain_node:v2_54b6af75259ae6ccc5e1a9d3fb911a51d617166d","大豆仓储贸易服务","","ChainNode"
"7bbc030e-9e30-51b0-a9e5-cdfc0e29ce34","chain_node:v1_d58510d1af6d94dc0be4544b223101a38caa1786","通信应用增值服务","","ChainNode"
"7bce763b-e20d-5696-9d05-a3296684d68b","chain_node:v2_f133c3afceb7017d74370f30abd5c6defe1b4626","门户广告技术平台","","ChainNode"
"7bdf3a92-02e4-5a9e-8e6d-ec0a720d8509","chain_node:v2_8c6c14c9cba0a27889c58a550fd2bc8d1b207fdc","工程化丁二酸生产菌株","","ChainNode"
"7c18161d-a55b-57bd-8e2f-b8b366c09e1e","chain_node:v2_a68656d7eb9f42d13da9a2a597d55d281988d667","车载图像传感器","","ChainNode"
"7c260a03-01de-5c68-9c32-a20f3baa7fe5","chain_node:v2_b2780b33ab3485eb80f8dbcaf44410410a08f37b","鲜活水产品","","ChainNode"
"7c4f7ed3-9214-5524-8a01-7f04641f33c4","chain_node:v2_f19a5d333428c7f737ce8254bb31a3b9d86cf9f7","中心仓分拣服务","","ChainNode"
"7c5c86d0-317f-5be3-a19b-729fc8be24cc","chain_node:v2_41427c8470454067b2ef45ed1041fd281191f017","家纺面料","","ChainNode"
"7c5e0365-5c66-5660-bb3f-0dda1a5addbd","chain_node:v2_62023be8da8b69d602d079a15f95d4975ec21c4c","风电主轴无损检测服务","","ChainNode"
"7c688e77-f93f-5d63-84a5-af01aaffe79f","chain_node:v2_dc8708e56fa90cfb9408086cf6b2f46fde4fd120","智能手表健康传感模组","","ChainNode"
"7c6e8ece-1030-5760-a332-97d3c2d2c8ab","chain_node:v1_7268ba6984dda04b585d96dd0d47a6e35e51e2a1","电子不停车收费系统（ETC）","ETC","ChainNode"
"7c70e25a-2e79-577b-a0ec-009063d90348","chain_node:v2_90b9c077b54d410d04ac2e86ca86f344f13bc32c","针状焦","","ChainNode"
"7c7ba2e8-4494-5484-919f-994212f472fd","chain_node:v1_77771dcf8f020e9ee4fce6d9443ab89e656b89fe","焦炭","焦炭Ⅱ|焦炭Ⅲ|焦炭产业","ChainNode"
"7c8f7076-4ef7-5d16-b494-10183b200c37","industry_chain:agricultural_machinery","农业机械产业链","农机产业链","IndustryChain"
"7c9d9d48-7629-5043-83cd-c235a54f3f7c","chain_node:v2_4691a9767562da52327baedbfd7f62154c21cadc","燃料电池膜电极","","ChainNode"
"7ca0c5f2-9b2b-5c47-849d-87a2fae7bcbc","industry:sw:workbook_snapshot_v1:720601","影视动漫制作","","Industry"
"7cba2ebb-437f-595e-8949-177844609013","industry_chain:unmanned_retail_systems","无人零售系统产业链","","IndustryChain"
"7cba85bf-1d28-5d4f-8778-16cd7242b57f","concept:master_v1_d0671703d6deb550","转基因","","Concept"
"7cbd89eb-1ec4-5114-8cc3-f58966351d54","chain_node:v2_e6f43332f33a57651d72e164a49d09f970a4a022","磨料级铝矾土","","ChainNode"
"7ce3456c-3da9-5ea8-808e-184eb75fcb71","chain_node:v2_d14b493264dcd120d74d2e20cac33f40cfaad74c","工业无人机通信链路","","ChainNode"
"7cf02124-91ad-5492-8ff1-185f5cd6f66c","chain_node:v2_2b1038668a26a49870d55cd6aff68e8f44cc182f","偶氮分散染料合成服务","","ChainNode"
"7cf30006-75b8-5043-be2d-b33cfa62b15c","chain_node:v2_f2397ecbf015eb59828c8e8f15cdadb2229c1669","车规级非易失性存储器","","ChainNode"
"7d25cf82-a835-5b7b-815e-56bddf12b855","chain_node:v2_8d36c2d8eee28c5ec82c08e00689cc92145740d8","浮法玻璃原片","","ChainNode"
"7d2bf27d-c3bf-5536-86f7-a41a88f02f38","chain_node:v2_da7390f7311bcf4dfc65c63265e5e2a7c70c2136","汽车整车制造服务","","ChainNode"
"7d4060ee-7d66-5bea-82bf-300253b37df9","chain_node:v1_b0b9b76beef43a771982bc4e8a043178fd9c3fc3","工程机械","工程机械概念","ChainNode"
"7d732995-5a47-5189-9043-30ded3da5c1e","chain_node:v2_df77371d6866788243e4e847fe522a0c39a5b908","轮胎橡胶配方应用服务","","ChainNode"
"7d79c8c8-574e-5afa-a28a-d6a47d402cea","chain_node:v2_c2265a842d12f82af487ab5e9b92d747401d9c98","运动服装品牌零售服务","","ChainNode"
"7d980b48-271f-5ca6-bcfe-5997c58a0dbc","chain_node:v2_58055fb18d802170c4fe34443a6b78a7298a8b12","涤纶熔融纺丝服务","","ChainNode"
"7d9dfdb9-8c8d-5337-a9ea-c52f48c7c9bf","chain_node:v1_d2e75315a462ea9e678dc112f40ed944a7893813","底盘与发动机系统","","ChainNode"
"7d9ed7f0-6f17-5363-bb3d-79ee373ee753","chain_node:v2_dd4e86cb2307d29e0fc1a24294db2994b1b483f6","工业云基础设施","","ChainNode"
"7dafe765-07e6-50fd-abba-7a3e261d30ed","chain_node:v2_83c525abccc74cc57a6428da7e83c5b1098af836","粮食作物种植服务","","ChainNode"
"7db629e3-105e-504d-965b-40a6a46d306b","chain_node:v2_dbdd3534df72351dfcf38228018603025e726046","热轧带肋钢筋","","ChainNode"
"7db68f88-ea50-599e-ad3e-c27a3bb19b0a","industry_chain:digital_audio_media_services","数字音频媒体服务产业链","","IndustryChain"
"7dc4bb6e-6707-50ad-8cf8-fdf4498fd29a","chain_node:v2_a89d041bf85ad980c3be751181608bc8c9965991","刻蚀工艺控制软件","","ChainNode"
"7dcf1a63-d8bd-5e3a-9593-fa589bc67249","industry:sw:workbook_snapshot_v1:710000","计算机","","Industry"
"7dde6bd7-07e9-5c30-a08a-928de01feed7","chain_node:v2_a764e53fe02c48b583315ec54d772688197bd0ca","磷酸铁锂正极材料","","ChainNode"
"7df8ee61-494c-513c-9124-2642f8da639f","chain_node:v2_b55630399a230df7311e55cc1887e62b7b6b0c7e","人造石墨负极包覆沥青","","ChainNode"
"7dfb876c-87a3-5d2b-9d1d-6a6d7c0ef9d9","industry:sw:workbook_snapshot_v1:240601","钴","","Industry"
"7dfeca3d-caae-5e72-a57f-0547a8fe28ca","chain_node:v2_9699cbc2c3a9f2f4c59570e665f02c1cfcf82e32","4,4'-二氟二苯甲酮","","ChainNode"
"7e009814-1ead-5241-9027-9b2cea3fcb4f","industry:sw:workbook_snapshot_v1:270103","半导体材料","","Industry"
"7e01497e-4b00-5003-9684-53a5a04ef910","chain_node:v2_aef8ed3fa31c208eb1cdd66ab999b04a31b843dd","护发功能成分","","ChainNode"
"7e077e6d-6368-5a0f-a630-8242828660c0","industry:sw:workbook_snapshot_v1:480501","农商行Ⅲ","","Industry"
"7e0eedbf-0671-51d8-a289-734857dfac5e","chain_node:v2_ea83a4de9f4d99253b17a65406c7bf0f6004800b","原盐","","ChainNode"
"7e1c55c0-59be-5857-b4d4-11e80aed6d44","chain_node:v2_5fcd6578bf59dd3076bf30aacc437bd9c7cd8c63","5G基站电源系统","","ChainNode"
"7e1e4b79-f2ef-5a84-9ee2-502bb3eda99e","industry:sw:workbook_snapshot_v1:450602","跨境电商","","Industry"
"7e21b085-4c8d-5cb2-b16d-3f034b3948c4","chain_node:v2_c5eccd5558124bee8432573afa0789f5ad5f9d12","企业数字采购平台","","ChainNode"
"7e3372c6-66f2-57e3-97c5-aea0568f7dc4","chain_node:v2_5da7f014075fd83d92feb9cccaf8e885dcf8428f","草甘膦制剂","","ChainNode"
"7e353402-153d-5fd4-a32a-41c946186053","chain_node:v2_f5d3f6c243537ac24d9f2aeb5ea15920c4c9d9de","转基因性状育种服务","","ChainNode"
"7e522813-b6e7-5674-ac93-a71bd85a0d4b","chain_node:v1_7e2ae2da67c6c768a09c45b8a562b86bed77ae68","影视动漫制作","","ChainNode"
"7e5fd4ca-e560-51e8-bfa6-af413fa7c0b2","industry_chain:in_wheel_motors","汽车轮毂电机产业链","","IndustryChain"
"7e6566ba-ee63-5dcd-b90a-8fa978433065","chain_node:v2_e8ac6966a09eb66bf75b1fcfba554301f285a424","变电站","","ChainNode"
"7e70a01c-cfb1-53d3-bd49-7033d0c675b1","chain_node:v1_b75399ac75aff8f9a95dbda7d931d99ecc951533","汽车芯片","","ChainNode"
"7e88a9c4-1d0a-574e-89ea-e25f54284802","industry_chain:packaging_printing_services","包装印刷服务产业链","包装印刷产业链","IndustryChain"
"7e940d33-5a58-5c83-bb89-009b28dff060","chain_node:v2_0c534944f807031f2a8687c6c1e477c972460b16","钢结构构件制造服务","","ChainNode"
"7e9538f2-c50a-5d17-9ca8-c4b509cd5097","chain_node:v2_b0a8b1e22caa1f7328eb40643a5d28b9176e818d","路侧电子标识读写设备","","ChainNode"
"7ea6a56c-9d1a-5e7a-8ad1-a5281ed38e81","chain_node:v2_f65ce03280fe9fde4ed8f0540621d262d93981ca","尿素合成造粒服务","","ChainNode"
"7ea9cde3-066f-5a6c-8403-7966cbcf1837","chain_node:v1_ab5a9326a3ed3b6db9a38e920c2dfe3712003bc4","单抗","单抗概念","ChainNode"
"7eb89391-ef0e-521f-9517-76715638ae39","chain_node:v2_4fc542516ca23802314c07b48c7d9dc884ec78c0","纳米银线材料","","ChainNode"
"7ec9ba62-623d-5b9b-b524-83a51a838373","chain_node:v2_eb5356506549a72c8694cb0aa07553212526fdd3","汽轮发电设备","","ChainNode"
"7ececb70-50c0-5d41-b0c1-e7dc038fd3cd","industry_chain:industrial_property_development_services","产业地产开发服务产业链","产业地产产业链","IndustryChain"
"7eed494b-9f42-5178-ab78-8dee903aa6f0","chain_node:v2_08c29b24994753f60a0b2ad84bd64cdf0bfdcb99","城镇净水处理服务","","ChainNode"
"7f237029-841e-52ce-992c-aac2b3816fe0","chain_node:v2_07fcc62011c44457cd9f29ac28be973196a55ee6","风电发电机轴承","","ChainNode"
"7f384b08-97e0-576a-8672-216f83b4f0f1","chain_node:v2_5460073d6805c2d19bc71e8d7be655f839f69475","医疗器械灭菌服务","","ChainNode"
"7f5c3f40-dd67-5232-8603-03c635bdfe4e","chain_node:v2_a4bbd3058b0c74e2891a8c8f7ce9a7836907e3b3","人脸图像采集终端","","ChainNode"
"7f8921e6-fbb6-5764-a569-420860b24b35","chain_node:v1_c14ba9ce562f30a39acd98e4ba4795c1be889ef0","农村电商平台服务","农村电商","ChainNode"
"7f8e5c9a-2d69-599c-968a-04dedf4294e5","chain_node:v2_2687b7d8d91a9f05856293523ae1a6786644070f","RV精密减速器制造服务","","ChainNode"
"7f9ec7d3-b501-548d-b5ba-c9e6225dfa78","chain_node:v2_f7078b8a1dc7d0f0da5a506bfe441a1d90b979dc","纺织功能整理剂","","ChainNode"
"7fa32afc-71d3-595e-b178-181c888104f1","industry:sw:workbook_snapshot_v1:420902","公交","","Industry"
"7fa8c64e-b2c0-5903-add8-e01d71a6914a","chain_node:v1_b08c5ee3b203bf56b8e70d30fd35e6c823dd36be","橡胶助剂","","ChainNode"
"7fad379e-2182-5293-afbe-94aa88107448","industry_chain:led_epitaxial_wafers","LED外延片产业链","","IndustryChain"
"7fefcee8-440d-55cb-a606-37470ca69716","chain_node:v2_eb52633a87683704726f6c07430eddd9821e2726","消费电子精密结构件","","ChainNode"
"7ff832c1-80f5-5727-a019-fd47aeae1a15","chain_node:v2_b239568225f84e683ef5a9cb1cabd0c96bf56aff","柔性OLED面板制造服务","","ChainNode"
"80052c4a-3d5b-50f5-911a-fd634a2c81ad","concept:master_v1_87ee30bb343a9c12","无人驾驶","","Concept"
"802d10e6-5ecf-5ce8-8394-3293c7a9f473","chain_node:v2_b893a35939802e12c3cd5c90cb9ff9e58f7b817d","公共充电场站基础设施","","ChainNode"
"80383e57-4bb1-58b2-ab22-55a91515903b","industry_chain:thermal_power_equipment","火力发电设备产业链","","IndustryChain"
"8050f9fa-a77b-59d4-ae80-ef3c59205f02","chain_node:v2_daf7b86937c34d7803831492ab2bc9e2f5dd46f1","遥感卫星数据获取服务","","ChainNode"
"807012fd-badd-5b18-82e7-5ade4017aca4","chain_node:v2_f954922ea0ac00b14bc268fd2743a7896a102910","铜精矿","","ChainNode"
"80730319-4dd3-5546-bc98-5065a59eecd7","chain_node:v2_01c02e24ed474e589672639b8f581bcc3c27b742","高速公路收费经营权","","ChainNode"
"807589bf-9cf4-5cd6-8a15-d9a647500df2","chain_node:v2_9d7e8d0aa499b426bb3016a709681d9d970d3712","电力工程施工安装服务","","ChainNode"
"809894fe-c775-5c46-9849-92c80395451e","industry:sw:workbook_snapshot_v1:721000","电视广播Ⅱ","","Industry"
"809fd65a-c149-55d2-9b2d-b9853212d000","chain_node:v2_bb1193521c78f199003aa4d506e1190e9d5aba31","PCR诊断用酶","","ChainNode"
"80a2f863-0a18-53f3-87b4-f831c85e82ea","industry_chain:remote_sensing_satellite_manufacturing","遥感卫星制造产业链","","IndustryChain"
"80b45a38-5faf-5f84-bc5e-2db7698f5259","industry_chain:landscape_engineering_services","园林工程服务产业链","园林工程产业链","IndustryChain"
"80b60a66-3086-5ba4-a464-e11ca9372e6f","chain_node:v2_a978503ad084c31acb05a036e5bd5d492e56b1f0","风电塔筒","","ChainNode"
"80bd750e-0f37-5977-85f1-42864bb33fdc","chain_node:v1_11d02e5cff7b69c14e3d246a4f5c6529a7fa1497","液冷服务器","","ChainNode"
"80c6e2bd-2905-54dd-9fdf-19d1d10e7d8b","chain_node:v2_a61c669b8078e6217948e83e769b5defb806e2bb","建筑涂料用成膜树脂","","ChainNode"
"80f2695a-332a-560f-93c0-8827758b0bb5","industry:sw:workbook_snapshot_v1:460601","体育Ⅲ","","Industry"
"80f3e26f-7e5d-5458-b74d-27b15fb0c3fc","concept:master_v1_a8ee2a91af979d30","AIGC","","Concept"
"81173037-d604-5480-835a-1932caf2f2a0","chain_node:v1_c15840ace6b8989df7cb7595f90bacea9666055f","通信卫星","","ChainNode"
"81306449-3ae6-5e36-91cd-06531f0d1b38","chain_node:v2_1018cb4a6dd7c4f70bc3954ad1544fc0abb6611d","直流快充模块","","ChainNode"
"8131cc10-04de-553f-a70f-c1a721eaa0c3","industry:sw:workbook_snapshot_v1:640108","金属制品","","Industry"
"813292a5-5f0e-571f-8e3b-ad833ccd6908","industry_chain:paper_manufacturing","造纸产业链","","IndustryChain"
"8138bd0f-9118-5269-9d41-58fdde51263c","chain_node:v1_23362670e4904f57af1c60863b2f399a1ced1da1","传感器","","ChainNode"
"814d0b29-a1a7-530d-870e-492feef80537","chain_node:v2_489d872d4b732b94a168d7453ef81f1b2a3d3465","光伏逆变器直流母线电容","","ChainNode"
"81514ce8-c15c-585a-be8e-8bbac46c8e97","chain_node:v2_3f3cf6ecb003b0d6420acb624f10bb5509f9198a","城市通信网络基础设施","","ChainNode"
"8156bb96-3636-5d3d-ba27-0c5fdffa5281","chain_node:v2_82393b350666bd1d5514d9b17d09ccc1968f24b5","商用车动力系统","","ChainNode"
"81681c39-a43c-5371-a69f-b3b85a4d9a8d","industry_chain:raw_water_supply_services","原水供应服务产业链","","IndustryChain"
"816bb412-493a-5b35-aa6d-36cc78ba9a23","chain_node:v2_33f1fbb55e146dd46abfeb00da29012129a9c302","裸眼3D柱状透镜阵列","","ChainNode"
"816ccd1b-7bda-5fee-9d7c-50d1e8faed4e","industry_chain:hog_farming","生猪养殖产业链","猪肉产业链","IndustryChain"
"81700f4b-47df-5f34-a933-0e0e98ea3b94","chain_node:v2_c6946a9626e61eb81aadbaa451d9bd214fe0440f","网约车驾驶员履约服务","","ChainNode"
"817b8e8e-3223-5ef6-a788-92821ef24cdc","chain_node:v2_233a0adf57871aca925547517a7d05978f1ec71b","城市自来水","","ChainNode"
"819a286e-602d-5837-8c35-6ca8ec87e2e0","chain_node:v2_9c7064be474d2fd75f4a1546e3fb181ee9051f80","车规IGBT芯片","","ChainNode"
"81a6d2a8-7631-5f37-bfac-916fc65b87bd","chain_node:v2_0fa9dd3b4a4311e8b6da6830b2d5f9856e55bf00","太赫兹检测服务","","ChainNode"
"81b752ed-37e1-5e91-8bc7-d981588508f1","chain_node:v2_9ca093c91559914a3a2a4c7c9ca8766a58336c1a","铁路线路基础设施","","ChainNode"
"81bea690-517a-52fb-a93b-f0931fbd6b4a","industry_chain:scrap_metal_recycling","废旧金属回收利用产业链","金属回收产业链","IndustryChain"
"81c18348-c09b-54d5-882b-d8869b512419","chain_node:v2_87c002ec6ebbaf7088903e58d7b180227d1f377f","银行核心业务系统","","ChainNode"
"81d39a41-5df4-574a-bb4e-63d66aacc1ee","chain_node:v2_ff5b64a40d2b66211eb8389aedc508a1dac5c59b","化妆品零售服务","","ChainNode"
"81de3ff0-39bd-5434-9c19-0c45a72d24e9","chain_node:v2_858eacdda627503cd39d89ca7b0e4346c000f3d3","化妆品备案注册服务","","ChainNode"
"81fd8af4-acd4-528b-b7c6-4f77ec127363","chain_node:v2_0d6566b2f5d9959f975f9c919dd895aa6e43c965","学科课程内容","","ChainNode"
"82004a59-4007-55d9-b133-dc4cda890534","chain_node:v2_4143173b07f749301d7a582b01c1278a32988743","生活用纸复卷加工服务","","ChainNode"
"8204ca43-09d9-5ac4-8226-0227529da47b","chain_node:v1_156a6ead93a82812d0ce6eace070a7e7356eb6e4","MCU芯片","","ChainNode"
"821c75d0-17ad-557d-83d8-a23a82b93b21","chain_node:v2_fca374855319e15e784b6375f99f79b94332da34","湿法磷酸净化服务","","ChainNode"
"822a8ddc-5ebc-5f03-8ef8-ba9bfba192d9","industry_chain:brain_computer_interface_systems","脑机接口系统产业链","","IndustryChain"
"82315705-5ad9-5c7a-8d51-bc9f085843c9","chain_node:v2_225488544b3a5bb35efecb2d01ddd56ce7353719","硝酸铵","","ChainNode"
"823b02ad-89ae-5e37-bca2-5f5b4dc0afef","industry:sw:workbook_snapshot_v1:460801","人力资源服务","","Industry"
"8249d09b-1fdd-5e30-8703-f4acf1c85ee0","chain_node:v2_5678592699b476e1789d52c9ebe8a00dfda38f59","机械表表壳金属件","","ChainNode"
"8259ae17-be8b-5e6f-9199-b488e07c9d12","industry_chain:multi_format_retail_services","多业态零售服务产业链","","IndustryChain"
"8264dd24-9c75-5573-89f2-fba8ba1293a2","chain_node:v2_7d75839a6915ded86e65cece3dced7ad7c1cd73d","铁矿原矿","","ChainNode"
"8266d321-9b53-5766-886a-5c4c0afad4a9","chain_node:v2_b6629ea3e9a07d6d7a74806dbb911e96a6c34c33","全钒液流电池电解液制备服务","","ChainNode"
"8271e0f0-83cc-57a7-8a8c-4fdd53ade514","chain_node:v2_43c5ff1979dbe64b9da0bac3272185480b868f21","机场口岸零售门店基础设施","","ChainNode"
"827d32b3-e427-5bdd-bc77-8e1827394bc2","chain_node:v1_7998df89a5c5d9cece82574a03c48649b28cf69f","涤纶","","ChainNode"
"8287822e-b44a-5bd8-bc9b-5ac41214568f","chain_node:v1_9d79079ac540d7b0eea64aa1c706efd451c73fd1","风力发电","风电","ChainNode"
"82900fa0-3d35-571c-b51e-f23f76b893d6","industry_chain:digital_integrated_circuit_design","数字集成电路设计产业链","数字芯片产业链","IndustryChain"
"829f59d1-9d6d-578b-b498-4a7de2ef904b","chain_node:v2_8c28443f3374aa67899e39f47e26bb5f72be20c4","地热供暖运营服务","","ChainNode"
"82a52552-792f-52aa-9c69-07e74621167e","chain_node:v2_27ee6220b110832614d782c107fc6b1535e041c5","生物医学数据集","","ChainNode"
"82ae646e-baca-5a4c-b675-bed5e25d21b2","chain_node:v1_e34d8a88014fe17e76d90d3bdc19feb94bcbbbfd","安防设备","","ChainNode"
"82ba1f92-29d7-5d41-826d-ec6403c56ec5","industry_chain:smart_home_systems","智能家居系统产业链","","IndustryChain"
"82c6976a-525e-523e-b2a0-6b3e864a10dd","industry_chain:phosphorus_chemicals","磷化工材料产业链","","IndustryChain"
"82c9f338-345e-5e51-abb1-a99e8dc7e749","chain_node:v2_c38bbeced418c410f266f3fa3ec9bace64f7f2e2","无缝钢管热轧定径服务","","ChainNode"
"82cb084f-4807-5e37-8f4e-417dca7c8e1b","chain_node:v2_e69599f0840f239b09a20542a8de282c5ad2c9c1","冷藏熟食中央工厂烹制服务","","ChainNode"
"82cc21c2-d83f-5841-aba5-abc0bdad0d14","chain_node:v2_5db944bc41b8492b3dec05dd097155ec2cc34a2f","金矿石","","ChainNode"
"82ce0449-3f26-5ae3-b533-b280422f4864","chain_node:v2_e0e978a212fab0cdc4ebd218e90e97442f8ef63e","智能家电控制板","","ChainNode"
"82cf3cb3-b7d4-5d09-9bf4-4379742cd8b0","chain_node:v2_a7a18a8f7803d850ee3e45b4a22d73eedb84d978","TWS耳机锂电池","","ChainNode"
"82d25822-2f7a-5490-b89a-87fecd8eaf84","chain_node:v2_76d489a6a0b501c8a599e70adde66108d19e7172","油田地面工程建设服务","","ChainNode"
"82d8328e-b2a5-54bf-af3c-4ff2de3b3a54","chain_node:v2_c68af59f82f299c22a90544973deabaf6e36b663","汽车减振器阀系","","ChainNode"
"82eb9501-18dc-535a-ab4d-e1c91e3268c1","industry_chain:dental_medical_services","口腔医疗服务产业链","牙科医疗产业链","IndustryChain"
"830895b0-5504-574b-8e52-431673165dcd","chain_node:v2_466e50bdc040a805ea54e8ce274165bf0eab7945","游戏内容授权服务","","ChainNode"
"832542e9-f4d9-57e8-aee0-80af70feeb03","chain_node:v2_28256850d91d9af3ef8afaa9b47ea863c8eb72c4","再生水泵站管网基础设施","","ChainNode"
"83260430-0cc7-55cf-afc5-f020159cb0de","industry_chain:power_grid_automation_equipment","电网自动化设备产业链","","IndustryChain"
"832936fd-d54e-5d5b-9ca8-eb09ab701c5a","chain_node:v1_12a0390fc154105faa83cad709ceb67389e352d3","遥感卫星","","ChainNode"
"834d2fac-b5fd-525d-bb2d-9b6972b58316","chain_node:v1_5a530cf45cfbccde5eb8895386a3e5134ac13e0e","汽车制动系统","","ChainNode"
"834eeb79-f393-585a-b5db-e519f1f59f3c","chain_node:v2_df895b4a5ffe672c3dbe20d9c8d9817c10596144","证券合规风控系统","","ChainNode"
"835b3ed0-75d0-50ff-989f-3e48c2f3839b","chain_node:v2_dc27b96175f1649529e06ff7b5000581bdc636c6","印刷出版物","","ChainNode"
"83696b3c-4f2e-5d6b-8e6c-e355c1f595e2","chain_node:v2_1ba4d462a8430698e2c73a14473b642c28580a2b","印刷油墨助剂","","ChainNode"
"8381c185-d6e8-5b02-beaf-4fb7832372b6","chain_node:v1_d858e1eb3311d58c5fceb11c42ab9a42af91c1d9","工业磨料","","ChainNode"
"83839463-3d2e-5ab7-b243-db5db32bb9a4","chain_node:v2_dc82d7cbbe67f57129a09979768e117da0d32370","企业培训管理平台","","ChainNode"
"83a97323-5c07-5724-b687-a0274cb2221e","chain_node:v2_d599d5c2a0b081325ac79b3556c30e53f460a6da","采购结算对账服务","","ChainNode"
"83aa62ec-fe43-545d-ab4c-d64b8ce98629","chain_node:v1_2b139c65020a9967308c1d1e07f2675048d85c30","代糖","代糖概念","ChainNode"
"83b5e18c-0023-5a74-bd9a-b6130b622e80","industry_chain:integrated_agricultural_services","农业综合服务产业链","","IndustryChain"
"83dc12da-9583-5b2d-9545-ee1f4230a47d","chain_node:v2_b9f339be1a5aba1aa2f90979e18a8ba6eea21ca3","烟叶烘烤服务","","ChainNode"
"83f5050c-2fb7-5c93-9d82-c492e49eca90","chain_node:v2_acc9ae32a1c3968255495fe424ec2e4abdba91de","具备产能的页岩气井基础设施","","ChainNode"
"842b63f0-c73b-553b-8f7c-b149fb859588","chain_node:v2_7ebe7b08c933f710d6c0b88e794624420c8847b0","网络内容版权授权服务","","ChainNode"
"842d78c2-dc25-5d44-a750-5466f91a2152","chain_node:v1_f0fa2edede71abb16a649b58640fc7d7231018f7","数字芯片设计","","ChainNode"
"843dec98-d34f-571d-baea-aee0d81b991d","chain_node:v2_9d5a9ee0e7c1bc04444dd2248d4c87624a35e360","化妆品活性成分","","ChainNode"
"84535c67-da91-5e7f-9266-0b1770ae7725","chain_node:v2_7d18a3fdf8ab4b024bef7c4c0d5e3159e4c2d245","定制家居用人造板","","ChainNode"
"8456bd37-6a97-5333-8d0e-ead68a2126bd","industry:sw:workbook_snapshot_v1:640200","专用设备","","Industry"
"84883f71-97bf-5059-b0a3-12d80485409a","chain_node:v2_2bf4fe197be3e99426572f03799d26c1c39c53cd","氨纶聚合原液","","ChainNode"
"848b5ee8-d42a-50f9-8809-f15613240740","chain_node:v2_83fca8b1d9178ff6cbb8b2e346e703f54d27d0fe","污染土壤化学修复服务","","ChainNode"
"848b7bb0-962e-5029-892a-74864d3a3766","chain_node:v2_9152d9ce2c67298aa9dcb0bb175749fb939ba1b3","塑料管材及管件","","ChainNode"
"8494af3a-0b27-52e9-8fb7-54bd7083ba6b","chain_node:v2_0aa95b475d253fca3596bd14a7ed3e500b58f4c8","农村商家平台运营服务","","ChainNode"
"849980ba-cfdb-5d41-9b5d-98b2764d0adc","chain_node:v2_1ab72f4a366c45984b4ee138df841d0dabaebcc5","海绵城市雨水收集管材","","ChainNode"
"84bff198-201e-58d5-bd97-0bf8a7e9b318","chain_node:v2_eeaf878a5ecaa924866e4ac534176593f1e6f115","运营商计费支撑系统","","ChainNode"
"84c9fb21-89b6-5e20-a354-80fe13222c9e","chain_node:v1_a5f9f1a8b32a2665018b29c3e40db8fe1a1d9e80","PVDF","PVDF概念","ChainNode"
"84f3e6d9-803b-5d9c-a42b-d6298c81b500","chain_node:v2_19f4217cc2137c5eaa03639539dd9eacdb36aa9a","氧化钨","","ChainNode"
"852ee043-02ac-568c-8f7a-7cb7e5f8937e","chain_node:v2_d9f6aac95e7b4e4309140694c34cd7ad291f7082","氮化镓外延片","","ChainNode"
"85334c19-3084-5959-95e2-e949597d09ea","industry_chain:zinc_metal","锌金属产业链","","IndustryChain"
"853f35c5-76a5-50a3-885a-a27bd0dcb956","chain_node:v2_003e2ecbf14ff1ae6eb8fca0753dd6158ff3ce65","遥感数据处理平台","","ChainNode"
"85577728-cfbc-512e-95ff-d196247ab440","industry_chain:coated_abrasives","涂附磨具产业链","","IndustryChain"
"856b0213-e92f-5e73-9d89-e3f501f0b1c4","chain_node:v2_1e341afd41674e2db25e2f71d5f8f92b4f737bfe","超超临界煤电运营服务","","ChainNode"
"856f4e94-f65f-58bc-a0cd-e00ae38b51ee","chain_node:v1_516a039bb5b760b8d6d962539d67f26f36b5ea5b","环氧丙烷","","ChainNode"
"85be2a9a-8ae1-5468-b3e0-eedcbe2ed449","chain_node:v2_0201ca6f7bd3875df588a81891934bd5758aae61","MLCC流延叠层服务","","ChainNode"
"85daaded-f6dc-56e2-9342-ce41700106d6","industry_chain:international_engineering_contracting_services","国际工程承包服务产业链","","IndustryChain"
"85ee6b0d-707c-52d0-9945-136384a8f6d9","chain_node:v2_cab7f5280c7990307b9f47c3aa1bb23daf2c5399","包装原纸抄造服务","","ChainNode"
"85ef65b6-4ad8-510d-95c0-79198d6c89dd","industry_chain:customized_home_furnishings","定制家居产业链","","IndustryChain"
"85f578b0-7a3a-5795-bf19-114934c3ab32","industry_chain:thermal_power_generation","火力发电产业链","","IndustryChain"
"85f8b54a-7fa5-5e98-ba12-9fccbc2eb87e","chain_node:v2_1a555fb3a5661ccb7f76ba7596dee89a8b111385","重组蛋白表达载体构建服务","","ChainNode"
"85fd768b-6a56-5a9f-9466-bd1b57567d74","chain_node:v2_491a1d11e5debdacc9888500b145af2613129f8b","港池泊位基础设施","","ChainNode"
"85ff2e4f-6c8e-59a5-8fd5-83db8362ce05","chain_node:v2_a455496b982fcc15687e2cf6d97ac0fb73ecfdab","拉链链牙","","ChainNode"
"8619491b-0c80-5e1e-baa5-6db30892cea2","chain_node:v2_67eb590f4ea0d475aa64ba042bf2b5a02e200f50","建筑结构材料","","ChainNode"
"8643b5ae-af1e-5a40-b35f-c09529b424ee","chain_node:v2_7ed45f8324b48f729ce4640b04e4154583deceee","光伏扩散炉设备集成服务","","ChainNode"
"864d71a7-44ac-5338-9c25-2f8d30253e74","chain_node:v2_19adb700e27144ab434c68a35ea45ee484b6b0b3","运营商传输网基础设施","","ChainNode"
"86515788-2344-5d5b-9320-5045eb01f977","chain_node:v2_c41293904f8683158719c8c95c3556a0ffc069f1","数据中心冷板式液冷系统","","ChainNode"
"8662ab4a-9e66-582e-8655-15da5e144de5","chain_node:v2_3eb47d5f218b3cccecffbf28b5e340258ce334bc","家具用人造板","","ChainNode"
"867c9ed1-0b00-5703-ae18-4eba95c852d7","chain_node:v1_21f0b8019df5edd5ed48eededae4ef145c0150c3","一体化压铸","","ChainNode"
"86b78509-3a9b-5666-9334-1e73ab9de03e","chain_node:v2_c05b707865659cb3f4b21d42d20b06efaede92f7","熟食杀菌包装服务","","ChainNode"
"86b8657b-3e2d-5821-965d-4bbb152a5b17","industry_chain:commercial_buses_and_coaches","商用载客汽车产业链","商用客车产业链","IndustryChain"
"86bc5bdc-bbc3-5e2f-ad51-aeeb2220f631","chain_node:v2_35e4461e59244c188a084557d2f05d94dbd95121","彩票投注专用终端","","ChainNode"
"86be1b50-102c-5cec-8f74-c0f402bd1346","industry_chain:thermal_coal","动力煤产业链","","IndustryChain"
"86d0300d-ce36-5fab-91ea-2021f6aae389","chain_node:v2_a4b7fe81c80be4a4e8a5ae68d2613d9ba058b1a5","页岩气生产运营服务","","ChainNode"
"86d21c2b-8bfa-558c-993c-0c9a7e886b85","chain_node:v2_898dcf8675e49a7fb21a1400a119626c712d4076","碳化钨粉","","ChainNode"
"86eeade9-1a52-52b1-84a7-334d3f26f141","industry_chain:branded_consumer_electronics","品牌消费电子终端产业链","","IndustryChain"
"870d05d2-4ed6-5348-9228-de34858d0a20","concept:master_v1_b842075a79e1fcdc","智慧城市","","Concept"
"8716a246-3ed4-531a-b180-1e48f1332674","chain_node:v2_cf0606b3505fb56b043600295637ef044f8ce45a","液晶显示材料","","ChainNode"
"8738de1e-810e-5f1a-af5e-ed55a6e827ea","industry_chain:security_and_surveillance_equipment","安防监控设备产业链","安防设备产业链","IndustryChain"
"873bc089-dd29-5eb4-a24f-42d1eccb4759","chain_node:v2_a3a99419acc8dcd4bce96da1813bceef5431c451","光学组件","","ChainNode"
"8741a23b-1a07-54e2-a9b2-bca383a187ea","chain_node:v2_ae929be94907b7ad3c029be0f0d27e4f519d42e1","全钒液流电池电解液","","ChainNode"
"87724733-ce49-5d3b-8e59-ab131db0bc2c","chain_node:v2_1a87441c13c40bff09a7cdccc13d4633d14ae721","植物蛋白原料","","ChainNode"
"8778b16b-c5e1-5089-99e5-d6241a61e266","chain_node:v2_7d0addb6115cb47559a89d4ba5074de44f4964bd","智能电能计量设备","","ChainNode"
"877ec248-03a7-598b-82d7-762790fd0322","chain_node:v2_1245f064d93ad355ba6e51b1cfd04ab8547d7fe9","工业大麻纤维","","ChainNode"
"8784f511-966d-5f46-b7a5-943696655e53","chain_node:v2_9aba25329eba464126fbe4fdf0e19f88bae366ff","污染场地调查监测服务","","ChainNode"
"8792450d-bcb6-558a-8fa4-310d6b7c4c26","industry_chain:advertising_media_services","广告媒体服务产业链","","IndustryChain"
"87a9b36c-7936-54b6-9144-d98dfff26c77","chain_node:v2_ce506cf487a88d504295c392ebd5013f9cee94f4","油气炼化施工安装服务","","ChainNode"
"87aad192-ffc8-5080-a6d4-c79739db6723","chain_node:v2_6ffdb7f05d783a3ffa510c1334b52271bcd1a9b2","城市原水处理与供水服务","","ChainNode"
"87b55aff-c10c-5381-a9f1-dbf441e13964","concept:master_v1_81e2f40358713707","数字乡村","","Concept"
"87b950d2-5df0-5341-a16e-f735c0d96b0f","industry_chain:molybdenum_metal","钼金属产业链","","IndustryChain"
"87d2718c-3459-5330-b9c0-2e5dd75e6266","chain_node:v2_ba5ea935f42e8b5e6f0c6742e3ff03d2f8e45a9d","音频内容版权授权服务","","ChainNode"
"87d3b93e-8c72-581d-b893-707308e423ba","industry:sw:workbook_snapshot_v1:640107","仪器仪表","","Industry"
"87e6aee4-5175-531e-967a-ac6cd8cdda95","chain_node:v2_a547143339f854eb3b3196a5afd7be6ff9000c1a","屏下摄像算法软件","","ChainNode"
"87ea03da-43be-5b80-ac19-123a1364d6a2","chain_node:v2_d402dd83b4e5ebfd5ef3771596a3a65a435ad1f8","出版发行服务","","ChainNode"
"87f780c5-1d60-5854-9bb3-73c51100c186","chain_node:v2_59b2cdcfbd58068e3e176ad97acbc1da083ad3ad","风电齿轮","","ChainNode"
"881e2921-f206-5773-b5ec-a34684be8e20","industry:sw:workbook_snapshot_v1:750101","油气开采Ⅲ","","Industry"
"8845448d-55a5-502e-883c-9dfa9289f1f4","chain_node:v2_fb5b1b9834ddf59ad8f3ade76f08af9dc60a7132","功能涂布特种纸","","ChainNode"
"884d9af8-e062-5f12-ad4e-c31729d3283e","industry:sw:workbook_snapshot_v1:630304","火电设备","","Industry"
"885481e3-af58-510f-bc83-0899ea56b8e9","chain_node:v1_f90a35724610bb6757ed90d5aaae97fcd9407bb6","通信工程及服务","","ChainNode"
"88587f51-950b-5149-9db0-c7108f784228","chain_node:v2_649ee66ff2d694e8de279300a96ca4649e367a9e","行业工程数据产品","","ChainNode"
"886add16-39cd-57d2-99fe-a8982758ff98","chain_node:v2_b7e3b9841f5e701137c6c71d280a79aec558f801","天然气水合物降压试采服务","","ChainNode"
"8888863d-afbd-5078-a08c-d0349d26468d","chain_node:v2_58d252d281136ac66746916a74943385120241a4","拉链织带","","ChainNode"
"8895a61c-3381-5b70-9243-ab5e9d14b9ec","chain_node:v2_e2fffd51e34db93af8c209affdcc78d0634c2ab7","人工晶状体","","ChainNode"
"88aeefed-6966-5833-98b9-6bfb4766d426","chain_node:v1_7367b66a1c4fca2c903a94e525443c04298a85b1","两轮车","","ChainNode"
"88bde311-9a5a-5f84-94a0-f8eb6b6d3b96","industry:sw:workbook_snapshot_v1:220317","胶黏剂及胶带","","Industry"
"88c42083-36ac-5852-a270-85cb28ce37ba","industry_chain:quantum_information_technology_systems","量子信息技术系统产业链","","IndustryChain"
"88c89946-11bd-58e0-8ad0-3ad87e5c3d72","chain_node:v1_51d06d10997ac974d7f9a418a26b0fe4df93a8ce","食品加工","","ChainNode"
"88c91970-0b48-5a55-86e2-4009e0ba89bc","chain_node:v1_0e41a710432d5850cad8c34ac0223afa20c2a08b","互联网医疗服务","互联医疗","ChainNode"
"88dc2577-b445-5bd6-b310-0fe4213c2ad0","industry:sw:workbook_snapshot_v1:350300","饰品","","Industry"
"88e8650d-c4aa-527d-a74e-e9cbb8acf879","concept:master_v1_ffbfb0bd5e02dd7f","东数西算","","Concept"
"88e92acc-8a97-57fb-a485-b98e76820ca0","chain_node:v2_71976aac6016c89135630c02fd1b1a81d04e6137","人造石墨破碎整形与造粒服务","","ChainNode"
"8900de94-d3d6-5bea-b51a-d7f9efa7a31f","industry_chain:display_panels","显示面板产业链","面板产业链","IndustryChain"
"8902609d-38c6-5219-b8f4-84d223650a4e","chain_node:v2_f38386d142c3138431c447ab20a59b61e003a748","轮毂电机定转子总成","","ChainNode"
"890b9ad1-89a1-560e-a649-728262e90777","chain_node:v2_084262b0bd4954a6e274c1ce0eb52614625976a4","移动支付受理终端","","ChainNode"
"890be54a-da64-5d42-a7cd-4fa82b2a0778","industry_chain:sportswear","运动服装产业链","","IndustryChain"
"890c4770-2031-58c6-9f45-6344623325e4","concept:master_v1_3d6068db9d5e487e","智能医疗","","Concept"
"890c7bed-dbee-5e3c-bb20-8629cf0648ed","industry:sw:workbook_snapshot_v1:220602","其他橡胶制品","","Industry"
"8910b859-3d22-5efd-8afc-213403fe7635","industry_chain:motorcycles","摩托车产业链","","IndustryChain"
"89214eb6-5a96-525d-8e57-980e41611d56","industry:sw:workbook_snapshot_v1:490307","资产管理","","Industry"
"8929034b-eaed-5b18-8955-2ffe37651cba","chain_node:v1_2e81a656fc480cfc7823def050245d02b77e0bc4","金属回收","","ChainNode"
"89307abc-45f5-5cfa-8593-031f356275f2","chain_node:v2_83f2fb5934a9049f18ce070f62457e58e3202406","工程造价BIM软件","","ChainNode"
"89632823-ebfa-58eb-ba4f-9126f48e1a98","industry_chain:supply_chain_planning_services","供应链计划服务产业链","","IndustryChain"
"8970f479-e784-5baa-899a-d316bfc7c394","industry:sw:workbook_snapshot_v1:350200","服装家纺","","Industry"
"8984e778-3e8b-50c2-ac6f-a80fa13fa14c","industry_chain:grain_and_edible_oil_processing","粮油加工产业链","","IndustryChain"
"899775f5-a45a-5fd6-8b52-a8a6ce57bf50","chain_node:v2_dc8d9931ef865a32f945113342289a4c5ae73f6a","数据中心高速铜缆部署服务","","ChainNode"
"899f517d-060c-59f2-8642-7ba0bac0c5ef","chain_node:v2_ea971f113162a53db1fd04f877e0071978ddad1b","eVTOL电推进电机","eVTOL推进电机","ChainNode"
"89a1984b-456d-59a9-ad47-2591a020c2ed","chain_node:v1_9fce51e13c2293c8bbf08fa470dfb46d140027e9","半导体设备","","ChainNode"
"89a56068-376c-54a7-b240-52575498eae6","chain_node:v2_28908d04e0284e177aa4df8de557344d74da8efe","防晒护肤配方研发服务","","ChainNode"
"89ad8b61-d024-5036-a6e9-023e510a8b3e","chain_node:v2_7a587cb19e83dcbd1eaf91af031fe1a4c9f2fe2b","中成药制剂生产服务","","ChainNode"
"89b59542-0bc1-50a8-b496-74fe3e3e3ce4","industry:sw:workbook_snapshot_v1:280203","底盘与发动机系统","","Industry"
"89b9eef8-79b9-5e35-914f-98c96c846ace","chain_node:v2_10eaa754758e51b1b610d0cafa465ab6f3cc434f","农业物联网数据服务","","ChainNode"
"89d72b8f-299e-5ba3-9534-92deb08d4e26","industry_chain:biodegradable_plastics","可生物降解塑料产业链","降解塑料产业链","IndustryChain"
"89eee166-1481-5630-8e42-ce9f779ccc6a","industry_chain:insurance_services","保险服务产业链","","IndustryChain"
"89f6131b-0500-5921-988f-2f72c4c47fbe","chain_node:v1_64461dc36ba650cd12428442afd6e952ba2635cb","无线充电系统","无线充电","ChainNode"
"89fadad1-7a37-5dbc-adc3-023f032011e8","chain_node:v2_50774d5af56fd2ea84dc04d86bc1412c5fdd6201","丁苯橡胶生胶","","ChainNode"
"8a128603-7916-5802-ab51-708db4948b91","chain_node:v1_e0e03cb1d1f80a9a01e49a3d4215f8defde20bad","医疗耗材","","ChainNode"
"8a4d85fc-727f-5046-90a0-c9e7a6967133","chain_node:v2_1f9a6b6d38593301c0ca3393a0fe6bb2a376e9ac","MicroLED巨量转移设备","","ChainNode"
"8a5e40a6-a4f0-5d07-8f14-acdfd6423f64","chain_node:v2_9483f65a1038865c92e99b87241dad5b59f04198","商品动力煤","","ChainNode"
"8a6162ba-7ce2-5b8e-958b-a7f20534e66d","chain_node:v1_5d1bff69509b67a9d5a6261173de2b97af991903","智能手环","","ChainNode"
"8a6e86f7-bc22-5225-9402-512eb3db1f4f","chain_node:v2_9cb0126fa7ec16172bbc2e457ba0cedcb12b6146","酒店房量库存服务","","ChainNode"
"8a76c1a0-99f3-5746-8347-78cbb073c9ff","industry_chain:mobile_games","移动游戏产业链","手机游戏产业链","IndustryChain"
"8a800997-c714-5cc6-80f6-7874ec6443af","industry_chain:carbon_emissions_trading_services","碳排放权交易服务产业链","碳交易产业链","IndustryChain"
"8aa157e3-7b6a-5ad1-b93f-8ade516a8b98","chain_node:v2_9ce510dab8e5791b782ba2d685dcab69b279ad85","互联网网络接入服务","","ChainNode"
"8ad207f6-0d01-5343-8b9e-5489e7e9479f","chain_node:v1_91889ca56effbf5f6c2f31b9e16e4acbc52c861c","桌面游戏用品","棋牌用品","ChainNode"
"8adc4e5f-b4c1-56a5-95da-4db35499bc4d","chain_node:v2_99b01811982bd72540d219923d60def3d3fb1179","具备产能的油气生产井","","ChainNode"
"8ae4fb0c-0f2b-553c-a6ed-3b40aef442b1","chain_node:v2_0aba45acc8b052f16c67c2e1898de018b4b1ef4d","个人护理小家电锂电池","","ChainNode"
"8af6a08e-dacd-58d8-904f-0f6e1abad865","chain_node:v2_c6d008701bb419c905976ed679941d01cbc87e5d","地热勘探钻井服务","","ChainNode"
"8b03eb1d-1f09-568e-a20b-2a53a5839262","chain_node:v1_fb229620a8317b1ac1634504919892e30f076e77","电子后视镜系统","电子后视镜","ChainNode"
"8b0707ab-4172-504a-a7fe-630642a64a8f","chain_node:v2_4f16e84e79f2c8a4c64dd876bfbefa7e66ac2c32","水泥熟料生产线","","ChainNode"
"8b075b56-c9a7-5773-ae4e-f0cabf0e796d","chain_node:v2_32b86e133e5b2daa9ed1aeecde46311565215608","精密丝网印刷系统","","ChainNode"
"8b0b3ce0-142d-55b9-b660-332438b37a1f","chain_node:v2_193fb6e6e46dacb04bfc3c47b8bffdda44373dbf","双电层超级电容器","","ChainNode"
"8b11dc73-3332-559d-8dbe-958ade361942","chain_node:v2_705a44134f58131bf7e3a88058b8ff0c0cc46550","银行业务运营服务","","ChainNode"
"8b36d009-11dd-5aa8-9f5c-40bc29e3d66c","chain_node:v2_cec09445bc3b14ba14cc6a92ce3505e06481dd2b","工业数据连接器","","ChainNode"
"8b36d6c5-9aa6-557f-9352-4b384ae1fd19","chain_node:v2_95b3d6eb3cfffa3c6b1da48ef391782b5149b4fe","防晒护肤品生产灌装服务","","ChainNode"
"8b41a67f-0395-55a1-a7d8-6a68f22086da","chain_node:v2_c9eec2ae89a7fcf062ca9a1be3796a4326168941","铁精矿","","ChainNode"
"8b4618cc-5ea1-5764-acbf-9bad33d0356b","chain_node:v2_eb03682d845cdfa2d4c95e704a63f4bd990601b6","晶硅光伏制造产线集成服务","","ChainNode"
"8b46ec06-3e2a-5192-9471-f1e41a753e01","chain_node:v2_b72ebbe4ea9276d0cc5dd339804387051551e75b","变电站监控软件","","ChainNode"
"8b77ffba-b359-5c40-80f3-8ceff4d1b9c9","chain_node:v2_43c15c541ce8ce2bde827b26b5a87f9a730d8a66","数据采集与授权服务","","ChainNode"
"8b814070-75b2-5083-b225-bcae782d5db3","chain_node:v1_36be678bd6c6a2d7851c8ad388bb7c225722e670","工业母机","","ChainNode"
"8b89b589-c6a5-5aaf-a4c4-d4179d10a135","chain_node:v1_f0bea3ed03ad30abc60b5b2a9350e2e27f387039","模拟芯片设计","","ChainNode"
"8ba9ff79-d871-5ed6-b2e3-398e38d9d976","chain_node:v2_aff84b953d80cdcf4aaba0f321cfa6823cd9fed7","休闲食品包装材料","","ChainNode"
"8bbc8751-371c-51e7-866e-ba441d1f71c5","chain_node:v2_4673b149d87adc633f837161ae5f36d2483d86eb","快充电源模块","","ChainNode"
"8bc2936a-6ca6-5204-930f-61ac3537c344","chain_node:v2_2e0dfdd34a38689bcf6604e72224b151ec8a3a09","通信光缆","","ChainNode"
"8bc5ed15-8b31-5c72-8584-a1b7cde920dc","chain_node:v2_8cf7399f892d5f628fe16e7a223d89196c404c62","跨境商品供应服务","","ChainNode"
"8bd3ccc8-dd9c-5eee-998b-be7a7b48313a","chain_node:v2_cad095a2efcd2f46d2aadceb2894137c3243fddb","建筑结构检测仪器","","ChainNode"
"8be036d6-4b6f-5365-88a4-711cecf4b3bf","chain_node:v2_0e0183e97a17f3a0934d81ca3e76bf5ca1485f51","航空复合材料结构件","","ChainNode"
"8bec587f-6747-5e5f-aa9c-9ebe04f02e4c","industry_chain:gallium_nitride_semiconductors","氮化镓半导体产业链","氮化镓产业链","IndustryChain"
"8bed5274-63f6-5b59-9c4d-5b3a81ce8388","chain_node:v2_74ee3b764fd9900420bf39e8aad80b6d36aa281a","轨道车辆车体","","ChainNode"
"8c070996-db27-5556-b322-c5aafa7d5845","industry_chain:hair_care_products","洗发护发用品产业链","洗护用品产业链","IndustryChain"
"8c090775-88bd-578e-9b7c-1641bd97454b","chain_node:v2_35482917480d79d5df162fd69a8c3494afb1c6d8","钨基硬质合金","","ChainNode"
"8c0a7af7-78b1-5f22-a0f6-b5b6f9907f2b","chain_node:v2_1a6b7831090a73d24858c9081d2e2b1328f69e1a","盐湖含锂卤水","","ChainNode"
"8c0d35b4-6e5b-504a-bb8e-e864b98e68f5","chain_node:v2_d34901cdf35590ccec64cf0968e9ee096a78e8f2","汽车动力总成","","ChainNode"
"8c15ca31-d2ff-5a91-a739-e47bf7dfdb40","industry_chain:ride_hailing_services","网约车出行服务产业链","网约车产业链","IndustryChain"
"8c1c580f-298c-57fc-bf0d-458a26041edd","chain_node:v2_ba4241685b1b24389d5480e8cbbec6280f0b5838","在线教育教师授课服务","","ChainNode"
"8c29f29e-b91e-52c1-90e4-267e471a74f9","chain_node:v2_374a14175bff1ce5a3a504fb577a389a7625651c","品牌招商服务","","ChainNode"
"8c32e113-2b7a-5c61-a774-e0748b462501","chain_node:v2_1b74b881650f28aed86e01c6896248b4d9639fac","铅膏","","ChainNode"
"8c41618a-de41-56ef-96dc-13686eff55cb","chain_node:v2_ac9c534e593c1ba8b0e2cf9bd1ae5b3b575ea93e","屏下摄像红外截止滤光片","","ChainNode"
"8c49aea2-2e0d-5347-87d2-544fbd4cd533","industry_chain:green_hydrogen_production_and_supply","绿氢制取及供应产业链","","IndustryChain"
"8c4c41c4-1b1a-5efb-985f-87966e171b0e","chain_node:v2_edefa022fb3625425ea59199319041d01d92b705","生物等效性试验服务","","ChainNode"
"8c60b64f-e259-5a35-9fff-1ab186c94d78","chain_node:v2_ab4433a4fd9a42b2ca274c406c4a133c27277621","抗菌整理剂","","ChainNode"
"8c8249dd-a33d-5a59-b471-472729af66a3","industry_chain:horizontal_enterprise_software","横向通用企业软件产业链","","IndustryChain"
"8c854bea-6274-5824-bfe2-4b0cda145413","chain_node:v2_f78e304454eb7f936f724d81cb97336b03babdaf","水处理膜材料","","ChainNode"
"8c88d180-874b-5bce-990a-bb6242ae3acf","chain_node:v2_5e995583493ca705f3891526e49476560f0f23aa","单抗生产细胞株","","ChainNode"
"8c9430a5-2dbe-5b05-8110-049212927f4e","chain_node:v2_74662dcaee3c9c79bcb3d1e4c44370bdd8bd1bd3","乙烯","","ChainNode"
"8ca619d0-9dee-5982-a803-c3b1fef6c8f2","chain_node:v2_69df10cdd1e727e1a9f2d21a656e6a3aa3c237dc","分立器件封装测试服务","","ChainNode"
"8cb50cab-ad4d-525f-8bbc-e2563cedaac0","chain_node:v2_be9afe6208cf6eb1c75dbb960869948dae034e79","光伏级乙烯-辛烯共聚POE粒子","","ChainNode"
"8cd4578d-4126-58ad-88e6-9bc8b5dedb0d","chain_node:v2_345b58fa274ddacd3d8f4161cc2de00b14c6bc30","木材采伐服务","","ChainNode"
"8ce1d4fb-ff82-5c0d-a303-ad1918290046","chain_node:v2_ee67bf7aef1bdc174d9f2948a20293e6a6451fc4","货运燃料供应服务","","ChainNode"
"8ce222b2-7b11-57fa-bbbf-166c907b92ad","industry_chain:satellite_internet_systems","卫星互联网系统产业链","","IndustryChain"
"8ced59ca-2324-5f84-b2bb-597f17b9def0","chain_node:v1_9d76bba512eb620b7f8eb18436fa6f3e1554facb","金刚线切片机","","ChainNode"
"8cf39ede-ec8d-51ef-bdce-c81ef08e25b3","chain_node:v2_728bc4e03b56f82a1c4e25537ef2a58ea494891f","医用高压氧压力舱体","","ChainNode"
"8cfabaea-1f50-5b03-9f89-4fdf6613cce0","chain_node:v2_8ed99a64b7d2cc5962253217ac2fbd48d425e106","运载火箭发动机","","ChainNode"
"8d1ba471-d471-5f8e-9059-4869734e423f","chain_node:v2_58fe7581c90f989b09acd0f83175a3704e5f5321","卫星通信带宽服务","","ChainNode"
"8d372a83-0527-5f1f-b4dd-e16a87d76055","chain_node:v2_a2c4113ca1cdb43942f3feb0bb6d2e392453a0f8","报废机动车","","ChainNode"
"8d4f5596-af84-59dc-83e2-cc599f5a2976","chain_node:v2_df3df5e34dc3d61753afba0840db3eef4125218f","光纤阵列","","ChainNode"
"8d69a339-31ba-5798-8579-53a4c0595632","chain_node:v1_cca54b96ed1b9ca7a58b8daed9226537a935bdf2","炭黑","","ChainNode"
"8d76aad4-453a-52f8-af2e-f2f19aee663b","industry_chain:ultra_high_definition_video_systems","超高清视频系统产业链","","IndustryChain"
"8d811e49-d06a-515c-9b80-5dad3dc55616","chain_node:v2_149b3afe420eb65bfba7e60a08695daab948ec46","电力边缘计算终端","","ChainNode"
"8d8aef34-ae4b-543e-94a2-f0c089d80a46","chain_node:v2_6671387e1b5bb7cb2147a68dfb80dcc4b723ed1a","商品林营造服务","","ChainNode"
"8d8d88a3-1a61-513f-b5a1-46a6956ef255","chain_node:v1_67a7a3750b8816fe9533f73149e7fed943c71e16","低碳冶金","","ChainNode"
"8d90418c-ca0d-59f5-b115-49af3eadb6b1","industry_chain:edible_mushroom_products","食用菌产品产业链","食用菌产业链","IndustryChain"
"8d9a8f11-6db0-56d3-a849-23029b4ce178","chain_node:v2_65b93c5fc5154b8fda40072b0883628995ddf265","列车运行控制系统","","ChainNode"
"8d9d9cce-4757-5aa2-9b53-048b83a7c2dd","industry_chain:soft_drinks","软饮料产业链","","IndustryChain"
"8da4b700-4e92-5d34-b151-ad6639d68254","chain_node:v2_ed1ed117abbba95c99181817e6f0827e204c0488","市政基础设施工程总承包服务","","ChainNode"
"8db2864a-d7bc-5d5a-9716-0d2f602ff143","chain_node:v2_ea5f3bdc6fecd9d958f099c57279489aa8ab6143","引线键合封装服务","","ChainNode"
"8db98850-c016-5d32-8536-169886201e6f","industry:sw:workbook_snapshot_v1:330100","白色家电","","Industry"
"8dd42af0-c08c-5fa4-bdb5-6b2daa67ce74","chain_node:v2_4ae920283c5ee1f06889a9af105b1b61bbcdf211","直流充电桩","","ChainNode"
"8de88d89-3e0a-5500-883c-0fbbac9abf92","industry_chain:carbon_fiber_materials","碳纤维材料产业链","碳纤维产业链","IndustryChain"
"8df74b61-98c3-5ab0-8219-4a259bb5ac0a","industry:sw:workbook_snapshot_v1:490200","保险Ⅱ","","Industry"
"8dfd1cfc-fd1f-5f13-9603-7e121545087d","industry:sw:workbook_snapshot_v1:350302","多品类奢侈品","","Industry"
"8e187298-a03c-5b25-b3ad-ac5d5d339a6f","chain_node:v2_96b958d4befc74c4367f7a1531bc186316be1f40","企业培训课程内容","","ChainNode"
"8e1a6535-22a3-55c0-9c7f-71ebf11b653e","industry:sw:workbook_snapshot_v1:640203","能源及重型设备","","Industry"
"8e278e56-b6f0-57c0-bd37-eadfae13498f","chain_node:v2_859b7699eaede798d054e497b67092cc026cb6f3","云数据库服务","","ChainNode"
"8e36008a-2751-5ac8-a23e-b68ce7231abb","industry_chain:biometric_identity_verification_services","生物特征身份核验服务产业链","","IndustryChain"
"8e3e0ba1-1d2f-5880-bfd1-956fa606a426","chain_node:v2_617fcb33774e29fa9def3109ca4882d0ca28fff0","证券行情数据服务","","ChainNode"
"8e3f608c-998b-5aa3-88d7-265d367f1ca2","chain_node:v2_5a9f25693d2b52786691e86dca5607a30dc93d54","软件测试服务","","ChainNode"
"8e43f54d-dc86-5fdd-8bd3-7c5621713725","chain_node:v2_df4b008534440e2c297990a97d682c0902475ce2","汽车车身与车架总成","","ChainNode"
"8e64d05f-aa6b-5179-a2ea-8866a111be2b","chain_node:v2_6e7609d4ee016ff1494f29d85475567c4898a4df","国资云运营服务","","ChainNode"
"8e7ec34f-2571-547d-a455-f4cdbd8a1ab8","chain_node:v2_1333c9b5ebb3bd3fda4b89000563f4d9196a0338","在线执业医师服务","","ChainNode"
"8e8c550d-2d3a-5ea6-9ffc-b0d302b0b69b","chain_node:v2_d2e47fa0a67ebc03abefdd7194536f18da9ba6cc","金矿选冶服务","","ChainNode"
"8e908120-e3e8-5912-ba77-1136246f0fb1","chain_node:v2_c6568b1c8c3cd6ec782648554aa779de1e7d5a4a","教材发行服务","","ChainNode"
"8e954ce4-5e3b-5b19-968c-4a7ecfd1c916","chain_node:v1_f9e6c60ce1b2b9ba586f5b40454728456482cbf9","胎压监测系统","胎压监测","ChainNode"
"8e9e9ba9-5437-54d2-b22a-7663bd134f9b","industry_chain:ai_smart_glasses","AI智能眼镜产业链","AI眼镜产业链","IndustryChain"
"8eadff1e-fd2d-5099-b1ef-e05d37e3d8f3","chain_node:v2_636c0fe4aa25f6f887589336e757e16c9943c1a3","园林绿化养护服务","","ChainNode"
"8ecd1b2b-7099-5a5b-9c47-5ef71e32af2b","chain_node:v2_9230a3d2665ecda7d03f8a5589e73927a4154d52","费托合成油","","ChainNode"
"8edf7809-4818-52c4-a915-81c93b214915","industry_chain:automotive_transmissions","汽车变速器产业链","汽车变速箱产业链","IndustryChain"
"8ee0dfa4-ea5b-5bf3-b5d4-7c6967587e22","industry_chain:graphite_electrodes","石墨电极产业链","","IndustryChain"
"8ef4cede-70fc-5604-a794-df5a14b3d15c","industry:sw:workbook_snapshot_v1:730100","通信服务","","Industry"
"8efbcf84-4fd1-50b6-96a8-a5cc8e4aeb13","industry:sw:workbook_snapshot_v1:620100","房屋建设Ⅱ","","Industry"
"8f0adfeb-af89-542f-860e-be74097a7bd9","industry_chain:coal_chemical_products","现代煤化工产业链","煤化工产业链","IndustryChain"
"8f0fb087-f840-59b8-8014-8ed807240e2f","chain_node:v2_c7db378d7adfad8b640e6a0f99a8acf2bcce789c","稀释制冷机","","ChainNode"
"8f1b8680-2ed5-5b1f-aef6-49702521b963","chain_node:v1_8c9d252bc4882f031a22d20ac5d73e8d1a7cf607","CRO","","ChainNode"
"8f26b01f-adf2-5afe-86e2-537cb899bf31","industry_chain:telecommunications_network_equipment","通信网络设备产业链","","IndustryChain"
"8f31bb5c-1e58-5fd6-9f9b-e6878b369583","industry:sw:workbook_snapshot_v1:370605","其他医疗服务","","Industry"
"8f4ef266-4040-5c24-b684-7db9592e46d1","chain_node:v2_1bd8072ae3b0178b94e2081fa4938e5ac0a4dd32","厨房小家电塑料外壳","","ChainNode"
"8f506e1e-9209-5f30-b3c6-da8a5641868a","chain_node:v2_7300398a7733fe9b715db18c32391e44e010b308","光伏电站EPC建设服务","","ChainNode"
"8f7a7651-1857-5464-85fe-fea143544af9","chain_node:v2_30416ae2fc2e585e9985c534ff5a8c36662ce4ee","生活垃圾分类收运服务","","ChainNode"
"8f7ebce9-8966-5baa-a4cf-86e545a911bd","chain_node:v2_2985f74ba2529c49f578d78861c262b59813dcff","身份数据核验接口","","ChainNode"
"8f832dc0-dba6-586a-a47e-bf38af5ef81a","industry_chain:architectural_door_and_window_systems","建筑门窗系统产业链","","IndustryChain"
"8f890c83-fedc-5a24-b6bc-86e6d2cb2b14","chain_node:v2_48ab5371a2a7ceefb4d2facece515821b9f96ccb","环境修复药剂","","ChainNode"
"8fa5d101-fcb5-54ce-a8a8-d0aa4d95ae0e","chain_node:v2_c5c28e9240c92eb3937d922097b3ab3a7f4ddb1c","萤石","","ChainNode"
"8fbe87b6-cc91-53de-9726-905fa167c619","chain_node:v1_3ecc347c13daa29cf87057793aef5a755d474cf3","园林工程服务","园林工程","ChainNode"
"8fc34358-593a-5034-ba7b-ffbc3e899881","chain_node:v2_45550979cb0e4c1836c2121ddf353e19f5c1bfd2","CVD培育钻石毛坯","","ChainNode"
"8fdef375-67e2-5ab4-be45-cb3e7a3d6881","chain_node:v2_05be8c8f4ccece761a6e04c5d80213ebd26c9df0","新能源汽车减速器精密齿轮组","","ChainNode"
"8feb779d-7ce2-5aea-b279-b503c9d3ab52","chain_node:v2_d6e98268ab88a4c4788929367e8428985bdb7a66","机器人执行器驱动器","","ChainNode"
"8ff79fbc-428f-58ab-80f3-1c45b7fb0e09","concept:master_v1_7bbffa70436843c7","虚拟现实","","Concept"
"90151226-d154-5373-9918-111934d070cb","industry_chain:elderly_care_services","养老服务产业链","","IndustryChain"
"903458d2-3234-543d-a4b6-6d3dc4e60590","industry_chain:data_rights_confirmation_services","数据确权服务产业链","","IndustryChain"
"9056bf44-93cd-5fcb-8c6b-a1c3ebb2dc37","industry_chain:engineering_consulting_services","工程咨询服务产业链","","IndustryChain"
"906d86ba-0f88-57ed-8f4e-de4db179b0ba","chain_node:v2_4bd59b2d406e0551b94fe79ee5c9f5f116d8d123","星闪通信模组","","ChainNode"
"909af322-7898-557c-b69f-e91fbdcb846a","chain_node:v1_db5af34f2e5e29c6c0fba905b3e0c0bd9ecb0a70","口腔清洁用品","","ChainNode"
"90a03402-6616-550c-9746-e01c8b2a32a2","chain_node:v2_f3835c1a9e549d4f56ef753b19550c55df3df483","PLC电源模块","","ChainNode"
"90b7fbb9-3010-57d8-9682-995089eb457d","chain_node:v2_c5ac3ff51972da1193c9754e515174fd07705f4a","MicroLED显示模组","","ChainNode"
"90b9a3ce-3810-5b29-bf6e-a85d520f43b7","chain_node:v2_9194154ed149c4b8986b15b7f49b855ad2201037","出版物制版服务","","ChainNode"
"90c20d58-fa39-5f18-afe8-9b1bf1cd5b85","chain_node:v2_ea8fc3ce80a6a3598747feb8a8bac76855d0bbfd","排放监测服务","","ChainNode"
"90d4f780-2d6d-5800-84ee-3e743c57b427","industry_chain:tissue_and_hygiene_paper","生活用纸产业链","","IndustryChain"
"90e56a3a-0a32-5f08-a840-5044615ee4dc","chain_node:v2_f07bdd830a48c765024e0d4f1921eee2b24d5fbe","尼龙6切片","","ChainNode"
"90ed2427-7cf9-5ef7-9e09-78644e2b7515","chain_node:v2_80a6e8bfb0b0e88a25b6faaf5eab17c055d52c0b","游戏引擎软件","","ChainNode"
"90f5bb64-c0e6-5214-bd05-0719d8687fb1","chain_node:v2_df37c04e17a309ec7599693096f29e9c97b3590d","光刻机掩膜台","","ChainNode"
"90ff479e-2ad8-5cbc-b314-3db3677fdc33","industry:sw:workbook_snapshot_v1:280400","摩托车及其他","","Industry"
"9102085f-3833-5b82-88ec-1e99e00af421","chain_node:v2_8433d7cc0e7945c75127aa92d2b90dbb6a11d116","集成电路晶圆制造服务","","ChainNode"
"910e092c-de7c-54a5-9059-e13dd67e058a","chain_node:v2_07841d2719e51cb4508ff46bfad0d93583fa3177","专业连锁零售服务","","ChainNode"
"911394c5-e90a-5e48-b1d7-8b812055d095","chain_node:v2_09b01724e9388d56c5eb2779f96e050a0b55e341","同步磁阻电机用无取向电工钢","","ChainNode"
"911f8686-2a19-5dde-a6b8-97af8c85237e","industry_chain:glasses_free_3d_displays","裸眼3D显示产业链","","IndustryChain"
"91286739-345e-5980-9aa1-c604e5c8016e","chain_node:v2_d4d9e7e727a2b07d7e8fe57be22e83999d58d574","CVD金刚石生长服务","","ChainNode"
"91315b48-94f7-5ba9-ab64-f162cac4fa4c","chain_node:v2_daba22610d7a8d3c042a45ebe2dd8afad16621b5","合成氨生产服务","","ChainNode"
"91350c72-58cc-5965-b622-6669e2935b56","chain_node:v2_a77ecc72ac78e19457213c5da81ec807eba34f29","发酵碳源","","ChainNode"
"91385882-f96e-5e16-92d8-478046ecc613","industry:sw:workbook_snapshot_v1:421002","机场","","Industry"
"9139004b-d81c-5277-953d-d5007caae8f0","industry:sw:workbook_snapshot_v1:610201","玻璃制造","","Industry"
"913944cd-1b61-55d3-8fe2-32b17de2a561","industry_chain:innovative_pharmaceuticals","创新药产业链","","IndustryChain"
"91470cfc-d36b-56a2-91ad-4f854631487d","chain_node:v1_7c9c63d7d4f8bcdcd5c6312ebf80ca844bd98d16","数据安全软件产品","","ChainNode"
"91521fc6-64c8-571c-8cef-d289872a7e23","industry_chain:wine_and_other_alcoholic_beverages","葡萄酒及其他酒类产业链","","IndustryChain"
"9160463b-c9e5-592f-93d4-7021ad211871","industry:sw:workbook_snapshot_v1:640000","机械设备","","Industry"
"916f536f-7dea-5127-ad98-61c9a4b7fc96","chain_node:v2_b2f30a204e618060d350836a815b25b6e4940e85","聚氯乙烯（PVC）树脂","","ChainNode"
"9178f30e-d3c0-59b9-b8c2-24a07ed88696","industry_chain:led_products","LED光电产品产业链","LED产业链","IndustryChain"
"917a2969-9068-516e-9dad-2078d4641ae6","industry_chain:urban_water_supply_services","城镇供水服务产业链","","IndustryChain"
"917e8e3b-623d-5992-ab95-e1dc3e27601d","chain_node:v2_e001d43104f31baababd1dc921c3e3f65cc6d755","广告库存交易平台","","ChainNode"
"918816a1-2e61-5cb7-ab0b-e3e076d88462","chain_node:v1_8696aefd838ba94b0f67af2f713e0364a6266d68","火电设备","","ChainNode"
"91d7af45-9671-5b84-9671-6ffad04b26b0","industry_chain:cotton_spinning","棉纺加工产业链","棉纺产业链","IndustryChain"
"91e2534d-1b9f-55e7-a103-894c375f85be","chain_node:v2_9cf76c0803e5a8ad517b08b3e4148b86e216b0a6","光伏逆变器控制电路","","ChainNode"
"91e25c29-c52c-5642-bdee-7ed059a162d3","industry_chain:garment_accessories","服装辅料产业链","纺织辅料产业链","IndustryChain"
"91e61759-7802-590d-910c-d9723ada6854","concept:master_v1_e792491a3a204cf0","毫米波","","Concept"
"91f71aa4-8282-5bf0-a29e-116b5c175af2","industry_chain:industrial_digital_twin_software","工业数字孪生软件产业链","","IndustryChain"
"920a6e03-50d9-5b0c-a86f-1f67a36fd867","chain_node:v1_18929cf0f177fef9b581e9c0b541ba3a09ff107e","游戏运营服务","","ChainNode"
"920c35be-8230-5592-b691-17b32a00447b","industry_chain:automotive_internal_combustion_engines","汽车内燃机产业链","汽车发动机产业链","IndustryChain"
"9219b69e-98c2-590b-b8af-b09bb8ef6da3","chain_node:v2_773a5ee7d25558666c7098638c2006689c231792","工业电机定转子总成","","ChainNode"
"92250942-fdc7-5f0f-adb3-fdfc0a1d7511","chain_node:v2_b04ca5e087fe441a862d1ccea02fcd65a2f87bfb","建筑装修设计服务","","ChainNode"
"92257b4c-6d02-54e7-8362-8149e196110e","industry:sw:workbook_snapshot_v1:340701","软饮料","","Industry"
"923ab1fc-0e05-570c-802a-b7f25ad3bb8b","industry:sw:workbook_snapshot_v1:640209","其他专用设备","","Industry"
"924cb131-347b-5ce3-be3b-8167989f1d86","industry:sw:workbook_snapshot_v1:620400","专业工程","","Industry"
"924f934a-2dc5-5438-a822-08eb90460949","industry_chain:generic_drug_consistency_evaluation_services","仿制药一致性评价服务产业链","","IndustryChain"
"92592e3f-f639-5c17-8cf5-b14888175211","industry_chain:broiler_chicken_farming","肉鸡养殖产业链","","IndustryChain"
"925efcc3-0114-52e5-b0e0-6630571e9b19","chain_node:v2_65a75519cb0a6fa1ad76b7c73b9a7d94c4643006","二硫化碳","","ChainNode"
"92705618-2d43-5344-900e-19e3cbf19fdf","industry:sw:workbook_snapshot_v1:110104","食用菌","","Industry"
"9277fad7-ec5c-54f8-b99e-051e2288f9fe","chain_node:v1_108e38787e6c9dd27ccc484ac673a8ff7db62b04","先进封装","","ChainNode"
"927aacf8-4931-56cc-92bb-a1847b731891","chain_node:v2_8856fbae1892f4934d1c7c8d6b012ddfe60e2c70","牙膏用氟化物","","ChainNode"
"927b3245-639d-5de3-8278-060f8b9798c1","industry_chain:automotive_camera_modules","车载摄像头模组产业链","","IndustryChain"
"927bd5ad-734e-558c-a5d9-e65d638af730","industry:sw:workbook_snapshot_v1:110901","农业综合Ⅲ","","Industry"
"928bf5fa-88b5-50dd-90f9-95084ac8c521","chain_node:v2_e27c5d5291754985e517f0d19541c89f83eedf28","消费级MCU处理器IP","","ChainNode"
"928caa8e-78ef-5c17-99a3-67e7c46e869f","chain_node:v2_a07adb91ba2089842912c55105668241304c50d2","物业设施维修服务","","ChainNode"
"929ddb33-1e99-5389-92c5-d2db1145b3f9","industry_chain:nickel_metal","镍金属产业链","","IndustryChain"
"92ad9ec6-318b-565a-8e2d-3519c3896a37","industry:sw:workbook_snapshot_v1:630705","蓄电池及其他电池","","Industry"
"92b295ec-3c8f-5d3d-a808-841390a60247","concept:master_v1_d1f895d9ac17d2ba","新能源车","","Concept"
"92c8e467-78bf-5413-a1af-4350f31de53f","chain_node:v2_57f35cab0c9eb25d7a9f57dde947c969ea3d73d0","全钒液流电池离子交换膜","","ChainNode"
"930a3abf-c0b4-5db9-9535-4580b2d3116c","industry:sw:workbook_snapshot_v1:490304","信托","","Industry"
"931645a0-3a1b-5b02-9891-aa9ecee42409","industry:sw:workbook_snapshot_v1:710300","IT服务Ⅱ","","Industry"
"931d9645-63b3-5d13-96a2-64203722d350","chain_node:v2_47997447b3936683cc5ccfc6b828183a7498843f","连锁餐饮中央厨房加工服务","","ChainNode"
"9347bcbc-80aa-5fad-802d-9e983846f18a","chain_node:v2_214daa02d13e14794e3b1ed79741288ae6bdecad","数字人民币钱包","","ChainNode"
"934dc487-c32d-5d69-ad4f-bf4cb82b2d1f","industry:sw:workbook_snapshot_v1:770102","洗护用品","","Industry"
"93505d48-8710-5062-a870-a1f69c459ac5","chain_node:v1_e36d2000fd79019702a87bea77ef80dfa668c8d2","纳米银","","ChainNode"
"93954e4d-f0ba-5448-8df9-bda8915f1fac","chain_node:v2_a4051e8a079494e13ba5adf879d1191c0e896b1b","低分子肝素制剂","","ChainNode"
"93cb2d05-0756-58bd-b55a-d66a3c3f75d7","industry:sw:workbook_snapshot_v1:730000","通信","","Industry"
"93cca908-7ab7-527c-8e06-fe355d08db81","chain_node:v2_31f732e826bbe254c4608704bbbb6b6f1b2e6537","建筑节能改造服务","","ChainNode"
"93cdb2a8-6421-550e-83b4-e9cba6b5e436","industry_chain:mlops_platforms_and_services","MLOps平台与服务产业链","MLOps产业链","IndustryChain"
"93e823b4-fd0d-5516-b2a2-8d40faa37aac","chain_node:v1_52613ab9c75ae37f6cce4ee6db45f507292a7413","医废处理","","ChainNode"
"93f47e6a-f467-5685-bb1d-983a2269c1cf","chain_node:v2_f3aa338ea4e45f0666da307c97f2481701e275e0","企业消息通信服务","","ChainNode"
"93fa5b0c-a243-57b9-a4b3-c8d07fe38adb","chain_node:v2_813f0f1dfa3e5767c3fbe3239622755a2ac712da","人脸识别算法芯片","","ChainNode"
"941d393b-09f4-51f8-914f-fe7a9631661f","industry_chain:cement","水泥产业链","水泥制造产业链","IndustryChain"
"94237e88-4a45-586a-a02a-21f0925bfc11","chain_node:v2_89b0f1f8ab284a52f8ec0e4f43413e9b1ed61f0d","农药制剂","","ChainNode"
"943f7ae6-686e-5238-aa99-d1f10f4fd449","chain_node:v2_2b9b04e586531477dad19e961fcd27da5cc1fb11","苯胺","","ChainNode"
"94417fb0-b40a-53e2-b871-c3940f839783","chain_node:v2_0d7f60d1a24e6e2d67af1074e64235d7190a3367","乳酸","","ChainNode"
"944246d5-3739-5c85-a903-0ba9314ac4fa","industry_chain:staple_crop_farming","粮食种植产业链","","IndustryChain"
"94547235-acad-503e-8460-957ac807e701","chain_node:v2_8e0a2f8dff8d1b82ed276a316a1d47bbee9d5ae1","宠物食品用动物蛋白原料","","ChainNode"
"9461e2bd-e305-5f32-8ad2-5ceaa4098e5f","chain_node:v2_01f7d2acae1e6d37cf7626a9550414dbf13fab08","水泥窑检修服务","","ChainNode"
"9473eed3-159a-5eca-9937-a420fa8aefc7","chain_node:v2_f2c2b1372e5cd438657bd9c180e5a6ca25d97e40","换流阀冷却系统","","ChainNode"
"94747a0b-62a3-5190-b2ba-1c8b94b419cb","chain_node:v2_4343e5ce605fbadafdc92e851b6cb0413dd68494","吊顶用石膏板","","ChainNode"
"947dc03a-ad99-51a0-be47-5f902a5c6b75","chain_node:v2_ac0545f75f6ca9764e1c02d32e5a84401d6ff2d8","IPv6地址规划服务","","ChainNode"
"9494ebac-1e1b-50ea-9988-6a9f46c12b94","chain_node:v2_b098b86ec5b62c94b6dbfcddd29464604d848c80","LED芯片制造服务","","ChainNode"
"94ae8907-4b9f-5868-ad3f-55737c970233","chain_node:v2_54a95ec7ec519c5adeefab75928763d6737718a6","百货门店物业设施","","ChainNode"
"94caec48-e8f7-5a67-95da-664376963123","industry_chain:sugar_substitute_ingredients","代糖原料产业链","代糖产业链","IndustryChain"
"94cface8-5316-5236-ac87-54356d31b644","industry_chain:metallurgical_coke","冶金焦炭产业链","焦炭产业链","IndustryChain"
"94e01c05-96a8-5fcf-a236-b435ac6165bf","industry:sw:workbook_snapshot_v1:270203","被动元件","","Industry"
"94f17962-fe4d-5dae-bd0d-42a8eebec50e","chain_node:v2_6dabe4c4c9a2eac40a66ccda8b7d9cf2a1ace207","同步磁阻电机变频驱动器","","ChainNode"
"950a5bb5-c147-5abb-abfc-61804f7df0b3","industry_chain:absorbent_hygiene_products","吸收性卫生用品产业链","","IndustryChain"
"9514415f-4ce1-523e-9c28-152e7c300c93","industry_chain:digital_government_services","数字政府服务产业链","","IndustryChain"
"9519d367-61cf-530b-b23f-6a6fa547599a","industry:sw:workbook_snapshot_v1:460900","酒店餐饮","","Industry"
"955fb6c8-1b9e-5241-9f1a-69e6731c12d4","chain_node:v2_f45604900e790a013278d1c8560b202bdac39885","eVTOL飞控与航电系统","","ChainNode"
"95643609-107c-5840-abf0-95d1d9dbc287","chain_node:v1_9aa4640bcc7207181e493281deaa441068ee4dfa","特钢","特钢Ⅱ|特钢Ⅲ|特钢概念","ChainNode"
"957a870f-0df5-5152-8675-eca5e409c12d","chain_node:v2_6847fc752ea086812337cb35827b25c7d0f414fb","出版物印制服务","","ChainNode"
"95bd5396-e43f-52cf-8734-0f42bc3cab0b","chain_node:v2_b01d03704ca19f1bc28a7b959d3abfddacae9eec","甲基氯硅烷单体生产服务","","ChainNode"
"95bde1b6-2496-5493-bf0b-b7d0ba83aac7","chain_node:v1_17de0d8f80e49650b53f8ad86dafcbadf05e42d0","广告媒体","","ChainNode"
"95bf4c59-ea63-5986-8eca-d4c01a2c152c","industry:sw:workbook_snapshot_v1:750201","油田服务","","Industry"
"95c2c5ce-ae9b-5df0-b8b7-fad5c5431ccc","chain_node:v2_4e41dc5584a6f6c1fc84a578a2845bb707bd1d9d","医用铌钛超导线材","","ChainNode"
"95f71ef6-3db8-525b-8548-b5944a42ff03","chain_node:v2_82b741698aea54b4aee4bf045a83fadb8751813d","ETC车载单元","","ChainNode"
"95fe02de-2c8b-5c59-9782-32fd7854ee7b","chain_node:v2_fff19e4d4f6a1269fe2c7f5c2e143a30078b8af1","MEMS麦克风","","ChainNode"
"960098f2-dd8a-58e4-89cf-4bf124073dec","chain_node:v1_f38e14812609ed60091ecad5b36bdb940a2b2237","轮毂电机","","ChainNode"
"960edc04-61b5-5053-aa53-17c5bb73d817","industry:sw:workbook_snapshot_v1:350205","鞋帽及其他","","Industry"
"961bd45f-5b42-5e35-b0bb-835bf66085ae","chain_node:v2_0901c5c208a471a13ddc030ef14afc350236c227","消费电子蓝宝石窗口片","","ChainNode"
"962282ff-58f5-592f-b338-abe58bb1ac45","concept:master_v1_4cea767e982957bf","F5G","","Concept"
"96336148-76c0-504e-b82e-ac395f8fe268","chain_node:v2_e4fc008e47de50f5c234895663cb602cb1f05c06","脑电信号采集终端","","ChainNode"
"9637cb2c-89ca-5f7a-b74d-a27f953ecf44","chain_node:v2_3119c97e365be2aac34ee1bf59d999ff025fa5a0","果蔬原料","","ChainNode"
"9648e8f3-063a-586f-aed8-a406006cf23a","chain_node:v1_25b27f05b54d89b757f516c3eee1dc745e660362","海工装备","","ChainNode"
"966af375-73ca-5d74-93ff-850c69bdac4b","concept:master_v1_9273fdc3488ac159","氢能源","","Concept"
"9672d83e-69b2-55f7-b0ca-745ef6418fcc","chain_node:v2_7c21e698629667fc9074a07084d0ba4aa9cb3f6c","钼铁合金","","ChainNode"
"967331d4-2502-5198-b37d-aedf28e54b74","industry_chain:pet_food","宠物食品产业链","","IndustryChain"
"967d3f30-ddec-5d37-b03d-60aecfa73d53","chain_node:v1_721ad8551d52e6cbbf2a7a4a2af7daa65a5fb208","改性塑料","","ChainNode"
"968cbffc-0915-5d11-8afc-b598850244ea","chain_node:v2_61866a3670cce35c40afa99dcbf41d6e70b195af","数据中心机柜系统","","ChainNode"
"96917754-bc21-5842-86fb-9ab086f3ba0a","chain_node:v1_8cfb7c5c455d66bd6a82d6c10da112d6e0946463","民爆制品","","ChainNode"
"96939f83-cad3-570f-9efc-9c9ee17cd4af","industry_chain:high_speed_rail_signaling_systems","高速铁路信号系统产业链","高铁信号系统产业链","IndustryChain"
"96997898-623f-5568-8443-cb4f6aa34640","chain_node:v2_5d0d8a5bee5470ac33e18846b78122e5c9246bac","硫化物全固态电芯","","ChainNode"
"96a9b06b-3afc-5015-8dc6-9898cc98b072","chain_node:v2_9b7216562caa2214680261d57019feb8a02fe7a3","农业机械作业服务","","ChainNode"
"96b4c3c0-429d-586a-bf44-7e1cdb855685","chain_node:v1_45dbde21d8eca35f7514a2c51c88053e59b95ac2","网络游戏","","ChainNode"
"96b947c6-2fae-5108-9e73-d9a689bc1a52","industry_chain:printed_circuit_boards","印制电路板产业链","PCB产业链","IndustryChain"
"96da1aee-6756-5ef6-880d-26b93d0c21b1","chain_node:v1_59c26a953feb6a40c109ae21c50e4043d4516b53","化妆品","化妆品概念","ChainNode"
"96da41b7-3fd4-5997-a4d0-bd7b5261effa","chain_node:v2_f851e8fe5173f57b4bd17f8ee3a950df30fabf85","并网光伏电站","","ChainNode"
"96dbb1ce-deb2-50df-8c6d-1371d6124eee","chain_node:v2_c59ca6286677cc6f424719aa31f84add8199e807","智能电视操作系统","","ChainNode"
"96e15699-ee4b-5f94-b6a8-b66620250c8a","chain_node:v2_801bde8793a29d7270d99c1f014d2560b322a35f","HPPO环氧丙烷生产服务","","ChainNode"
"9719a7d2-3550-5068-b16c-7310861de8da","industry:sw:workbook_snapshot_v1:370000","医药生物","","Industry"
"97291574-22e0-5301-aab6-6038d59a8217","chain_node:v2_0eadac711d2b8908e85ce465fa34cd66c2b4095c","实时互动音视频传输服务","","ChainNode"
"9733c11a-3743-5a11-83d4-69a9ac5d9a61","industry_chain:ipv6_network_upgrade_services","IPv6网络升级服务产业链","","IndustryChain"
"973bbbcc-de68-5da8-98ef-05547053142c","chain_node:v2_147b44e19ea0662063550b34a4f3685890be00ed","HJT电池制造服务","","ChainNode"
"974042fd-df24-5012-af9a-1be346b2e5b7","chain_node:v2_d5ea8c1190698356c6703215aafef41da79d8594","证券交易所交易基础设施","","ChainNode"
"9742d3c5-da64-5d6f-839c-78a4c2ae2a8c","chain_node:v2_da8bd36135b6195b2246f02e12d6c6a7ef7bdb7a","覆铜板","","ChainNode"
"9744f9f4-e263-5466-b27b-2634e8c267ea","industry_chain:electronic_cigarettes","电子烟产业链","","IndustryChain"
"9755dbf7-a031-5261-a4bb-b7197084e56f","chain_node:v2_106bbf18c46e08561d597c2ad644d6ab2631d61a","企业客户计费系统","","ChainNode"
"97601117-f097-56e8-a84b-6fc30234ff4d","chain_node:v2_cdc3d39bf6089be97bc0c90f66092db11d9304ea","国产IT基础设施集成服务","","ChainNode"
"9777b2c8-49c9-54fe-87c7-4bf6752e804b","industry_chain:central_bank_digital_currency_payment_systems","央行数字货币支付系统产业链","","IndustryChain"
"9790d01c-0d75-5f23-b85a-d016dd03732c","chain_node:v2_edb6aa3b749760f8e2f138ff9f700a14e07ef75f","市政给排水管材与阀门","","ChainNode"
"9792e2ac-cadd-599d-9b29-3ec2dba87c4f","chain_node:v1_b41a50cae519527b1c4f6025ab5065e079cad6e3","塑料制品","","ChainNode"
"97aae068-ab8d-5dd8-af44-a8c4f7712d68","industry:sw:workbook_snapshot_v1:630000","电力设备","","Industry"
"97bf8c06-9cd6-56d8-917d-a140b4568a91","chain_node:v2_cf944143fe7be0d90817ef0d22a5b0ee1c30a5c0","油品运输服务","","ChainNode"
"97c32f9e-c80f-5cbd-98a4-5d810e9f8292","chain_node:v2_18acc828eccd6f76a77d9c5a74356a07810fd88a","牙膏用表面活性剂","","ChainNode"
"97dd7bec-5802-52ef-bb95-1ed20edca17e","chain_node:v2_c3d46582d67b83746679b337d6e9765a7f15e75a","药物临床前研究服务","","ChainNode"
"97e66e44-c75e-5a9b-9138-6ddbada1cede","chain_node:v2_42e42fe701e947013ab054ae06d22126b1c3a37c","模型训练数据集","","ChainNode"
"9802a907-d3ab-5d7e-8196-2b00d0995d72","chain_node:v2_6bb635bf8ce81f2dfdd6d2a79110896f6dab4b93","商用车动力电池系统","","ChainNode"
"98073930-6f9e-5e31-b2d8-930483a7fdb6","industry:sw:workbook_snapshot_v1:110700","养殖业","","Industry"
"981d4194-3b6c-57f1-8a36-cb6c6af7a528","chain_node:v2_4d3308c6b5c7be13189e26163548bc63a395ec98","乙烯蒸汽裂解服务","","ChainNode"
"98295465-eccb-5e06-8898-881b6bb5f411","chain_node:v2_4112ab2b5cafd73a7e962e1622957185fa553d52","页岩气多段水力压裂服务","","ChainNode"
"982a4733-31f0-54f4-9f0a-b7d6c8769aec","chain_node:v2_d24754a1bf570be32123928b645a9764ef3bebf3","固定宽带运营服务","","ChainNode"
"982c3385-55ac-5bc2-a8ba-a9ab986067ef","chain_node:v2_aa69da76798e6135341e0ecc000eeeb221bfceab","车辆电子标识管理平台","","ChainNode"
"9839487f-cad4-5d19-92a4-d5c2923b04f0","industry:sw:workbook_snapshot_v1:450201","贸易Ⅲ","","Industry"
"985e61d6-a1b5-5b01-b5a6-4e452bfc73b3","concept:master_v1_2f428fdda4e51238","Kimi生态","Kimi","Concept"
"98622009-a824-557b-b39c-c5d5049f935a","chain_node:v2_8e4edb430dbbd51765ef5efda566c4fe64b62789","日化配方生产服务","","ChainNode"
"9881fe0b-d9cc-5743-8f32-83c56f3121db","industry_chain:recombinant_protein_products","重组蛋白产品产业链","","IndustryChain"
"9897a5cc-809a-5057-92f4-60c667ffa46e","chain_node:v2_ed1151970fd600873ea46e6c217f9de6fede6bda","全自动生化分析仪","","ChainNode"
"98b7ff3e-540f-514c-a406-b1360e0aa173","concept:master_v1_c5c6ed509e11670a","玉米产业","","Concept"
"98cc32d7-28aa-5c93-9881-292553eda62d","chain_node:v2_04d4b07ba8143807845b34a12c02857676c9b22f","电烤箱温控板","","ChainNode"
"98db5530-04ab-5305-a4e2-3d2407918315","chain_node:v2_7762c72949e08040decf49527305d0e7e8028a4c","功放芯片","","ChainNode"
"98df259f-8441-58da-a28e-be3a050b8ea6","chain_node:v1_95f4f2c3f34dc8cb2bb9622421a7265910510087","水泥制造","水泥|水泥概念","ChainNode"
"98e26aaf-1acb-5f19-877e-005d1b7eb77c","concept:master_v1_ebb876f38d8371d9","电商渠道","电商|电商概念|电子商务","Concept"
"98eaf921-90c4-5365-8564-4bd66a79efdd","chain_node:v2_9c4f41fbae9c8b097fd6b77e589f0f05140faab8","人形机器人减速器","","ChainNode"
"98efbf31-03e9-514c-9f8c-55f0accd9694","chain_node:v2_65f965e30a66e5473eb845ef8e93b1d76036fa27","快递自动分拣设备","","ChainNode"
"98f5c4f1-f7d9-5dd1-a235-71609f365139","industry_chain:geospatial_data_platform_services","时空大数据平台服务产业链","","IndustryChain"
"9903d9e5-66c0-56a7-b29c-0c6506e02e59","chain_node:v2_4517246b3ccf33864b1d6a2fdca4cb3ccde8205a","分立器件用半导体材料","","ChainNode"
"9910b08f-7500-5a16-aa1b-eab33966b8b1","chain_node:v2_a15d632f8202a2f2ad29380f99973155b7ea09fb","陶瓷坯体原料","","ChainNode"
"99184d74-4cba-548f-9798-ef45d569db60","chain_node:v2_2b2ec57f76998f3e67257317fb34654704d6fe89","PCB钻孔电镀服务","","ChainNode"
"99187e0c-fb2f-59d3-95fe-9911ad509430","industry:sw:workbook_snapshot_v1:710400","软件开发","","Industry"
"993290bb-099a-58ea-ac55-ace0d21b1e11","chain_node:v2_260f0a877202b8c8edc7afdb9732021c8f5797b7","接触网","","ChainNode"
"9933a255-71bd-5ed2-ad19-f7e0719b9cc8","chain_node:v2_87970b466d09df6e86985efd5efd8924ad840cbf","自然景区游客服务基础设施","","ChainNode"
"993c0a8b-5d37-51f1-be81-63d8f07e3808","chain_node:v2_36b1ce75f78a98f3214e9b5617c22e65346e5088","工业MCU芯片设计","","ChainNode"
"99435363-82bb-59f7-bbd1-8bb2d13dc3dd","chain_node:v2_7f208d787b159f67d25240a6ba68a1c08354efe7","柔性OLED显示面板","","ChainNode"
"995942cc-0fa5-5432-b339-4b2e28c8b064","chain_node:v1_a83b44d604c431eaaf2a2ef9284311d1452ffc12","氨纶","氨纶纤维","ChainNode"
"996a4e28-d4b5-523e-8caf-ad25a1c1d3d6","chain_node:v1_5c5bea10c69258c80ec2ba4dce6c79c51223275a","烘焙食品","","ChainNode"
"996b1b56-a07f-5f4c-8604-3ad41e9d6fde","chain_node:v1_e661d549d87d27bd4fb8e8b6f003dc8ff1174f0f","毛发医疗服务","毛发医疗","ChainNode"
"99830106-178c-5cdf-9b87-4818d71f4b97","industry:sw:workbook_snapshot_v1:740200","焦炭Ⅱ","","Industry"
"9988c7da-c0df-5299-893c-32d8d900d4ec","chain_node:v2_1e9dac2865445fc4f27bc099257a12cc7ce502ea","光伏组件串焊设备","","ChainNode"
"999a90df-014d-501e-acd2-85a14f070d75","chain_node:v2_03f421824e06c1a700909615f6eea8384a4690a2","晶硅电池薄膜沉积工艺","","ChainNode"
"99a07c9f-016e-5303-bb8d-895b1fa22308","chain_node:v2_276f66bbbd043ad0d17d7c70095c5906e31cc3dd","游戏营销获客服务","","ChainNode"
"99a26f76-3204-50aa-843f-afd2f37bc309","chain_node:v2_32c355bfb5ab72594b068cd2858ce75d1accc898","油田完井压裂工程服务","","ChainNode"
"99b1e99d-20b5-5cae-8a72-0b96d0e2765f","chain_node:v1_28030f39083f554762a56c84e80fdf4dfcc99e54","换电服务","换电|换电概念","ChainNode"
"99dac920-d9ba-5f88-ae69-ed7e3b2e67a3","chain_node:v2_495825e73c182457e6eec0c021eadfc947ff1ec8","C2M订单协同平台","","ChainNode"
"9a124987-7a3e-58a0-b4e9-879077150705","industry:sw:workbook_snapshot_v1:110300","林业Ⅱ","","Industry"
"9a170610-b8dd-578d-9169-b3b55ce3f03b","chain_node:v2_3f6793b32a835a91f992b5e272ed37187ae0305b","游戏主机操作系统","","ChainNode"
"9a3478d4-47e6-50e8-87b7-624e18c844d9","industry:sw:workbook_snapshot_v1:360000","轻工制造","","Industry"
"9a488f12-ad47-5497-9e5b-6c0179106939","industry_chain:power_engineering_epc_services","电力工程总承包服务产业链","","IndustryChain"
"9a4fe1de-21a4-5e1d-9552-773dd30bc6e9","chain_node:v2_dffb359a008ea5b62ded034a152519ae1354acc4","己内酰胺","","ChainNode"
"9a50b3bd-351c-5bc0-9a87-8fc171ceea37","industry:sw:workbook_snapshot_v1:421102","港口","","Industry"
"9a5c1398-3760-5ac5-b46d-4737e44e2937","concept:master_v1_0295c4e313d23313","人脑工程","","Concept"
"9a636de5-8ae1-5329-9abd-4b6214c53a5c","chain_node:v2_c14a0aa7838d9c7a12e8d3d4403bc190e59f070d","包装级PET薄膜","","ChainNode"
"9a65e5c1-75dc-5277-ac30-c58a04005238","chain_node:v2_83a18386257051590985ae1c1c87ebf9831aa9e7","电动摩托车整车","","ChainNode"
"9a825c5d-d367-5727-9561-6c4b1d8c2bb5","industry_chain:nitrogen_fertilizers","氮肥产业链","","IndustryChain"
"9aa181a9-e5f6-5b3d-9cfb-09e873da3a4f","industry:sw:workbook_snapshot_v1:240202","磁性材料","","Industry"
"9aa57f71-a795-5ebe-9a6e-fdb1a1741ad9","industry_chain:commercial_banking_services","商业银行服务产业链","","IndustryChain"
"9ab1a41c-d82a-5ed0-ba6b-c616ccb14c67","chain_node:v2_4f8410c6c5ad94d37d15c4636f5fc50637d55100","航天测控任务软件平台","","ChainNode"
"9abc2bce-771f-5a5e-89a9-7cf82c0cef0e","chain_node:v1_185dc9a0687ccaec0f7240f1e27864c4aa4983f1","逆变器","","ChainNode"
"9adb4379-764c-594c-bb71-d685a69eac02","chain_node:v2_dc2ffbf49c34f8f8ba059951d446a90f21e30426","5G基站射频单元","","ChainNode"
"9af9adfc-dc5e-5eb2-b525-3ec9b5183158","industry_chain:chlor_alkali_byproduct_hydrogen","氯碱副产氢利用产业链","","IndustryChain"
"9b073ae1-7205-5b4b-a921-977c22babfee","chain_node:v2_c573a1ee153e767432ec2babe6d04c48efe8df75","氯化法钛白粉","","ChainNode"
"9b0abbb7-7708-5926-883f-f365a78670fe","chain_node:v2_bf272ee1233e9ff9aa3efef4b4465fe653252471","酒店预订与物业管理系统","","ChainNode"
"9b1610ee-5d1f-510f-b315-2f283c8376e5","industry_chain:igbt_power_semiconductors","IGBT功率半导体产业链","IGBT产业链","IndustryChain"
"9b1beb73-729a-5150-9533-104b85f8b4c1","concept:master_v1_12ed9497cc6a0dc6","黄金产业","","Concept"
"9b203075-50af-5179-9891-ca47d5b6e39d","industry:sw:workbook_snapshot_v1:720501","营销代理","","Industry"
"9b69b4ab-9949-5ae0-b485-0dbb678db25c","chain_node:v2_82f442ad5d6056345f847cea13e2c6c1b1537549","含氟牙膏","","ChainNode"
"9b739b16-92a3-55b0-8e6f-4de8c03a42f0","chain_node:v2_5fabf31df78f7fa56fc12988f224ac62e2e02497","商用运输船舶","","ChainNode"
"9b7712bb-7602-560d-a612-bdb559b18c02","chain_node:v1_781e9dc8dec69e026eb9a51d9542cc28cfd93015","烧碱","","ChainNode"
"9b7de531-712a-5249-a8b4-d91e2c55ced7","concept:master_v1_44a38206ffeacd4a","物联网","","Concept"
"9b7fd85b-f85c-5a60-932c-7b73108e89f1","chain_node:v2_8096d4d68d57f6f6ee9af01a94f1f5e61a55fbde","无线接入网基础设施","","ChainNode"
"9b8d999d-ef8c-59b7-b48e-fe2b78ad1de2","industry_chain:integrated_circuit_packaging_and_testing","集成电路封装测试产业链","芯片封测产业链","IndustryChain"
"9b901af1-947a-51d4-a57d-5cc5b1f70512","chain_node:v2_3213cba74a2256006a644c5c3171c1d7dde7ab44","铁路四电工程施工服务","","ChainNode"
"9b92fa61-7523-5956-911d-65d567905a36","chain_node:v2_446916e550665afa39c109c0ccf26c41945f1fe7","5G终端天线","","ChainNode"
"9ba05f16-1e8b-575a-97c3-557cea4a5f4d","industry_chain:co_packaged_optics","共封装光学产业链","CPO产业链","IndustryChain"
"9bd95284-e6d4-5c2e-af45-c8e393c103ec","industry:sw:workbook_snapshot_v1:640100","通用设备","","Industry"
"9be5cf70-d6ec-5c54-912a-b0a32e8c48da","concept:master_v1_10ca8d4542319798","成飞生态","成飞","Concept"
"9bf6b19a-47ba-593a-860c-19e26e8299bd","chain_node:v2_7a2de5a38c4c04afd057c827c6d170f5282227ef","电子级玻璃纤维纱","","ChainNode"
"9c14f3d5-dd19-50d8-977a-5310c6cb0f03","chain_node:v2_d493e23c8b8cc9a0af69f59da66ce47c31b37042","SCR催化材料","","ChainNode"
"9c27e879-05aa-5b59-9206-f7dabbfc90fc","chain_node:v2_1f26175b97dfff7212f0fe8532b9955f6ef7ee6f","尼龙6纤维","","ChainNode"
"9c27ed8e-cf2d-548c-8d5a-7e9bd174c0a6","industry_chain:micro_led_displays","Micro LED显示产业链","MicroLED产业链","IndustryChain"
"9c37ac5b-f63c-5620-bd3b-a27b6e30126e","chain_node:v2_7df3f94243743ed7ea0772b050d903db6376bb98","饰品制造服务","","ChainNode"
"9c5fdef7-2c43-520c-8977-33c80efeec0e","chain_node:v2_696b7799f8a57607526f5bce52699a0a99ce7c27","行业SaaS订阅运维服务","","ChainNode"
"9c683590-3535-5667-9ea6-9db331311e35","chain_node:v1_877b2d9fb8029eab3ad3f90db0fdc162c5c80cc9","毫米波雷达","","ChainNode"
"9c6e3914-7d31-5ee7-bf84-edc2de4a7017","chain_node:v2_a12c2b741628bd7243b905dafc06674ed21966f6","ArF光刻胶晶圆厂验证服务","","ChainNode"
"9c71a617-e8e0-58a1-8cba-fa3047727405","chain_node:v1_01b8b90cde6776cad85ebe98caf1b91084b8deb6","钨","","ChainNode"
"9c7b62b7-a710-5480-85f8-26a0f8561cc7","chain_node:v1_6699da9ff14436188ff8891619edb10931a13da2","乳品","","ChainNode"
"9c9ccb2a-df9c-5fa6-89c2-1d26a2275eab","industry:sw:workbook_snapshot_v1:610200","玻璃玻纤","","Industry"
"9ca4fab6-0ae5-5dd1-9b20-91663ea4664b","industry_chain:industrial_internet_platforms","工业互联网平台产业链","","IndustryChain"
"9cbc6232-470b-5f12-91a7-297446fe7b67","chain_node:v2_449dfda0bd1809bbd20558ba525dcd7d0aa46336","钙钛矿单结太阳能电池","","ChainNode"
"9cc794d8-5113-56be-ae2c-c948fe2edfd0","chain_node:v2_28f44297990e5c86285583bd03a66eae0d38a475","卫生陶瓷坯釉料","","ChainNode"
"9cf6f6d2-6867-51b7-b1ec-e6636daee264","chain_node:v1_f9bae0d779c8b8bee8bde2e6edb8087bebaed777","碳纤维","","ChainNode"
"9d1894f2-81f1-5b30-a741-7ddfae4e4034","chain_node:v2_c78a78565a49dac25f93fcad6bc7ab8d1cad9007","企业数据迁移服务","","ChainNode"
"9d1a9cfd-5b2d-541e-94d0-1fbdd2e477e9","industry:sw:workbook_snapshot_v1:640500","轨交设备Ⅱ","","Industry"
"9d2bd7b1-cbda-52a7-9925-49bcbe637044","chain_node:v2_a4138538fb4efb5da3ce14a9a8c4530c10d3a7d3","特种纸用漂白木浆","","ChainNode"
"9d2e55f8-42cc-53fe-9927-7a6c2363705e","industry_chain:magnetic_materials","磁性材料产业链","","IndustryChain"
"9d33e346-e7cc-59a0-ad74-55fa252574e1","chain_node:v2_0568ad6942ad8440fa2ef67cfd5fc817ad10a476","叶腊石高岭土玻璃原料","","ChainNode"
"9d38c41f-f2a0-5d00-b9ce-ac4b78c7d3ec","chain_node:v1_647161b1c400c5a5f964e0745fc5afd09eb72f37","钟表成品","","ChainNode"
"9d4f727b-3440-58f2-ad4c-0d716551a406","chain_node:v2_8e9fbad23e812ef8363ab8077f6cfbe34a1b2bdf","太阳能集热器","","ChainNode"
"9d576912-e41a-5f24-83ed-a08425e6f58b","chain_node:v2_839b3d7c571f8176f9ff13e9b0c62676ea69bb60","农业种植服务","","ChainNode"
"9d6164ab-2c06-58e3-9bd7-d52cba1e664b","chain_node:v2_685651972b7e8e59bd1353e8052d975bd72f41dc","温室气体排放核算服务","","ChainNode"
"9d6b4a7e-5428-5ab5-a345-bdb019283444","industry_chain:photovoltaic_power_generation","光伏发电产业链","","IndustryChain"
"9d6b86cf-96c8-550d-b4c7-a21d158a5d7a","chain_node:v2_81d5053ceae9850a7a671fdb059ca2d6d0e64520","纤维增强PEEK改性服务","","ChainNode"
"9d73b358-3e1a-5c3c-b2b2-cfc4fe867514","chain_node:v2_88495d5d13774cdaec40d44b4ca5324872e0f112","患者T细胞采集服务","","ChainNode"
"9d895e29-ac5d-55b7-9857-3ec7365823b7","chain_node:v2_6efa9f2dfb06caf85da5089ec770583b57c761bc","超市门店设施","","ChainNode"
"9d8c234e-bc3c-57bb-9b3a-6ccee86c0bf2","chain_node:v1_4735a2ad948ac98d270c61fa96ec821c9ba2cd0b","洗碗机","","ChainNode"
"9d9087e4-2734-54c8-a592-a07886328e7e","chain_node:v2_2ffc2aeef81fa12791106f0eca791e62ff43f7a1","晶棒切片加工服务","","ChainNode"
"9d9243c0-ec40-58ab-a0e8-67697d620dad","chain_node:v1_9571c890fe5582822afb16d1571a0a6d1ee38d0a","稀土永磁材料","稀土永磁","ChainNode"
"9db0471c-fc53-5b2a-bb69-1e0207b80a66","chain_node:v2_1dea6314540b0010974d99606f9da239c1c03e6a","电烤箱腔体","","ChainNode"
"9dbe9992-43e2-5fb2-88d3-d79193825020","chain_node:v2_25a9448c7c800224f3147bcfcc07c7998bbdd5fc","无人机相机模组","","ChainNode"
"9dca0662-5f3a-5b9d-b41b-369d0a7cf5bc","industry:sw:workbook_snapshot_v1:640600","工程机械","","Industry"
"9ddf76c6-9691-5aa4-8dde-ca3fa62347d8","industry:sw:workbook_snapshot_v1:110202","水产养殖","","Industry"
"9df1bc5e-3582-5afc-bac6-7e22e9036349","chain_node:v1_82ef2ee0ddb1eab690b16ad3e57684ff4aa328af","柔性直流输电","","ChainNode"
"9dfd519d-4d7e-5324-8809-bf1c9499200e","industry_chain:virtual_power_plant_platforms","虚拟电厂运营平台产业链","虚拟电厂产业链","IndustryChain"
"9e0a1a54-bac7-5da2-9171-41b6fc4ecfc8","industry_chain:urban_bus_operations","城市公交运营服务产业链","","IndustryChain"
"9e1b38e1-fcdf-586f-8415-08b62e05010a","concept:master_v1_116aef5c371cd507","无人零售","","Concept"
"9e2802db-909b-5861-ace3-cea242ea9b0e","industry_chain:blind_box_collectibles","盲盒收藏玩具产业链","盲盒经济产业链","IndustryChain"
"9e2e1d2b-8b7d-5834-8f16-cb4cc6a3a775","chain_node:v2_bc60e2f9531d7ecf8600f4c7d08f03ccbcb92bda","牙膏配方与制造服务","","ChainNode"
"9e429269-04b4-5c88-b6c5-a75b10aacffa","industry_chain:glass_fiber_materials","玻璃纤维材料产业链","玻纤产业链","IndustryChain"
"9e50a7f4-96b6-5480-9f87-5f1c33c570a1","chain_node:v1_bab134088a81810e93b38809bc6add7a7d9fa01d","医疗设备","","ChainNode"
"9e542ddf-6dd4-5e7e-bf1a-6c7b78cb2537","industry:sw:workbook_snapshot_v1:410107","风力发电","","Industry"
"9e71bc3c-1640-5a19-a027-9bc6ed2daa57","chain_node:v2_b78beed0f722fcb16533371e0fff8b4288086f25","折叠铰链","","ChainNode"
"9eabc16f-6dfe-50da-b979-e2ceb5ca509d","chain_node:v2_03b39ab0d3b146b79caa843cb2c058e362534521","井下测井仪器串","","ChainNode"
"9eb9e5d0-6cad-549b-ac4f-ba00a015400c","industry:sw:workbook_snapshot_v1:280202","车身附件及饰件","","Industry"
"9ec3a364-8f3a-55fa-ae1d-32221e65ba79","chain_node:v2_bad007342027a4ce526664fd61cb57cb1954e405","燃气灶燃烧器","","ChainNode"
"9ed24293-e477-59c6-a5de-27d3034b41ef","industry_chain:securities_services","证券服务产业链","","IndustryChain"
"9edbd8b7-fc19-5bfe-a69b-4f1804c39af6","chain_node:v1_d047ff183b7d913987125240bb03eb95541e6a6f","在线教育","","ChainNode"
"9edc5e75-a583-5316-b149-a9c4be4a98b1","chain_node:v2_f421361fdc3ce7ee64b0ba4209c365689288c4fe","公共充电场站电力接入服务","","ChainNode"
"9ee5efa1-4e01-5cf1-8ffc-88172936ebf8","chain_node:v2_d9a7e65e1ed440684e738c16c24f8d45a3349f77","钼精矿焙烧服务","","ChainNode"
"9ef8d511-86ed-5a4e-84f7-088517933c88","industry_chain:information_technology_services","信息技术服务产业链","IT服务产业链","IndustryChain"
"9f148b23-078e-583c-b8cc-fbd4be7e8454","industry:sw:workbook_snapshot_v1:770201","化妆品制造及其他","","Industry"
"9f23a623-a2c7-5510-9690-90339496b593","chain_node:v2_62f8fa8011f988c62c6d8dcd6f3a237ba08fa9ee","家用冰箱制冷剂","","ChainNode"
"9f2a13de-678a-5d30-b635-38474f6559b8","chain_node:v2_26d0a7d0b1fb04c9bd9e40d71dd6c3953349c651","医疗废物高温蒸汽灭菌设施","","ChainNode"
"9f3500e5-1d0d-5a44-a294-303850b3af70","chain_node:v1_fd7ef4bbefc04781a5e951e6dec5b1d86501e9a3","医疗SPD服务","SPD概念|SPD","ChainNode"
"9f36f038-76f4-5a37-89b7-522bd648b183","industry_chain:esports_events_and_services","电子竞技赛事及服务产业链","","IndustryChain"
"9f3bfeae-e43b-59a8-b8f4-d9a44722cb19","chain_node:v2_270164ae25cd9a8623fa819cbe91b1fd3396a886","烟气排放监测服务","","ChainNode"
"9f41a738-129f-5308-8d3c-cb2b140ef2d5","industry_chain:aircraft_manufacturing","航空器整机制造产业链","飞机制造产业链","IndustryChain"
"9f87a25d-d72c-5a5d-9174-f807e6e4ab52","chain_node:v1_ef4fc63c49d4f67344941e522100faf1771386e1","机器人执行器","","ChainNode"
"9f8ae2f3-75a2-5338-8ecb-e67f1787cdc9","chain_node:v2_d376c4d159829a833d5c6907fe93cccd5e42da45","单晶炉石墨热场总成","","ChainNode"
"9f985b63-3f28-51e0-b5c1-3e3bc348d3fd","industry:sw:workbook_snapshot_v1:220504","合成树脂","","Industry"
"9fb15460-268a-5667-8e3e-d862a8b821aa","industry_chain:property_management_services","物业管理服务产业链","","IndustryChain"
"9fba2a40-dd8d-5976-bff4-fa9180c51e81","chain_node:v2_9ab4fa8c3675c21e203d4896e150495b03898a37","太赫兹光电导发射器","","ChainNode"
"9fd26e9a-764c-5f40-8867-15cb81334010","chain_node:v1_cc04b6c1ff78facd5c9c9bae22dfee6ad739b357","汽车整车","","ChainNode"
"9fedf4aa-45e6-55b0-9ffa-9a0de57c5971","chain_node:v2_2f464c1594fd96db4cfbfcc3d5500fab848ea7cf","LED道路照明模组","","ChainNode"
"a015e876-d553-537c-9312-eefabcf62a80","chain_node:v2_02e0518657f18ffbb881e40980227485e1325191","8K视频编解码芯片","","ChainNode"
"a01c2c17-9839-5d7d-9716-482253f61264","chain_node:v2_8116a453743a57698e9a6d914b1e33e962cbc56e","大数据分析服务","","ChainNode"
"a0475fbd-f4c3-5a68-8a22-e575bac8028c","chain_node:v2_e067fb0bf3f9021b37d879aa7f9ba06b23812d49","射频前端模组","","ChainNode"
"a04c1dd4-fbd1-50bd-accf-847efeb1b94a","industry_chain:household_dishwashers","家用洗碗机产业链","洗碗机产业链","IndustryChain"
"a07530cd-7215-558e-9ca0-e219b274d160","industry:sw:workbook_snapshot_v1:220200","化学原料","","Industry"
"a0896be2-59b6-5180-bac2-951b7567f24d","industry:sw:workbook_snapshot_v1:360206","综合包装","","Industry"
"a08d97da-d389-555b-a3a9-cd9dd922b158","industry:sw:workbook_snapshot_v1:420805","跨境物流","","Industry"
"a0938682-6938-555b-928d-be2843302d89","industry_chain:building_waterproofing_materials","建筑防水材料产业链","防水材料产业链","IndustryChain"
"a09667f9-1053-55ff-b5e1-521e07270963","chain_node:v2_c1e940a1c473cba8da205c75cc9abc45df26230f","多材料包装制品","","ChainNode"
"a0995ae5-e077-5a9c-92bc-ec4653f7cf0f","chain_node:v2_ba49f6efb9be574833eeea05f39046c1a460d9cf","合规网约车车辆","","ChainNode"
"a09ae3df-3bd9-58d5-920f-2262a0a5ee59","chain_node:v2_f1cf8ea37bcba1e0ed0e24d39dc6171939c5d363","铜钴矿","","ChainNode"
"a09f33f6-9907-558c-a33a-eeb55e5b4489","chain_node:v2_a24f01345eb0b64f86147d0ba7b7843fbd6bb2ca","数据盘点服务","","ChainNode"
"a0cbdee6-9de3-52f7-9e29-4103360401a2","chain_node:v2_ab81bb86082571e6da5a0a62a43459cd3717bdc5","滑雪场造雪制冷设施","","ChainNode"
"a0e5ca87-3daf-5d6d-95e1-a3024d3fb5e4","concept:master_v1_bb00a3fd917a5dbf","谷子经济","谷子消费品|IP经济（谷子经济）","Concept"
"a0f6a17d-d010-55bd-8ebf-de93102c3a90","chain_node:v2_36d5ddbc24412ab8014efd198a1c414c63dc33a2","IPv6应用适配服务","","ChainNode"
"a10542a7-0594-55f5-aaeb-5c1bcd13d9d7","chain_node:v2_d7a88baf5fc2805c5b432e9b6c8ac544d3edf202","IGBT功率模块","","ChainNode"
"a10f8043-568c-538d-ba4b-074f340dee4e","chain_node:v2_19a1f7ffed10596e066660593ac8607d51ae891c","定制软件系统","","ChainNode"
"a1112599-1f5e-5f0a-9b65-6c2959518d98","chain_node:v2_f3129e83dafff1ca723cbff15f782cc75cf437e3","铁路货运站场基础设施","","ChainNode"
"a11433de-a099-5e8f-a8cf-e34421c54b91","chain_node:v2_1a22fe9286ee058ae4cf683f48e3c097307cab34","垃圾焚烧烟气净化系统","","ChainNode"
"a1458895-8ab8-5e3e-a54f-83f5e15851e3","industry:sw:workbook_snapshot_v1:220201","纯碱","","Industry"
"a146551d-16c8-5e7c-b2bd-de7c8fa66290","chain_node:v2_2e09e841c74399d24c527d12041bdb4979cb1d09","磷矿石","","ChainNode"
"a16b38dc-a658-5d34-ad8c-7fd0aafd59f7","chain_node:v2_18b31f509d966ee3df36502de497a9958d8da59a","机床滚珠丝杠副","","ChainNode"
"a17e0f2e-7b2d-50a6-9038-5eb407fceb35","chain_node:v2_2dbcf89dc919f46561a3eb643a5c0775c615486e","数字水印技术服务","","ChainNode"
"a1984ed3-a641-583b-a859-4d0bfc2db153","chain_node:v1_c29955466db05e8cf4e85870c47f05eaba30b899","全钒液流电池","钒电池","ChainNode"
"a1da33f0-38c1-5fae-82da-b6af3a83a753","chain_node:v2_3d04d83eb8b25e22464cc4eebded896c35ceb8f0","治疗用siRNA原料药","","ChainNode"
"a1dd5f0b-5fe0-531e-9d42-de5152eac44f","chain_node:v2_6c2a6fcb3d5fd8ce28e518eb2daaa4c974720f5b","证券登记结算服务","","ChainNode"
"a1eb0097-c3be-555e-b0c1-270379e9a105","chain_node:v2_18a3cf33de4fb5056ce983fe15f6f03206ead0ce","金融终端软件","","ChainNode"
"a1eb9b95-6051-5d17-abbd-cc77b2155ec1","industry_chain:compound_fertilizers","复合肥产业链","","IndustryChain"
"a1f2e4ca-f735-559f-9581-67bcd93b7ca8","chain_node:v2_f2d6c5665555f47642a8fefca12229a5bd998ea2","工业原材料运输服务","","ChainNode"
"a1f572a8-535b-50c6-a6c8-8a9a0018bd5b","chain_node:v2_e7a47f43ada4b07e811dd2379be8ea71de3b774c","钠离子电池硬碳负极材料","","ChainNode"
"a209daa1-8615-505c-a17d-7c5e1e2bd5e8","industry_chain:nuclear_power_generation","核能发电产业链","核电产业链","IndustryChain"
"a213082d-bd8b-5a1d-a6ff-a47308f7863e","chain_node:v2_80c89d0c824ab4b71eb72d3838f0f132787a4b55","数字身份认证系统","","ChainNode"
"a213c1cd-2348-52fb-aec3-5bf76028ad5a","chain_node:v2_9fe5fe7d46d391a3262493ba49943cfddcb005fd","智能眼镜应用处理器","","ChainNode"
"a2318ff8-294d-5c4a-bdd4-88538614789c","chain_node:v2_d9f3ab26f5a268e642fe84dd74e0b86188eec7b0","身份与访问管理服务","","ChainNode"
"a24d88fd-9262-5b85-857e-88024f82b137","chain_node:v1_86f7849aef74d98ae6e0a7fdc59ceb2694989454","粮食","粮食概念","ChainNode"
"a24e850c-3fea-5f56-bbb3-fae9f8b4a228","chain_node:v1_66b68a44a1926cffeec8ceb291e861676e97c910","游戏控制器","","ChainNode"
"a24fd68e-bea0-5b48-9a1b-1cd8fb5f795d","chain_node:v1_0f38077f49ffe16566f571c39130ca48314db038","汽车内饰件","","ChainNode"
"a25daf7c-125d-55dd-902f-869189c6ce8f","chain_node:v2_e630f347bd3ab2aa42a590a9910123c81aee8b98","期货清算与保证金系统","","ChainNode"
"a2743b23-3bd3-5d3f-97fe-8951698427a7","industry_chain:ultra_high_voltage_power_transmission","特高压输电产业链","特高压产业链","IndustryChain"
"a2e57df4-d8b0-548a-925c-3668b9b2aa80","chain_node:v2_9b5e974a7d5dc71a991ee45f998e3dd06636f35e","铝合金车体","","ChainNode"
"a2f832a5-1dac-50bb-ba4c-90d51ae382fc","chain_node:v2_aaacff25daeb41e70d51be9bf788d58db913e9cf","大型游乐设施","","ChainNode"
"a31c40cf-3a57-5a63-b2a0-e06189f94a71","concept:master_v1_f4b3d6e067892e48","云计算","云计算概念","Concept"
"a3300355-1741-5365-98ca-3325b2f93be0","chain_node:v2_03a5ddd367e13ff87a2839912ad662c988b996ba","保险精算风险数据服务","","ChainNode"
"a340e8f8-6001-5ad9-b4f0-f1fc1e4b6025","chain_node:v2_11d2152b51e4677b398b98c1ff54ba32cfa8e01c","袋式除尘滤料","","ChainNode"
"a34870b4-22d2-52dd-98d3-92cdb813edcb","industry:sw:workbook_snapshot_v1:610000","建筑材料","","Industry"
"a35246b5-278f-5f71-af14-db8bc968df33","chain_node:v2_9248e3e10810e0f80971e0e6c21ac122d636c469","遥感卫星在轨验证服务","","ChainNode"
"a35b72ec-8c86-5d22-aa3e-d776564ef4b0","chain_node:v2_2aa2e96e1ad8c95d67a816efeb00c60a0195da35","数字藏品平台服务","","ChainNode"
"a3637599-7f25-5750-842f-86e7498ad6aa","chain_node:v2_6067905dc5e4dc63ad2eb6f52a921f8d6b9d7615","汽车金融保险服务","","ChainNode"
"a38eadc0-35bf-5dcd-8afe-1ae947dd68d4","concept:master_v1_eb161750c0d81c29","工业大麻","","Concept"
"a3c566d7-ae28-5eb2-bb69-b13a7b1b2316","concept:master_v1_6f16bca103320882","openEuler生态","华为欧拉","Concept"
"a3ccfcc6-2f77-5020-a55c-57b8cb7d45c5","chain_node:v2_fce1ec7f25f56acb81584079328fd6c88ee18496","酒精消毒剂配制服务","","ChainNode"
"a3cfb08f-f5a5-5578-a49a-d5c3a16b879f","chain_node:v2_86490da051f36c1d1f6955c5d6d09f9fefb37e46","耐火原料","","ChainNode"
"a3d3e566-a0d0-5ac1-a5c3-c8e3f5c32b91","chain_node:v2_0ce9433b5dae9b0b3f38800a0e62de8418c84fa6","汽车后市场综合门店服务","","ChainNode"
"a3d542b4-2610-56a9-bbde-ed95b83bf966","chain_node:v1_bf8a1061e0d822ec0dcf29ff075516d3c2cf8055","大飞机","","ChainNode"
"a3d71cc9-dcc4-5c35-9aeb-b6b44f741612","chain_node:v2_0ca9244cc1bb612b83f3488b906fbb5933ce2a85","含银铅锌精矿","","ChainNode"
"a3e2996f-9520-505d-92d0-63e240d6d860","industry:sw:workbook_snapshot_v1:610303","其他建材","","Industry"
"a3f0743c-0ffe-51ed-a614-6a1202c0f9c2","industry_chain:household_electric_ovens","家用电烤箱产业链","","IndustryChain"
"a3f2c9f5-baa6-5c6c-9794-725b3ce3a8bd","industry_chain:corn_products","玉米产业链","","IndustryChain"
"a4272a07-3c39-553a-82e5-ec2158e3867a","chain_node:v2_9c5e426fd69471a3215db4832e1ebe208fa869b3","铜阳极","","ChainNode"
"a42a1979-4957-5d4b-863c-233dd8a38ff6","industry_chain:household_washing_machines","家用洗衣机产业链","","IndustryChain"
"a431038b-0dd8-504a-8ed7-3fe2ebb52087","industry_chain:online_insurance_services","互联网保险服务产业链","互联网保险产业链","IndustryChain"
"a43385fe-e59a-5f6a-b631-135470ff318f","industry:sw:workbook_snapshot_v1:110102","粮食种植","","Industry"
"a4450cdc-e178-534a-99bd-2455a689b71b","industry_chain:ai_video_generation_services","AI视频生成服务产业链","AI视频产业链","IndustryChain"
"a4572df3-7e8d-5247-b4b0-b45ff05883e9","chain_node:v2_36c6f55549eef97e52f4e997d340917dd7cbb6b8","固态电池高镍正极材料","","ChainNode"
"a468ca3a-1741-529b-ba17-bd3b3541eb70","chain_node:v2_5c9f14598db98c13aef44b7012222fa0f46cd8aa","TPMS射频MCU","","ChainNode"
"a47d4634-feae-59ce-b4bf-303816c26b0d","chain_node:v2_b1c590efec7533feec0c330cdba1dafada169806","分子诊断引物探针","","ChainNode"
"a480f2b9-e1ea-5f8e-91c5-d840e2cdd954","industry_chain:disinfectant_products","消毒剂产品产业链","消毒剂产业链","IndustryChain"
"a48c3bd5-12e1-57a8-8f99-3847194069a8","chain_node:v2_4c92db03d9523d706d609f918dd42db1ae4e3013","氨基酸发酵生产服务","","ChainNode"
"a48cb434-6e47-5afd-b567-39e9c2e473cd","industry:sw:workbook_snapshot_v1:630801","输变电设备","","Industry"
"a48d93a2-1145-53ac-8ddf-d8c1139ca55a","chain_node:v2_e0efe7b09fa2e6aef507d3f5f649510dd9a49da7","粮食收获烘干服务","","ChainNode"
"a495dd8a-91e2-52ea-9c44-219817b1610b","industry:sw:workbook_snapshot_v1:220404","其他化学纤维","","Industry"
"a4a5af41-7db7-5436-8030-546b60a9d438","industry_chain:defense_electronics_systems","军工电子系统产业链","","IndustryChain"
"a4a9e7d7-0bd7-5d5b-990d-ced538108380","chain_node:v2_43fee0b4447b1e44bb19f2f78abd238bef158b8e","油气钻完井服务","","ChainNode"
"a4b02531-835b-5865-a86f-8d02d34923df","chain_node:v2_86cd8d5c725aff5c88c0fe62880f7ecb8f663058","页岩水平井钻完井服务","","ChainNode"
"a4ce19c4-f76b-5808-9bcb-3315b93c1b90","chain_node:v1_262a1e4cc6cb2358d9a3b5e911e9f788ecc16533","自动化设备","","ChainNode"
"a4ce75e8-5fee-5030-a178-5ed63b034a59","chain_node:v2_f8872dd4ef29254a6200075fd8bd8716d7ad2451","数据中心基础设施","","ChainNode"
"a4e07038-47be-55de-b4a5-3bea7c14197d","chain_node:v2_c45d6d121f20a85ff497c90676f69cac6eba7669","无缝钢管用管坯","","ChainNode"
"a521a1fd-11ce-576e-b6d9-eea9aba8f528","chain_node:v2_70198299ddd3689f9b387423df6a540edacaf9c0","国资云安全管理平台","","ChainNode"
"a52332b2-11af-58f2-a064-90032b5c0a42","industry:sw:workbook_snapshot_v1:360502","娱乐用品","","Industry"
"a53d44d1-26fe-599c-81a5-4f33070695d2","chain_node:v2_761158f604d9a5086fdcef861c0eb9120eb9475a","露营预订平台","","ChainNode"
"a55145da-ba31-5c04-9035-48c38aff8057","concept:master_v1_901475a9f1d27269","多模态AI","","Concept"
"a5524785-6871-52a1-a977-572cd4753ecf","chain_node:v2_0e8b21085ea11ae7e83762f4a3d0211556768886","住宅项目融资服务","","ChainNode"
"a55a5d45-1aff-5e20-9845-eaf637ad59e9","chain_node:v2_85661f7b4d73164633ef8f58445c0634118853f6","饮料用水","","ChainNode"
"a56143b7-7838-508c-9f52-fb3339507c97","chain_node:v1_1757ff08acc8621f0a4eb9efeeb83b81071d28c6","游戏发行服务","","ChainNode"
"a579ad3a-f5d0-5406-bfe3-b2a52c92c905","chain_node:v2_e9790073ba7c83504bb3e57cc211593004911217","视听内容版权授权服务","","ChainNode"
"a5858405-d63f-59de-b408-8682fc4a210e","chain_node:v2_359d1b93e8fefa8288af53547aef8c6a2d13cc9d","通信API网关","","ChainNode"
"a595d994-0187-5b62-a4ff-56a4ce6dc6af","chain_node:v2_8ac0f54492b488fdde8eb74abafee563aa49a7f3","参比制剂","","ChainNode"
"a5a89e13-76f6-542e-89a2-f67e8065a034","chain_node:v1_1af315b5f54ae0d5ec76b4bfa4f95f07c2dbe061","复合肥","","ChainNode"
"a5d5cd50-4653-58f8-b75e-43ac343e201e","chain_node:v2_3fe53c2e8e15df36a4e22f0508093a9c7228d5c1","市政工程勘察设计服务","","ChainNode"
"a5d87107-9ac7-5506-b2cd-2339bcaa5923","chain_node:v2_dbe0b9a4e4cc71b9b72be9c26e329748698a5e3f","特高压直流输电系统","","ChainNode"
"a5e3f174-e5e3-5a69-9342-5e92cb611b3c","chain_node:v2_5d0404b6722cc87e22ef7809a2391f4af8f3f1fc","基因测序仪","","ChainNode"
"a611da55-6783-5ddc-a83f-ab4bed0197d5","chain_node:v1_1fc04e28fbcfa15c7ae295b091711eb25cf3b6bf","建筑门窗系统","","ChainNode"
"a613d9c0-93a0-5ed1-b010-7533f36409e4","industry:sw:workbook_snapshot_v1:240303","铅锌","","Industry"
"a6240368-0956-5052-bddc-16812d3ecdb3","industry_chain:fixed_5g_all_optical_networks","F5G全光网络产业链","","IndustryChain"
"a624c1a9-ded9-5d2d-9dbb-5d3c5eb926ae","chain_node:v2_63e547f7f27dfe5ddacc1bba71c4ce1c8a91790e","AI推理算力服务","","ChainNode"
"a62e53bf-6ecb-56e6-8059-db9dd281252f","chain_node:v2_3aae0afeaffb2be5b71308e339dd71986a5cfb53","商业银行支付结算服务","","ChainNode"
"a6314998-8729-5023-9bc1-bccd07ffe355","chain_node:v2_9d4b234de866718e0823f02b1b0e54b7569fc442","视频监控SoC","","ChainNode"
"a639ac07-510b-5a30-b07e-5196df22f6cf","concept:master_v1_707e61828b18ae43","新型城镇化","","Concept"
"a639b895-73a7-5c9a-a232-1627ca5e27be","industry:sw:workbook_snapshot_v1:640101","机床工具","","Industry"
"a642323e-1ea2-5dc9-9a51-73c9761e2a77","chain_node:v2_1913974666dcf340ee453c546c7ab96a72d1273b","能源管理平台","","ChainNode"
"a64f5355-9c32-53ca-8918-c2f97ac8bbce","industry_chain:automotive_dealership_services","汽车经销服务产业链","汽车经销商产业链","IndustryChain"
"a669d045-0969-5894-ba6c-61e92e74fd9b","chain_node:v2_8460e3df3a97df385791f8d519aebf21ff887106","光伏级单晶硅片","","ChainNode"
"a6774bae-04ba-5d2f-a2e9-5295d39d8d02","chain_node:v2_dcfac53ec0ffe740600acc954053093a28ac92c8","金刚线导轮及张力控制系统","","ChainNode"
"a67eb6f6-44da-53e4-a191-008c647d2a7b","chain_node:v2_0ad4343d1d35ebe7f8c1421771a452db4f293619","植发术后护理服务","","ChainNode"
"a68318dd-e08b-550f-9508-86c9748ce5df","chain_node:v2_e24d1a619519c525d8a84f47033b72f4f810ed61","托管容器运行时平台","","ChainNode"
"a6b7a57c-c57c-5200-9eaa-03b561ef8191","chain_node:v1_bb5f76fbc9354c60da8523e6846471630166c1d7","青蒿素","","ChainNode"
"a6c8062e-8e3f-569b-8d88-34d8298a7076","chain_node:v2_108d7900ad97de1b57d181eb1d42e43b8fc5101a","工业耐火材料制造服务","","ChainNode"
"a6d6b7cf-2f44-5d53-a7f9-7cf2a17cc247","chain_node:v2_69152df21520be5b9c4be989dffff3eef5c7e8a4","电信设备入网认证服务","","ChainNode"
"a700dbfa-5ec7-56d3-94b5-bd2c08b6fd57","chain_node:v1_1568b43d1183adaf1eaa07bde59bb22c25eb6309","环保设备","环保设备Ⅱ|环保设备Ⅲ","ChainNode"
"a70b2a19-565a-59a7-be16-1a2badec5d5a","chain_node:v2_991e15ca66d5ba9a1392ccfa5ab49e853cdac3e0","4-ADPA橡胶助剂中间体","","ChainNode"
"a7172553-8528-5905-9d24-29f659054dc6","industry_chain:data_center_liquid_cooling_systems","数据中心液冷系统产业链","液冷产业链","IndustryChain"
"a71c7eb6-4114-5761-b554-e8be8392ac3f","chain_node:v2_55890c6a0713744b760dda0bfb8632d26f0a6157","智能终端语音交互应用","","ChainNode"
"a72acb6f-da58-5e1e-b1bf-3a324e7eb900","chain_node:v2_42194c55c46239f2675a034a365c642411ea2546","影院数字放映设备","","ChainNode"
"a72e7a1e-9702-50ac-b8a3-4f7de76eab7b","industry_chain:aircraft_electromechanical_systems","航空机电系统产业链","","IndustryChain"
"a7361779-7af4-5b49-bee5-5863c824af5f","chain_node:v2_d2957610a4c7e14a906ad34128958629388cc6fe","聚丙烯腈原丝","","ChainNode"
"a73b95bb-3aa2-52aa-aaeb-763368a60550","chain_node:v2_c8fac049b54356453b1ad101f799fd23c58fede8","奢侈品牌皮具产品","","ChainNode"
"a73c948c-ca3d-5c57-9081-74c164114436","chain_node:v1_82fffbc333f7116843fc4e7c640cdabac4d080da","住宅开发服务","住宅开发","ChainNode"
"a74ceb4c-778c-5bd2-bba9-af031da5752c","chain_node:v2_c24cee30bdf67b705c547ab4c7d791db79151db1","单抗药物注册审批服务","","ChainNode"
"a758ebe1-d04a-5ea0-9968-7ae396e69e9c","chain_node:v2_2d77632a1d3b57e6886ac02d2c3148ecde5e2892","包装级PE树脂","","ChainNode"
"a75a9e15-3c9c-53bc-a414-974c989ef209","chain_node:v1_9a072f203d4644e2a4526b9ba86e228cbb80464a","LED芯片","","ChainNode"
"a75b7007-86ba-5bd3-9c20-7c0306c6ef3a","chain_node:v2_210ad91649e7e4c286e3f30c17315e0551566875","消费者需求数据服务","","ChainNode"
"a75e793a-c048-5ae7-beef-93cecd7a7228","chain_node:v2_8977e03bffef27f59b75013b3b96364b3d91b62d","水处理加药装置","","ChainNode"
"a760e6ae-d88b-5a7c-a465-5a4bd5601979","chain_node:v1_1510343bfbc1f973be21e7589f07f60be4d864b3","印刷","","ChainNode"
"a7789e14-72c0-548d-871c-c105abc46a61","chain_node:v2_49f83d443d41148f7b229239abf5d27424e8bc44","舰船维修保障服务","","ChainNode"
"a77dd524-1431-5e4e-a377-c2f16a0d4d8f","chain_node:v2_05a89e038a9b68aff008427bd4680088cbdb39bc","企业知识库","","ChainNode"
"a7866718-c833-54e9-adea-2b3eb2116428","chain_node:v2_75c693b221bf0fcc015a08f189db6215c37227c1","电弧炉炼钢","","ChainNode"
"a7a280f2-c8c7-555a-9d3d-ccb03a995d9c","industry:sw:workbook_snapshot_v1:370303","疫苗","","Industry"
"a7a3da9e-ae9f-5ec1-85af-acd4254df333","chain_node:v2_5c8df9337f53370cd47c93e6c364e4fc5ca71c14","车路云云控平台","","ChainNode"
"a7b4fd96-1e2c-5f5e-822a-21ca3aea9940","industry:sw:workbook_snapshot_v1:370100","化学制药","","Industry"
"a7bf00d2-7a40-593f-833c-3aed2d7548e5","chain_node:v2_95538e01c7ca79afde979188dc9177d7fa792684","烘焙食品零售服务","","ChainNode"
"a7cbb4ee-413f-57f9-bd42-a5399d2d4568","chain_node:v2_a7e0812cd4bb45679d0928a6411e183be512cef4","滑雪装备租赁服务","","ChainNode"
"a7d3a47c-63d4-5406-9415-ee10b064c794","chain_node:v2_cf61ac1559b25025c471ebb1c7aa87fc9ea82539","过滤吸附设备","","ChainNode"
"a7d7eda1-8f29-54e1-9e93-cc00097e7fe0","chain_node:v2_84340dba27600d17720de2403a848a6b8a39e24e","电站锅炉","","ChainNode"
"a7dd7956-721c-530a-835f-eb11f9d4f987","chain_node:v2_253616103d090d51d4ab0c34759b8eef54922cd1","建筑涂装施工服务","","ChainNode"
"a7f132f7-a225-540e-aaa2-f4d133507cb4","chain_node:v1_77bcc648313d5cd19dcf190372a2520399bfbbc2","光学元件","","ChainNode"
"a80bca2b-4df4-5a23-9394-0b99f27e50d9","chain_node:v1_7f20de61529fc849da7b26bd5e21086ac2864511","塑料包装","","ChainNode"
"a80e26b2-04b1-5f90-bd26-4a4086c0f9a3","chain_node:v2_06608497fd6e156224e7ae20b3f33fa34e45548d","共享单车智能锁","","ChainNode"
"a831a657-bbed-58ee-8cd7-e2785b618c6c","chain_node:v2_efd0800c325c80973895dc2fde049b749ac1bcd3","制冷换热器","","ChainNode"
"a84f9794-4cc0-5047-89eb-ae00c426c983","chain_node:v2_6790a5a184bae5686817f5a64a9f2922b0656ba1","CPE电源适配器","","ChainNode"
"a891d966-06d0-5978-ae00-02fdbb30918e","chain_node:v2_c19184952f0eeac0885f14071d45c361dc8b0937","牵引变电站","","ChainNode"
"a897db25-e3b9-5541-9501-99327e745553","chain_node:v1_a5f3e6d6520ea5957ee961b3a4be1a53bcef6191","冷链物流服务","冷链物流","ChainNode"
"a89e2d29-3524-5f35-ac96-c820ae892f95","chain_node:v2_40a590f226678bee3479260ef2fac29509049791","游戏主机存储模组","","ChainNode"
"a8a98ef9-ae18-5459-8a60-9a3a17a63a1d","chain_node:v2_b40b3006f89481d02a0526d64c808eed9e2f43e0","母婴零售服务","","ChainNode"
"a8d50efd-65ef-5e8c-8b85-4f4f1a7ca2b6","chain_node:v2_9e1316166d94b9347a0ccffd0a6cf51ebe3f9348","动物疫苗抗原","","ChainNode"
"a8da0e60-9dd1-58e3-977a-89b7eb5ea096","industry:sw:workbook_snapshot_v1:230401","长材","","Industry"
"a8db11ed-b9b8-5612-b816-8e46307e9014","chain_node:v2_5ae41bb5599e18bef1e67691186cc9a147ca51ab","电子烟电池","","ChainNode"
"a8ec0fd4-a538-52b6-bec0-aadf706be18c","chain_node:v2_1455d1773bd259c8ac96cd85af5fb77a7530bd03","镨钕金属","","ChainNode"
"a8f7801d-9e2e-5519-84de-98f4b7b91fcc","chain_node:v1_59ff787c3426c6cda96dfbec0d1093b10f9d32f1","智能座舱","","ChainNode"
"a90eda9b-f3a2-517a-9f57-6e90b96bcf95","industry:sw:workbook_snapshot_v1:650101","航天装备Ⅲ","","Industry"
"a9136d57-f65e-59ab-8d82-f9a38018c0f8","industry:sw:workbook_snapshot_v1:420806","仓储物流","","Industry"
"a91bb527-6fc7-5b15-97a3-d740c1869083","chain_node:v2_ae22163401d86ef86e90eb06c77a7a084afcbccd","3D盖板玻璃化学强化加工","","ChainNode"
"a91ca5ba-053f-5138-8562-a299e52644a6","chain_node:v2_c0d22d98b0b6dea58997cf2ef4220cd198d45ce5","磨具用树脂胶","","ChainNode"
"a91e271c-8666-520e-b8e5-60c062c61bf9","chain_node:v2_9104ea393a76061d0e8b475000ebf2d4017f2e92","纤维级聚酯熔体","","ChainNode"
"a924aeb5-f7f9-5d8f-ba86-b34368d336c4","chain_node:v2_3cdd753035c5e7f76e781ecb869479ad5b36c640","高纯甲烷","","ChainNode"
"a9270aa8-6ada-533f-ab03-4ad2fe2c3df7","chain_node:v2_42d0ff26dae0c275b934d9bf1e35ccb1b0ebca9f","洗衣机电机","","ChainNode"
"a95501fe-36ef-5a23-b862-baf02ec68db2","chain_node:v2_2234512a25787f025a25b2a328fdf2b0a024c545","PVDF聚合服务","","ChainNode"
"a968a652-a46e-59cb-b77e-d7c267aa1211","chain_node:v2_5180b7eeee869004813c8b14056956aa677f1ba9","包装食用油","","ChainNode"
"a96b1006-36f5-50a0-81da-269949133093","chain_node:v2_943ff389d0c590a446f29801db8d002d4785ecec","航空发动机叶片","","ChainNode"
"a9858bff-c0f1-50b1-8501-ae4f9773ae1a","chain_node:v1_211773127763601e790347903a8e0caaae19ac5c","高速公路运营","高速公路","ChainNode"
"a990618c-d8d9-548b-9cc7-cf6634b20c71","industry_chain:plastic_packaging_products","塑料包装产业链","","IndustryChain"
"a9a3dce9-17de-5b1c-9547-2408dc897b15","chain_node:v2_130bd8b748209abaa4f942d6dd111fa8996c71d2","车规MCU处理器IP","","ChainNode"
"a9c2d7ac-12e8-5067-b41b-bd0c1c109412","chain_node:v2_94bc1ef7f3beaf12ac911f795e2d69c4475c3be2","电动剃须刀","","ChainNode"
"a9cd896d-efb7-5f7b-be6f-a3e7b20b9bc0","chain_node:v1_371a537a7b1a32dc82aca7068cd92ffb13f232aa","风电齿轮箱","","ChainNode"
"a9d660d4-d7c9-58c5-9798-8f992d45cfc5","chain_node:v2_375d3dd222d3ecb7ff7c327f593db67f2db5851a","重组蛋白生产宿主细胞株","","ChainNode"
"a9ee1430-3acc-53ec-9226-824c8abdfc1c","chain_node:v2_e784a85c7af00ad71bda8e1624b7fd704b0fa023","siRNA原料药合成服务","","ChainNode"
"aa0ebce6-a850-5ff9-9c2f-c30159a58120","chain_node:v2_a94b5118f2e59f7e92bd5f221625dc3ea865b46e","即时通信系统","","ChainNode"
"aa3877ed-f160-5d75-b9fd-bec4c63d1231","chain_node:v2_3becb8b9a10c70b28afa807de77d0b29cafe6fec","显示玻璃配合料","","ChainNode"
"aa3b1886-89ba-57a6-a4b4-7095f2e9846a","chain_node:v2_922fc97c6e5a34aeb3fc3d33cd68741c43118f0f","MiniLED液晶智能电视","","ChainNode"
"aa4b920f-cb14-5ffe-8f39-e83d1262b3b6","chain_node:v2_0f41bdc0209f29a2e2aa47f4e8bcd44dd2f35142","无线充电功率芯片","","ChainNode"
"aa5890e7-34f1-56de-8795-e4ad9084585a","industry_chain:tax_refund_retail_services","离境退税商店零售服务产业链","退税商店产业链","IndustryChain"
"aa5ac5ac-69e4-5228-a555-19065cf0d93b","chain_node:v2_97b7ea85f5fd630ac752f07f241897b86e619021","职业课程内容","","ChainNode"
"aa80cd70-32a9-5260-9031-f260801e4cde","chain_node:v1_537aeb55b4f97330f7de024f503bb092d3ca3fa8","数字阅读","","ChainNode"
"aa83099c-2b3a-5ac0-b16d-704292831733","industry_chain:cross_border_logistics_services","跨境物流服务产业链","","IndustryChain"
"aa9b08d5-d24e-5894-b920-302ecd985a5e","industry_chain:chemical_active_pharmaceutical_ingredients","化学原料药产业链","原料药产业链","IndustryChain"
"aa9e4e43-f00f-58b3-9afb-ca3fc011620c","chain_node:v2_19de2a26fbb450b3dbcda34158f2479964bbd578","纸质笔记本制造服务","","ChainNode"
"aaa488d9-dc5f-565b-89e6-f83e5bed69a2","industry_chain:trust_services","信托服务产业链","","IndustryChain"
"aaab5b25-0351-5017-b2e3-1e07b711f823","chain_node:v2_cc535d598716e7c6dd79400fa1e087d359e3edee","高炉炼铁工序","","ChainNode"
"aab09931-cd89-5d34-8a16-07d37c5c1372","chain_node:v2_27d5cf33105ee0ab238373616415970b45a4f5e0","网络游戏IP授权","","ChainNode"
"aab52885-3468-519b-82b5-b65455edb377","chain_node:v2_22ef38230bafa19f93d63bc308da709faa78630a","特高压输电导线","","ChainNode"
"aada1223-0b5a-5f4f-912f-91e48a41e5d0","chain_node:v1_7de7d62fc96c1ef53ef9a7c1be6845cd1a3454a7","电网自动化设备","","ChainNode"
"aadec9aa-7160-5145-b346-7729ee3dcbf4","chain_node:v2_b449b3dbeb6f0124c8ed03395a50a01ffed0f414","乙烯及裂解联产品","","ChainNode"
"ab0267cb-e427-543f-a253-f0fa746c88b2","chain_node:v2_c1da12085295c7a9110d87d4203d977e7173dbc4","机器人控制计算平台","","ChainNode"
"ab11dacf-d3ee-5f72-8ae6-e2ca76548e09","chain_node:v2_34e2272ba805e3b43d6e4299107603b3616809e5","地面装甲车辆","","ChainNode"
"ab1908a0-a876-50fd-a48c-8b5299210364","chain_node:v2_68a8adb016036151ead7a31683207327f29ad13a","工业废水在线监测系统","","ChainNode"
"ab25f7a5-32d5-5787-8f39-6038d92700d2","chain_node:v2_5ad3f9a156e84477f4f845b9d6d8e3aebe0abef1","厨房小家电刀具组件","","ChainNode"
"ab3dfd85-91de-513a-a336-75018ab13373","chain_node:v2_eea486e9a477133306bafe3ce9d9031b462545a8","数字人民币受理终端","","ChainNode"
"ab47a7c3-c3eb-55ac-a9cc-32c99070f0ea","industry:sw:workbook_snapshot_v1:330501","照明设备Ⅲ","","Industry"
"ab545b35-27fd-54e2-9d8e-f3bd262c4ea1","chain_node:v2_6ec5f67d9a0cfc62e9ea92a2041e27ac51487451","葡萄糖发酵原料","","ChainNode"
"ab57767a-7851-52d3-8a10-a6234f269b1e","chain_node:v1_f01540c8a609b0063245d68baa895bfbb932f7ce","酒店住宿服务","酒店","ChainNode"
"ab5efea5-3256-58a2-80b5-717e507b3636","industry_chain:cross_border_ecommerce_services","跨境电商服务产业链","","IndustryChain"
"ab5ff74a-f5f6-564a-9671-101b51c1bf07","chain_node:v1_c4ac686678429f73fd90ff035f8868c915d6fdd1","商业物业运营服务","商业物业经营","ChainNode"
"ab785be4-8693-5ef3-83eb-15e030fa5e9a","industry_chain:chlor_alkali_products","氯碱化工产业链","","IndustryChain"
"ab7fcf55-66dd-5ed3-a698-3c043744ecc3","industry_chain:automotive_millimeter_wave_radar","汽车毫米波雷达产业链","毫米波雷达产业链","IndustryChain"
"ab804fae-fc36-5b43-8440-809d0a74e686","chain_node:v2_fad412b1699b296d5d477160e632935793ed9835","工业大麻纤维分离服务","","ChainNode"
"ab94584a-0964-5781-89d4-fa8ae7038c99","chain_node:v2_9e92318a26cfae94124edb67862c27ff4de5fefb","婴幼儿保育课程内容","","ChainNode"
"abe039d5-3e4d-5e74-89d5-87aa5e1fed15","industry_chain:financial_asset_management_services","金融资产管理服务产业链","资产管理产业链","IndustryChain"
"abe56fa0-26ad-53dc-b5c7-f58cc9d735f4","industry_chain:data_center_facilities","数据中心基础设施产业链","","IndustryChain"
"abe7e540-5101-5b61-b2af-ba7e60b3dcc4","chain_node:v2_a54ac62669ba138f3c8ff59ff4d228a22ecbdcbf","5G基站","","ChainNode"
"abf810e8-a11b-5ea5-9065-cc12df88bd42","chain_node:v2_35ca16b1785c9210adcd59dcfb313e82bf1b9ff3","ArF光刻胶配方纯化服务","","ChainNode"
"ac10fd0c-621e-5251-8030-5a909d14a86c","industry:sw:workbook_snapshot_v1:330102","空调","","Industry"
"ac28d2e8-bcc4-5141-b482-8b205bbb7709","industry_chain:flexible_display_modules","柔性显示屏模组产业链","折叠屏模组产业链","IndustryChain"
"ac31d30f-c28d-5ed4-b99b-a1f0b828b8fb","industry_chain:digital_reading_services","数字阅读服务产业链","","IndustryChain"
"ac5fc815-e78c-5617-9b14-818356230602","chain_node:v2_a6d5deb83118cd403e31e4779fa88e68e1264ae5","汽车变速器齿轮轴","","ChainNode"
"ac63cd02-8b3d-5093-97c7-888065b872a1","industry_chain:molecular_diagnostic_reagents","分子诊断试剂产业链","","IndustryChain"
"ac6476a2-7898-504d-ae34-619f06503d56","chain_node:v2_41607d4af4768591ce86ca862e340f6cbe5fa1e1","临床生化检测服务","","ChainNode"
"ac663fdc-672c-55bb-8fcc-2830f73b69be","industry:sw:workbook_snapshot_v1:330500","照明设备Ⅱ","","Industry"
"ac6d27f3-ee32-5d30-a943-113ff8d70acb","chain_node:v2_b934b2344cc3736d77a1c66f6e87ad638fd7edcc","机器视觉光源","","ChainNode"
"ac8e11c0-fe77-59a5-b7e4-c1007da42227","industry_chain:agricultural_fertilizers","农业化肥产业链","化肥产业链","IndustryChain"
"ac96d822-ef74-5225-8328-6e82da5c4e25","chain_node:v2_923c167bf9d62f70dcb86fb9d45a0e8ccaaa676c","通信网络安装施工服务","","ChainNode"
"acb31d28-e918-5425-95d1-21a37f618383","chain_node:v1_91bf8384b010ab6f9dcdd33355a4f9ee933649c5","通信线缆及配套","","ChainNode"
"acbd3be1-3040-54ba-b376-58e692ac6bab","chain_node:v1_3cac072c2d5ec8dfc479fe410157edc3aafae78d","烟草原料","烟草","ChainNode"
"acc112d8-7ab2-5241-b116-b0048969a3d6","chain_node:v2_3cd788649dfb8f1816cfe5066e9980cad79a62be","数控系统","","ChainNode"
"acc2365e-5adb-5d8c-876d-bb45ac5390e9","chain_node:v2_8d409aa73dddbf012a990ddcb1c57b94af61b0a6","光刻机晶圆台","","ChainNode"
"acd04d30-c92a-523d-a42f-0765bdb347c5","industry_chain:wind_turbine_blade_fiberglass","风电叶片玻璃纤维产业链","","IndustryChain"
"acd14060-a236-50f5-a80c-3cd21c8718de","chain_node:v2_199da8f2b2b33faadf10fa276713cf7edcbdddcb","电商支付接口服务","","ChainNode"
"ad02e9eb-dbbe-5269-adad-d77b66d14535","chain_node:v2_2b43c649c4772c17fff8bc3cd76db36deff2304f","裸眼3D显示模组","","ChainNode"
"ad2544bf-2091-5b9e-8be5-18b2dc94c625","industry_chain:video_game_operations_services","电子游戏运营服务产业链","游戏运营服务产业链","IndustryChain"
"ad313506-0774-5051-a856-fd0613f293e0","chain_node:v2_3c0e2737eb0ec95ec91207c04c7e20987580d151","液晶显示面板","","ChainNode"
"ad3c71d9-9f92-563a-a57b-ec9414d42c96","chain_node:v2_30e35f323c9f18f1357baacdbb526d31bd1743e4","商业银行信贷服务","","ChainNode"
"ad5d0cba-dfea-54ca-8428-37abce79add2","chain_node:v2_c7750bcfe7d0a420636b7de55875cddfb6527164","高压断路器","","ChainNode"
"ad5e2a50-58b3-58ee-991b-473f4bb1bfc8","chain_node:v2_ab13abc0cba051afba00a06415084c93598697cd","工业激光器","","ChainNode"
"ad705de7-63dd-586b-9fcd-a96b2e33317e","chain_node:v2_4787030b7aeb793f8c470cad60f9eefe5f8d2859","磨料结合剂","","ChainNode"
"ad773aca-05ee-58a3-bc93-f8725d9627ab","industry:sw:workbook_snapshot_v1:720706","其他数字媒体","","Industry"
"ad7d0475-f388-5c68-8e2e-e00f2582b015","chain_node:v1_e82ac22126c0b8539658f6f355ca59eb1bd7a88a","事件数据记录器（EDR）","EDR|EDR概念","ChainNode"
"ad7e8399-112c-5ee3-8068-4a882efa021b","chain_node:v2_5adcd7f955d63bd15ce20689235c3c90805dcc15","电池级锂盐生产服务","","ChainNode"
"ad97d653-1f83-516f-95c6-8313687bc64e","chain_node:v1_5a29588a3d266909ae19ccf58be71c9807b63b77","成品家居","成品家具","ChainNode"
"ada524e5-f5c0-5f01-bfd4-f5f5fcf00edf","industry_chain:internet_data_center_services","互联网数据中心服务产业链","IDC服务产业链","IndustryChain"
"adaf5a9d-040a-5f3c-b0bb-d762d3ee8499","chain_node:v2_c7f830bffb6051e50d068d57fca0dbd724186dd7","游戏客服服务","","ChainNode"
"add52dd9-285a-54b1-84c8-4d4aca2452e6","chain_node:v2_28c3f05ebe837a331ffe65607b2e3236c00a3f1c","氯化钾肥","","ChainNode"
"adf3a231-f4ab-5f1a-aab4-5f50a8cd1841","chain_node:v2_0f6c69fe924c0d512b387797d0873b100fba3d1d","铁矿破碎磨矿服务","","ChainNode"
"adf42694-9480-51a6-a230-611727d814ea","industry:sw:workbook_snapshot_v1:110404","宠物食品","","Industry"
"adfb30c4-89f7-5b7a-a01e-980735c5851e","chain_node:v2_8dd78fda77b8bebbdfb47fca826ddd608b0ef032","农业技术指导服务","","ChainNode"
"adfca996-3574-53e4-ac9f-3095e8216a97","chain_node:v2_d8fb68ecf17555ad8b349e85d0cb5e11552ac4ea","屏下摄像镜头","","ChainNode"
"ae302894-7ae1-5d44-9acc-31612880c88e","chain_node:v2_22b039373b5e1f74ee2f8520832cb2ffaabcca3a","再造烟叶薄片","","ChainNode"
"ae4541a6-3ed4-5a72-83f9-8b6507c4dccd","industry:sw:workbook_snapshot_v1:370603","医疗研发外包","","Industry"
"ae467b6f-8c8f-5f8e-9b04-e4e3c39978de","chain_node:v2_986221626707e1de81abb9328f5b105eaaa4625f","无人零售系统","","ChainNode"
"ae48aaa6-0bc1-58d2-8c1b-fe599adb3abc","chain_node:v2_b7470dfe7cbf373df5a5d0c0e13147690800aac7","电动剃须刀刀头","","ChainNode"
"ae61c8ed-4358-5a40-98df-1361356ad778","chain_node:v2_d0c68064b26f775b74e2877a620ed9bf7a619b65","赤藓糖醇结晶纯化服务","","ChainNode"
"ae7dac7d-1747-539f-8348-743a99c542fc","industry_chain:internet_medical_services","互联网医疗服务产业链","","IndustryChain"
"ae855c42-55e2-501d-b8de-35520c538ff2","industry_chain:coal_washing_and_preparation","煤炭洗选产业链","","IndustryChain"
"ae97d2cc-49bc-554e-85fd-aa0a9d9b618b","chain_node:v2_11f8f49a8cd483a2c7409f0179cef4573f2bd156","人脸识别光学镜头","","ChainNode"
"ae9f2682-cb96-5eb6-94dd-f05cdddbc4b4","chain_node:v2_6e67f79dfac2f40c858b3b444bcabc01449957ec","港口起重机安装调试服务","","ChainNode"
"aec2c4f9-5057-59e6-b4df-efdf7df57c7b","industry_chain:concentrated_solar_power_systems","光热发电系统产业链","","IndustryChain"
"aed827d0-a61d-5fa7-b3eb-630ebc09ee76","chain_node:v2_2208f0bab1a62e1e9d3d0417ad64f86b3a540151","装甲车辆动力传动系统","","ChainNode"
"aedde9a6-301a-528e-8f8d-28f188ad696c","chain_node:v2_8f25ad53624509b0e0b15d1fddaa5ffbdb4e7f52","胎压压力温度传感芯片","","ChainNode"
"aefab802-446d-5ae5-bc5f-d9142da4fdd8","chain_node:v2_8b6c7b564bb91dcee613a78220fec9ec6a4dbac8","旅游零售物流履约服务","","ChainNode"
"af005921-a59a-595b-b332-e09a38f5af84","chain_node:v2_57b6bd45ccfdadb2c13222098f71280cf549d56f","桥梁用钢材","","ChainNode"
"af0b3541-f03b-5000-a26f-c393a6241437","chain_node:v1_71da11fa0ffe6cec47ce468780d146434591b762","熔盐储能","","ChainNode"
"af131e57-20d2-56c0-833b-438877f975a6","chain_node:v1_8b8f64a26ac6d423be02be4e410aa4aaccbae70a","油气及炼化工程","","ChainNode"
"af36dfe1-a244-5702-a683-507b26a50c6a","industry_chain:hbm_memory","高带宽内存产业链","HBM产业链","IndustryChain"
"af522053-9ce6-57eb-9f0c-e1453f29b41d","chain_node:v2_67212bdfb8fef5caca89ce800d7574d1373edb74","电子阅读器","","ChainNode"
"af586274-1bc1-53c4-8310-3ab8889d961b","industry:sw:workbook_snapshot_v1:620601","工程咨询服务Ⅲ","","Industry"
"af7fa8b8-d7c1-53e7-b980-e3f31a41fdeb","chain_node:v2_5e757e3a51d4139166a2e3c043377dd8af588357","高冰镍火法冶炼服务","","ChainNode"
"af8d1516-c125-5fc1-8bce-a7116bf4e142","chain_node:v2_d0cceb9372a8ecc63c7f0e28e57626e209e5e87b","纺织前处理助剂","","ChainNode"
"af949d81-5821-55f8-891b-31a904ec6820","chain_node:v1_c8734c5c31a7369c36d613a06c64fbad918a0efb","清洁小家电","","ChainNode"
"af9f354f-9472-5846-956e-ea76aa5c988d","chain_node:v2_593ade9a7d490be066e064d0c7f3e46ba9135e31","鳞片石墨","","ChainNode"
"afab725e-c22d-5c51-8e62-7786d1275ca5","chain_node:v2_efc95e46262177ed83fb93d461cc3f08903428b3","生态农业生物投入品","","ChainNode"
"afbf1596-2d6a-5140-a95e-3ff98187a07a","chain_node:v2_648458e87b4e61c76f0b8dd8349732628c0a6e94","稀土溶剂萃取分离服务","","ChainNode"
"afc64c30-6bb2-50e3-8f4a-83a37797691d","chain_node:v1_f166c310dfe6f00d9b7fb3a1eb4b33594df98fc4","航空运输服务","航空运输","ChainNode"
"afd40f9f-c9cf-575a-9262-fd294a2b4b39","chain_node:v2_8017366b21ee97181215b5d1c969395b23fca9ff","测序原始数据","","ChainNode"
"affbaa65-5922-5618-b8c1-8ccad0a56a7b","chain_node:v2_fd9d1c01e4cc1a9368c5ea7a0349993b6a84baff","委托资产","","ChainNode"
"b003e765-0527-54b2-8c96-ea18462f2b9a","chain_node:v2_5a600a0afb9fd0cc946d2591109b7afc3e182d32","ERP实施服务","","ChainNode"
"b0049a5d-39f4-5ea1-a3d5-652200302a77","chain_node:v2_637c0c7baf0ae59bb89595246519e81035ecd820","牵引变压器","","ChainNode"
"b0074f81-c3a7-56d8-9af3-b4bd6367ba63","chain_node:v2_14e422a5d523766eccf114e04fd7648dedc61660","市政施工工程机械","","ChainNode"
"b00f092e-a7df-53dd-99f2-2331bf581943","chain_node:v2_07b5ef5e45c9b73127e8971f6348c563394f8463","风电主轴用特钢","","ChainNode"
"b03a7d5b-6627-5200-9182-adb208079a45","chain_node:v2_9d9a4e8836502e772850514e584a1aeb5085d1b3","车载火控系统","","ChainNode"
"b0443feb-af46-514a-9781-d3b51a712b16","chain_node:v2_06ad963c712a52e41f254929990d5b3b5041b8a0","客户业务需求分析服务","","ChainNode"
"b0461cc9-aecd-5ff4-af6f-1fcf71f43e8f","chain_node:v2_0dbee009812fee59ccfff1edb8d4532df531ddec","养老护理人力服务","","ChainNode"
"b04e7219-f7af-5ee3-9c58-3b536db176d2","chain_node:v2_017781ab40cb9f885d4ca462a90fd5381d01cc01","宠物食品营养预混料","","ChainNode"
"b05776c3-c6e7-5a31-a8bf-b049135845e2","chain_node:v2_617db10812398b0105a24a37f45308cdf6668475","工业仿真建模引擎","","ChainNode"
"b0591ac8-58d2-5c23-b9f8-09c196952562","chain_node:v2_347ebbd5e5bf835c71eb464c77eaeb96d04e2282","橡胶树种植割胶服务","","ChainNode"
"b060db7d-f034-55ca-b9d6-ade18cddcb17","chain_node:v2_0928c8990a637421e20a2c69cd38f2956fdba8ff","辐射计量校准服务","","ChainNode"
"b063f8ad-b64c-5e68-9d35-972675da47ad","chain_node:v2_402fd82f1230f502e2570153a3a4ac097083bfb0","脑机接口解码软件","","ChainNode"
"b06f48b6-287f-5be4-850f-20253fbcf286","chain_node:v2_c95380b3f413d0ae13360614147ecb3ba10591c9","港口起重机起升驱动系统","","ChainNode"
"b07e01d8-b1ef-54ee-ae3a-a6244554758f","chain_node:v2_33723756502e50da4c5c2931d769b5d5f4c9bfc0","智能音箱SoC","","ChainNode"
"b089e55c-59b4-5268-878f-e8478900283f","chain_node:v2_924c93bda8dc797d4a620388813f4801f91332cd","岩土试验检测服务","","ChainNode"
"b0b35b42-597a-599c-87ad-e3ce73e51c5e","chain_node:v2_598aed918f76d30dff85c80a0f026d99b05e1f8f","高温熔盐储罐系统","","ChainNode"
"b0bfa8fe-ae84-599e-9eb7-17915202bee5","chain_node:v2_76ea91122b43db0b8625408eea402f020f8adfa2","饲料粮","","ChainNode"
"b0f383ad-6916-5d08-9261-78f3c254986f","chain_node:v2_4e97e696dffe18bdc07732a5c96ea296e0e329d9","含氟制冷剂","","ChainNode"
"b0fb155d-20cc-513f-af60-e37475a25679","chain_node:v2_e9258e8d58de5e4b24f24ba53683af3ead349e46","酱油制曲发酵服务","","ChainNode"
"b100da9e-f88a-5b38-b5ed-44ab3ebb7f5b","industry_chain:robotic_actuators","机器人执行器产业链","","IndustryChain"
"b105267b-9cc0-5ca7-842e-35474697be37","chain_node:v2_47aeb07bbd57639b37b40dd16e54ad3c8e261039","工业机器人关节","","ChainNode"
"b1161178-02df-5816-89f5-357c7f9c0480","chain_node:v1_29c4cf15ea86dd7433b4921bbb72451b7d1472f1","电视机制造","彩电","ChainNode"
"b15d6605-df55-5647-a02e-5f4ad09bfc8d","chain_node:v2_2ac6ba2a61e52c8eb8ddd51c797a699859e3fb0b","烧结钕铁硼永磁体","","ChainNode"
"b16152cf-ec2e-56a4-8b6d-df856d18dec7","chain_node:v2_527192a0fd2e8cf2f00483aacd3d34c024a25bf9","基础模型API服务","","ChainNode"
"b1729eac-e74e-558f-ac64-2fac4a7ca6b3","concept:master_v1_7761930cf936fb69","富士康生态","富士康","Concept"
"b182b339-a928-5bc3-a9b6-4344062510f3","chain_node:v2_d7cad039b61e8d82a61ca7c03968f07337d29ddd","电工铜杆","","ChainNode"
"b183a328-726b-5000-af68-d7722686d898","chain_node:v2_621d0fa154c026b6a5a02d12ab8a48f9d592fb6a","含氦天然气","","ChainNode"
"b1a5c657-db26-59a4-b855-81db9e60271e","chain_node:v2_57129272541e7192aeaf9164636fd5eb664f576d","防务舰船系统集成服务","","ChainNode"
"b1ad53cf-fb47-5b44-91d8-dcb9716efaf2","chain_node:v1_607b4558533b24b14fa7e4d019b3d94c35962264","智能手表","","ChainNode"
"b1ae095c-e582-5ffb-be0a-f7a94c5eceb8","chain_node:v1_b80a73d5125f433d3bdb539e0c2c7b8be653064a","钢铁长材","长材","ChainNode"
"b1c2551f-bba8-5b35-909d-c7fe4f09edc9","industry_chain:ev_battery_recycling","动力电池回收利用产业链","","IndustryChain"
"b1d21dc7-86c5-5118-970c-a558f12e3d79","concept:master_v1_fe2dd0cdb2d1232c","快手生态","快手","Concept"
"b1deabc8-5cbb-5b40-9eeb-9ff7dbb62800","chain_node:v2_0a4e433bceefabb2e165f6cc57f6e757a09dfb21","小家电控制器","","ChainNode"
"b1e436a6-645e-5b09-9339-e1cc0cc42eae","industry_chain:financial_information_services","金融信息服务产业链","","IndustryChain"
"b1e6a3fb-2eab-52ff-9984-9fd7ce4e2a4b","chain_node:v2_6517b8beb31f5bc55d1c35d8576db01a51dcceb4","光伏胶膜交联助剂","","ChainNode"
"b1e6ea9e-61cf-5c57-8360-46af0caa13f1","chain_node:v1_35a3b3cd712367674a251d164945073e33984e39","维生素","","ChainNode"
"b1fdc78d-602e-5d8d-a9f4-933dc28010d3","chain_node:v2_e358b44e523ce1c9411e19a739953e944a87f002","熟肉热加工服务","","ChainNode"
"b2096ca6-cdf1-5698-9a1f-40c9620e29b0","chain_node:v2_48a668e68a15016d901f7ebf517b18330bd5cd89","智能家居网关","","ChainNode"
"b228ea8c-2183-5fc7-97eb-919224d1fdbe","industry:sw:workbook_snapshot_v1:750100","油气开采Ⅱ","","Industry"
"b241fddd-9736-52d2-b137-7a9e9041a751","chain_node:v2_4c5b544c6f429a55e41cff038c8e3913939690df","固态电池锂金属负极","","ChainNode"
"b262f1de-e2f4-52a1-9fd1-589e2c3c15f4","chain_node:v2_deaccaeac797286896e5757424c3462eda7f0fd4","商用车电驱动系统","","ChainNode"
"b2699ce3-6d01-5f4b-8080-ca3c032b99b9","chain_node:v2_d299399d14bce698908608de3831959200d773db","氦气液化服务","","ChainNode"
"b280d067-7b30-5669-b001-2803a75e2f44","chain_node:v1_4f634cfa431e36920b8b91609dd561f8cf544072","金属铜","","ChainNode"
"b28a1a59-a3c4-5354-be69-c614e6567bd8","chain_node:v2_62052a813342d87047ab09597639eca0f2d23a73","空间站交会对接系统","","ChainNode"
"b28a1d94-9c60-5636-aef9-d35265288617","chain_node:v2_3ca7fb7c89488e0c1dfd78c6f32864b278282ff3","纯碱","","ChainNode"
"b291ed8a-2833-5733-9a6a-e3590e46ce02","concept:master_v1_17d3c4298bbf9a1e","镍产业","","Concept"
"b295dff2-7e2f-5a0c-b17d-018c5a7caba3","chain_node:v2_caba38a66bdc2fc132847ad8dc64d57a9e605c10","客房用品供应服务","","ChainNode"
"b2a94b17-769c-5b24-9871-5d890e9f569d","industry:sw:workbook_snapshot_v1:350105","辅料","","Industry"
"b2aef277-c701-53c9-9a7b-be9e4a0fc42b","industry:sw:workbook_snapshot_v1:480600","其他银行Ⅱ","","Industry"
"b2b5d029-2645-56c3-8838-f82a42b777ca","chain_node:v2_c2498f3d102eb0382253a5127eea5575119172ea","超级电容用活性炭","","ChainNode"
"b2c6b7ce-bb38-5b87-b940-902eff9e9dd3","industry_chain:silicone_materials","有机硅材料产业链","","IndustryChain"
"b2ca735a-d208-52e6-ac95-f8fec6e44e81","chain_node:v2_1bb06bb01d63b346438454adc0fc32c1bfb678f4","自动化立体仓储设备","","ChainNode"
"b2cca23c-6a89-530a-bc4d-3c59cebb31c5","industry:sw:workbook_snapshot_v1:640602","工程机械器件","","Industry"
"b2e3c780-6959-5ce7-b1f8-54b2ecf390c8","industry:sw:workbook_snapshot_v1:370201","中药Ⅲ","","Industry"
"b2e95536-4e7e-5f83-9ddc-8b4a876adb1d","industry_chain:raw_material_supply_chain_services","工业原材料供应链服务产业链","","IndustryChain"
"b2eda08b-1f3f-5cba-92bd-c461bb132278","industry_chain:airport_operations","机场运营服务产业链","机场产业链","IndustryChain"
"b2f70e24-241d-51f0-8d5d-7809ca940ae4","chain_node:v2_f676b7f2fb59186b3b8dc2b407b5c5779e7f558b","TCR-T细胞工程化制备服务","","ChainNode"
"b2fdd1c9-dc93-59f5-8afd-256ed075b4b2","chain_node:v2_bffc6562be1b03d8e5745ff6de7193521a03b48f","旅游零售数字渠道","","ChainNode"
"b30bdfc2-0457-5cdc-9f23-a156b5b47de9","chain_node:v1_8100fd7843740e7bdf795ede3bfe5b9a22b582ee","生猪养殖","猪肉|猪肉概念","ChainNode"
"b313017a-ad05-5f19-8e7a-6eedef62391b","chain_node:v2_e140f9c2f2f5407088c2995cdeaffccad37d2d6e","聚合级丙烯","","ChainNode"
"b31389b5-37b6-5531-898c-5d990324a7dd","chain_node:v2_00149d7d61ba1934bf7d8a235bd32709f81cc39d","金融数据治理服务","","ChainNode"
"b3225ae4-f14f-5af3-b764-fcee12db5e3a","chain_node:v2_bb14da734d12bafb902cdd6bf3f8647d6c461173","在线随访服务","","ChainNode"
"b34400c5-7194-5a5d-b73d-8450cb85e7fa","chain_node:v2_81ad22a385a38827b41446fd9086c17968892186","SCR催化器","","ChainNode"
"b35ad949-52de-55d2-a6cf-07f4428fec2e","industry_chain:vehicle_exhaust_aftertreatment","机动车尾气后处理产业链","尾气治理产业链","IndustryChain"
"b370e5d6-dd84-55e0-b091-c3e5e9fd994c","chain_node:v2_f0af0f69c05366599e47f1b0a361e06805a35266","标准化换电电池包资产","","ChainNode"
"b3733a12-6b94-51a7-8719-9a4d626d0531","concept:master_v1_92f70315111db78e","智能电网","","Concept"
"b3970a5b-aa31-5743-b1e3-4cdfd35a71a8","chain_node:v2_df2963be0f6cc45bdaf43b3de4b04e50516d3b25","智能电视显示面板","","ChainNode"
"b39cb119-be8b-5639-afa4-51a46df43f97","chain_node:v2_b6af6a984150d10719b12631c52d6a0847806d02","城市运行管理中心平台","","ChainNode"
"b3a4fb03-984e-5712-bcbb-4dda7055a44d","chain_node:v2_19bb798159087b34f0e7a71ec945c499e6974fb3","管道天然气气源采购服务","","ChainNode"
"b3ba980a-6970-5068-a682-5c7bb4644845","industry:sw:workbook_snapshot_v1:640703","激光设备","","Industry"
"b3c354e8-edf1-5060-ad14-8e711913cf34","chain_node:v2_dd47990a7897f7bf325965afb58d98965d82b1af","锂电化成分容设备","","ChainNode"
"b3c3a45d-7355-5444-bc2a-2e9541efb2ab","industry_chain:heterojunction_solar_cells","异质结太阳能电池产业链","HJT电池产业链","IndustryChain"
"b3dce088-fcff-599c-99bf-46a9de1373d8","chain_node:v1_f0bb1d497295f78df386f6fc986df38ce924830e","碳排放权交易服务","碳交易","ChainNode"
"b3dd1a43-ccbb-5ae5-b97d-74d091528c0a","chain_node:v2_4ca7abfd35b1ca6c46338f382bc47d2a33cbfb9e","污水处理药剂","","ChainNode"
"b3e0b811-ece3-5a5b-8bd9-e1615e3bd049","industry:sw:workbook_snapshot_v1:220313","聚氨酯","","Industry"
"b3e3421e-887c-533d-9284-005d6d2d4516","chain_node:v2_28073da551285b24c34194bc0df19c6ba8d637f6","软饮料瓶罐包装","","ChainNode"
"b3ebf3e2-e4e0-5f3a-b064-a154c9f39ff5","industry_chain:consumer_electronics_3d_cover_glass","消费电子3D盖板玻璃产业链","3D玻璃产业链","IndustryChain"
"b41d1124-555e-59b4-8a3f-7bb25af8d000","industry:sw:workbook_snapshot_v1:460803","会展服务","","Industry"
"b42a1047-526e-5726-879a-5c03366d46c2","chain_node:v1_ac912698fe661c2e1894b4a91629c33f9c268d78","印染","","ChainNode"
"b42f536e-3bc2-564c-9ab4-5eb1c8b8b751","industry_chain:passive_electronic_components","被动电子元件产业链","被动元件产业链","IndustryChain"
"b432c2a4-d707-51bd-97b9-46d8ac4105b1","chain_node:v2_c63ff256abb5a668344297d2f15a05d87913b76c","分散染料后处理商品化服务","","ChainNode"
"b4331a40-10f0-5902-bc35-32f0d8a8f404","chain_node:v2_042c1584aa696dda489db80526109157cdd9bba2","血液分析专用染色液","","ChainNode"
"b4377cb1-a167-5a7f-99dc-84761df13024","chain_node:v2_57e29f13098012e9ca8ae76ef6d9f3f742d0b7ba","原水取水泵站基础设施","","ChainNode"
"b4449bc9-964f-5028-ba23-9b6b3a9a822a","chain_node:v2_a9e0dfb99ce11cfe3f903b3120a96a71beb6338d","乘用车底盘总成","","ChainNode"
"b451a09f-e7d3-5f49-80ce-55d9dab32e3c","concept:master_v1_79d479054bf77bb3","军工","","Concept"
"b45e58df-d436-5380-a5f6-1165fbd80be0","industry:sw:workbook_snapshot_v1:430102","商业地产","","Industry"
"b4638201-1d51-592f-9c42-a020c708ac9c","chain_node:v1_52290597f7dff2c02b4195cb42c3666997b95f75","半导体材料","","ChainNode"
"b463f04f-62d8-552a-a15a-26d2b63c4862","chain_node:v2_4612c73e5925417bb11949e5981dab74846f18db","粗铜","","ChainNode"
"b46ee108-3068-54b9-bf68-c1334ced355b","chain_node:v1_e596e2fb85d83be655030d273f59fb086fd28377","门户网站服务","门户网站","ChainNode"
"b48343d1-80b9-5103-abb1-a4f270602bb3","industry:sw:workbook_snapshot_v1:480400","城商行Ⅱ","","Industry"
"b4912f38-0d83-5367-a9c4-2dcdca10b521","chain_node:v2_ed5ad909c93cae75aac66f6e7572fb7ac95eca95","电动汽车换电站设备","","ChainNode"
"b49249b6-02cf-5cc8-ad97-e58f48d62d62","industry:sw:workbook_snapshot_v1:230302","冶钢辅料","","Industry"
"b498b96b-d446-5a72-9966-9b22cfaa1fcf","chain_node:v2_e5b047da0506ac9198adc4134051d0c71f99d542","近眼微显示模组","","ChainNode"
"b498f3b7-8d6f-53d8-abed-f87aedc317c9","chain_node:v2_56cf845c96d743eeee844d6b292eaeec164f6c96","OLED显示驱动芯片","","ChainNode"
"b4af2026-8509-58c2-9e30-a9760863ed5c","chain_node:v1_e550ec31de0088ca7c1a5aeb5dc0020b01c60d36","资产管理服务","资产管理","ChainNode"
"b4cad1ba-8aeb-5028-ba2d-586c4477b58f","industry_chain:crystalline_silicon_cell_metallization_equipment","晶硅光伏电池金属化设备产业链","","IndustryChain"
"b4d01630-4d82-56ec-832d-b76efefc1cbe","industry_chain:display_panel_photoresist","显示面板光刻胶产业链","","IndustryChain"
"b4e1258f-ed73-5ceb-b658-a7574d2ab048","industry_chain:aquaculture_products","水产养殖产业链","","IndustryChain"
"b4e888a2-bce8-5afa-8251-219d61e2d15f","chain_node:v2_c50cc7ca3961c24c86882f7c3496c8977372be93","复合肥配方造粒","","ChainNode"
"b4ec1a51-8aae-5994-b6be-313cdef24efa","chain_node:v2_8eb152e965ebb0c24444b24054b7fe575c6db067","单晶炉真空系统","","ChainNode"
"b4f993a1-fd72-543c-a1dd-46cb225b8103","chain_node:v2_e5d7ab6b16c44b6289b2ab1eae6e22c748b24492","外置激光源","","ChainNode"
"b4ff05b5-4241-5e9c-a688-67d45bac6461","industry:sw:workbook_snapshot_v1:280200","汽车零部件","","Industry"
"b5094a3b-4b7a-5f3e-bc36-a679c246463f","chain_node:v2_cad3ba9cbc1aecaf96e40d23d14275c9f6af1c92","重组蛋白发酵表达服务","","ChainNode"
"b530d126-69b8-5df5-ba47-a6ae967bf8fd","chain_node:v2_93b80d67e7ba8669f9dc5fd62459d10b727a9b84","改性沥青","","ChainNode"
"b535aaed-5662-5def-90e4-9bfa82031129","industry:sw:workbook_snapshot_v1:740000","煤炭","","Industry"
"b53653cc-cfcb-55e0-8ccf-4b5abf07e062","industry_chain:food_and_feed_additives","食品及饲料添加剂产业链","","IndustryChain"
"b536550e-f997-5e63-a78a-87d0872a460e","chain_node:v2_deb14ab95751ebffeadb37657a3831adbef12e2f","钢包耐火衬砌筑服务","","ChainNode"
"b53cf20e-91e8-56f2-90d9-7a85c0489454","chain_node:v1_be21f404058c12fb8f833ad2ff684859d70d943d","丙烯酸","","ChainNode"
"b541f781-b478-5d57-bae8-f03da1d664e3","chain_node:v2_3555514d14d58d62fb3cf185d680b37a56bdc6c8","精对苯二甲酸（PTA）","","ChainNode"
"b54267be-3b2a-5155-b57b-5a3749f4e794","industry:sw:workbook_snapshot_v1:270504","消费电子零部件及组装","","Industry"
"b544e5b9-3fa0-576b-8b52-b96dd8085cc9","industry:sw:workbook_snapshot_v1:620300","基础建设","","Industry"
"b5516281-3abd-5bcd-be97-cc08d0345b64","chain_node:v2_ae8499dedfa9eb27ad191b97e014b23be0c57f2f","投资研究服务","","ChainNode"
"b59490c5-f76f-50a2-9951-ce7d03d80e4a","chain_node:v1_0ec0d819bcdbc317277ddf04bb24f5146a3313f3","企业培训服务","","ChainNode"
"b594de84-3c0c-5bee-a986-47b37aad5544","chain_node:v1_ce44a66c92016863e5fae99ffbc25dd25da8ac44","定制家居","","ChainNode"
"b596494f-5961-53dd-9dc9-8aa8a179a470","chain_node:v2_73fb250bdcb6b7628d04e898b356798370ef5690","MDI异氰酸酯","","ChainNode"
"b5ca283f-b951-5ff7-9031-708fb314a080","chain_node:v2_da1c815bb6b6da81b6bfa43589c97faeb0ea663b","再生含锂原料","","ChainNode"
"b5e083a9-e544-518b-80c3-81a61e8f4a89","industry_chain:ai_accelerator_semiconductors","AI计算芯片产业链","AI芯片产业链","IndustryChain"
"b615bc44-8474-5620-a7be-c59bc455e556","chain_node:v2_08b1d0eaeaed53e4fd8ea35124f0356fa4a27a75","高纯氢气","","ChainNode"
"b6409374-b5e0-5f16-948a-9a310b144142","chain_node:v2_47fe73e313f486635abd4de413a5eb70c12b713c","在线药房交易履约服务","","ChainNode"
"b64691a2-f5a2-5340-aefd-854a1dc4223f","chain_node:v2_472ea357311871ca407651fb39a3c9b3b180e70c","热泵压缩机","","ChainNode"
"b6517f9a-0601-5b8c-b540-5b9d05791ff8","chain_node:v2_78512a903775bd8e7c8d95869189f9b5e6b7c47d","井口天然气","","ChainNode"
"b65a5347-d80e-5fda-abe8-d0f7b78aabba","industry:sw:workbook_snapshot_v1:640105","制冷空调设备","","Industry"
"b65ce954-678c-52c8-8b10-e3692d239344","concept:master_v1_f049a69259eb0952","语音技术","","Concept"
"b66447a1-5bca-5723-8913-306b16fd3074","chain_node:v1_5381c557d5df08594601d687e87989017ff3111f","煤炭开采","","ChainNode"
"b66dd889-1d4d-524c-aee3-c1fadf55a5da","chain_node:v1_1f576fc6089ee12d0e98a823dc4738c7c9ac5a9a","小家电","","ChainNode"
"b6821db3-7d62-5580-ba50-e2429e5fe8d8","chain_node:v1_c3a375f2f2392d8c7fc1d55b6d775861f31ed25e","制冷空调设备","","ChainNode"
"b6898626-7fc7-5bcc-9f38-9465dda753a1","chain_node:v2_7b11d8cadd1290339dfbc1ce9f6ff83522a9f118","MiniLED背光液晶显示模组","","ChainNode"
"b6934c53-fc27-515c-88df-075bbba64ed1","chain_node:v2_f89bba5d284240a5eb6df5c4a6c455b7b923e001","支付结算服务","","ChainNode"
"b69e89b4-94c6-5d25-9979-36a097171619","chain_node:v2_eea1ea721c6e30890965dcc0f5fc42d44d57dbf0","钢铁耐材用鳞片石墨","","ChainNode"
"b69f1bc6-6b36-5067-9bdb-c2e8d503ef3f","chain_node:v2_29b2f2cfc65451424abc2066044a42c53c9acbda","中药材","","ChainNode"
"b6a0ce61-c928-5af0-bea7-ddc7d1aa9e6e","chain_node:v2_9273d97fd3cf10f84d310cae497e4d6e99615b8a","城市燃气供应服务","","ChainNode"
"b6a2fa59-f756-5e28-b3e0-871dd66271d3","industry:sw:workbook_snapshot_v1:110201","海洋捕捞","","Industry"
"b6b7763d-de72-5b60-bce7-ef632260a2ad","chain_node:v2_dd4654cc97c3f37013d28b1d8d11a4dd93c276a6","葡萄酒酵母","","ChainNode"
"b6f48f03-9847-5620-a4e7-8a9d171441e2","chain_node:v2_a27add17d22ab042c172faf6af9c9f65ad2965e2","维生素C合成纯化服务","","ChainNode"
"b6fbd860-5ee2-5a35-b98a-e128518eaea9","chain_node:v2_17ac39dda97c7c7bb3725b48dd88ed8acecaaf9e","燃煤发电服务","","ChainNode"
"b7091f1b-2ce8-57d1-a9f0-40be629b8d42","chain_node:v2_7467f4cdda0e147d6ff2f92237f44a463a46a263","物联网传感器","","ChainNode"
"b710b71e-1ecf-547e-b15b-0d15832be519","chain_node:v2_b2a3db43cc79c78e7f5ad9e2c4c08c619d894ce9","数据授权运营服务","","ChainNode"
"b717b47e-728f-58ba-b52f-111849269127","industry:sw:workbook_snapshot_v1:240400","贵金属","","Industry"
"b71f9ad5-b0da-5023-868f-02d3bc74db6c","chain_node:v2_bdb30dbb279a3872b9b14721ded1e819411f49a8","纯电动汽车热管理系统","","ChainNode"
"b73979c4-a085-5820-b868-6adb20e75a86","industry:sw:workbook_snapshot_v1:270105","模拟芯片设计","","Industry"
"b73c1a3d-cd09-50a4-a197-1089f8c8abf6","chain_node:v2_8ab1e1d18ad962a43e50cebd8d6946849db11e58","分布式电源资源组合","","ChainNode"
"b73f39fe-2cf1-5391-94d4-ea913bb75e17","industry:sw:workbook_snapshot_v1:450302","超市","","Industry"
"b7475b58-1309-5e73-9bd5-31f0a1c03f23","chain_node:v1_577e28a71704d52936ec13e8e051da94f8af6d94","盐湖提锂","","ChainNode"
"b7487191-4fac-54a7-90db-ccb67c6e7675","industry:sw:workbook_snapshot_v1:630602","风电零部件","","Industry"
"b74df818-dbe7-55a7-af04-b5a02da3451d","chain_node:v1_e48517e72b62b13451850ed5431346196db409e7","桥梁工程施工","","ChainNode"
"b75f5acc-6613-57db-a0c7-0e58ac0986c6","chain_node:v1_9479ac2f28a8f2324f4f095804a18e1c766e3bfb","车身附件及饰件","","ChainNode"
"b762b3df-23ca-51c7-93d5-91b6d15d1beb","chain_node:v2_3596ed910b95a14d6550f6e8e8991e00786982e1","电池黑粉","","ChainNode"
"b776f45b-262a-5675-acb2-2e71403ab1a8","chain_node:v2_8773b0d5ce4f684de19c1171c06adf18c88c0043","电商支付与物流接口服务","","ChainNode"
"b78a0c26-1061-54ec-a2c7-e2b97c94287d","industry:sw:workbook_snapshot_v1:340401","肉制品","","Industry"
"b7a43442-dd73-5b73-aa3f-24bed6ffd6c2","chain_node:v2_7e4f95a08ee6372b22a723f8e4048a518d655427","无人零售补货运维服务","","ChainNode"
"b7b012f6-93d2-5ffb-b070-f0ada57a09c8","chain_node:v2_a657acc2ef3216c210262db0c725518d919f1e2f","酒类产品","","ChainNode"
"b7c9ac54-772a-5f7d-b8c9-25cea3ef8421","chain_node:v2_b7e6af24147f3af9768917c9c3f62a97a5817057","葡萄酒发酵服务","","ChainNode"
"b7ddba5a-828c-5a6c-a05b-d8da1e0bbaee","chain_node:v2_f05bc4f7c9543ff6712b164c98ee3f825f269eb4","生态种养服务","","ChainNode"
"b83615b9-7b7d-500e-8be7-35995817f0d0","chain_node:v2_121747274dc34d7e13a014ea78d6d9d8393232cc","养老服务","","ChainNode"
"b83a32f9-d303-5a3c-b1d3-50862ab06e0e","chain_node:v1_1674b06f5525ce97a46033249adb3c055a38d1f3","无人机","","ChainNode"
"b855c1c5-9f25-5f9d-9a63-034d414ed9c1","chain_node:v2_7892f876d35e753be92f3e1313875f2b2d6b42df","双馈风力发电机组","","ChainNode"
"b8649744-d8b9-57fa-94bc-a11b9517e3d4","industry:sw:workbook_snapshot_v1:370504","体外诊断","","Industry"
"b87e68e5-aeb0-55aa-bf2c-ed7997b17579","chain_node:v2_07b758815de78c50dea6bd5bfdab78cb78075a54","旅客会员运营服务","","ChainNode"
"b88190c9-4d10-54b9-ac22-c61372a8cb93","chain_node:v2_f8f40f4c5c9004668ce0dae18dff9ad0506d99e0","城市数据平台","","ChainNode"
"b8ab3aa3-4ccc-57a0-92c8-8f4328ddb914","chain_node:v2_51b7f82c1af5825c2e1a85ebf629e8af34ae2254","一体化压铸车身结构件","","ChainNode"
"b8b17ccd-7f6d-58e3-a049-435982eab1e9","chain_node:v1_3fbb2697d5147ff13bb68517264f2d7496cc4f7e","房产租赁经纪","","ChainNode"
"b8b7814a-6b3a-5820-b6cd-79cfe567b11b","chain_node:v2_2cd6c8d5a5d931cd31ee7424ad17be075f451e7b","工程机械液压泵","","ChainNode"
"b8bab943-ce44-5ffd-aea0-aec4d3e377fe","industry:sw:workbook_snapshot_v1:270000","电子","","Industry"
"b8c5a0af-6b1d-5b65-b763-2616a2b8c8b8","chain_node:v1_441d5dbda2ff6aad74a454491fb18399ab669e02","光纤","光纤概念","ChainNode"
"b8f6af4e-579b-53ee-85c7-a85aaea411bb","chain_node:v2_8783b4f5dfb83c216848ef3cbed63effec21deb7","小麦制粉服务","","ChainNode"
"b9156194-68e1-5e58-9ebb-a1da547d6fb5","industry_chain:power_internet_of_things_systems","电力物联网系统产业链","","IndustryChain"
"b91ea83b-fcd1-5b54-8e36-ebf3af95ea92","industry:sw:workbook_snapshot_v1:110900","农业综合Ⅱ","","Industry"
"b934d9ec-8d0d-523b-84b2-8ef355c8189c","industry:sw:workbook_snapshot_v1:721001","电视广播Ⅲ","","Industry"
"b9380892-dadf-57ca-91b3-b71f57f7424b","industry_chain:iron_ore","铁矿石产业链","","IndustryChain"
"b93f158c-c00b-5c02-be9a-51bfe93399df","industry:sw:workbook_snapshot_v1:220406","锦纶","","Industry"
"b94facbd-c045-5719-8d42-f8509bab088f","industry_chain:watches_and_clocks","钟表成品产业链","","IndustryChain"
"b9500061-8d20-5db3-af6c-20a4227e6a75","industry_chain:navigation_satellites","导航卫星产业链","","IndustryChain"
"b96111ff-0f8a-5b98-a564-3a6e3b54a17e","industry:sw:workbook_snapshot_v1:280206","汽车电子电气系统","","Industry"
"b97a7956-1145-5d59-82c2-59eedb757782","chain_node:v2_144def07f11553882d818ccd99ec685db2148b31","智能眼镜电池","","ChainNode"
"b98acc05-fec5-57ba-a69f-7d3d6ecb48db","industry:sw:workbook_snapshot_v1:220204","其他化学原料","","Industry"
"b9a2e55e-654f-5e19-bf3b-a0714cd2c6c9","chain_node:v2_064b2545d0e2ac546b4333af0e929ff7825db90c","电解铜","","ChainNode"
"b9b1ff1a-95f6-5f68-9683-abc30342a70f","industry:sw:workbook_snapshot_v1:410110","电能综合服务","","Industry"
"b9b509e5-2058-55d6-a35b-856aacae5be3","chain_node:v2_f6f1b9fb287ca859fe4daddb742fa43dbf6d34ee","超市零售数字化系统","","ChainNode"
"b9c32234-c0f6-5ccc-9d67-e9094737aaa5","chain_node:v2_b33ec5c0a2ee8a30c73aa126d26a96012544bf9a","6PPD防老剂合成服务","","ChainNode"
"b9c7d473-c417-5bc9-8e61-c5f67eaaf483","chain_node:v1_98c8fda59ed865ae063f4fe33e5dcd9d38fddf88","柔性显示屏模组","柔性屏(折叠屏)","ChainNode"
"b9f2beb3-b8fd-573e-97c2-3b077e936d35","chain_node:v2_deff9acf59509dbeee73c6da4be8390bcf76fa78","在线视频媒体平台","","ChainNode"
"b9ffc9f6-284e-5d04-ac15-897bf110fe65","industry:sw:workbook_snapshot_v1:330402","卫浴电器","","Industry"
"ba02991f-d25d-5f2d-84da-e94af17d07ea","industry:sw:workbook_snapshot_v1:340900","调味发酵品Ⅱ","","Industry"
"ba0e0f14-f527-5657-afd2-0ab6a55891ec","chain_node:v2_a994940cf427b46fc901543b6824372e915d51f4","钕铁硼合金熔炼服务","","ChainNode"
"ba2f6bd0-266f-5af2-b027-a8fd58c9104f","chain_node:v2_391cf91326f49c6e4a90505415261c94f47eed1e","葡萄酒灌装包装服务","","ChainNode"
"ba6792c3-7b54-5018-a413-001c0b155934","chain_node:v2_7419f612a9ca008b47afa4f79ddea7d759948226","船上水产保鲜服务","","ChainNode"
"ba6c810d-12e5-5028-af71-673150c15d11","industry_chain:ai_personal_computers","AI个人电脑产业链","AI PC产业链","IndustryChain"
"ba711c3e-9610-5bbe-add0-8f72855748c7","chain_node:v2_da0fb9d76bc13b44eff768be736fffae02db9e12","建筑门窗安装服务","","ChainNode"
"ba973581-e252-5646-9321-b330f1b2576e","industry_chain:commercial_crop_seeds","商业化农作物种子产业链","种业产业链","IndustryChain"
"baaf8c22-c58e-541c-a521-e7ecf512d0a4","chain_node:v1_440380b1f4936329e1262dfbfed398640b9e21e8","卫浴电器","","ChainNode"
"bab0cf78-409d-5812-a4bc-e78a5b972348","chain_node:v2_4c7dab56bb049c1157f7e9b0f014328050cdc833","箱板纸","","ChainNode"
"babc4f66-bb45-59b8-af9e-7d73672101fc","industry_chain:helium","氦气产业链","","IndustryChain"
"bad01310-5126-5423-9b74-afc065523fe0","chain_node:v1_2f031240dbdf3970547eb302d6f6e3e24ed8e045","光伏PVD设备","","ChainNode"
"bb096ce5-40b6-5feb-9d07-0db6222fc688","chain_node:v2_e633431524f20226a3f7d8f12d2fce7cddd4335f","道路施工机械设备","","ChainNode"
"bb143a55-7235-5f91-8a02-070c9f21123f","industry_chain:pet_composite_copper_foil","PET复合铜箔产业链","PET铜箔产业链","IndustryChain"
"bb1d4e64-5025-5c2a-9d57-7a414509cb20","industry_chain:industrial_gases","工业气体产业链","","IndustryChain"
"bb306530-4442-566a-8524-fe3de60b7908","chain_node:v2_442c0ca749f6e3845efe19b2eeeab2cabb0b0ad4","袋式除尘风机","","ChainNode"
"bb3e001c-5a52-5b08-bc63-dd7ff7735f9d","chain_node:v2_63294ce68585dc520b01726d28a4802c277a7f5f","碳酸锂沉锂精制服务","","ChainNode"
"bb428389-707b-5827-8cb2-82c4c772fb95","industry_chain:under_display_camera_modules","屏下摄像模组产业链","屏下摄像产业链","IndustryChain"
"bb4aa165-bfa8-579b-8f66-658b9c72ac82","chain_node:v1_2010636cf4d2169143eb40a512e5d233c5045136","楼宇设备","","ChainNode"
"bb4f9808-6f8d-5796-94e0-7c4f41c1d22e","industry_chain:nuclear_radiation_testing_services","核辐射检测服务产业链","","IndustryChain"
"bb636883-dc95-5a58-84c6-60eeb6c85fa6","industry_chain:immunoassay_diagnostic_reagents","免疫诊断试剂产业链","","IndustryChain"
"bb652c82-84a5-5108-94c5-df3d511d86cc","industry_chain:memory_semiconductors","存储芯片产业链","","IndustryChain"
"bb709ccb-1b7d-5fea-af72-2c233cc7385e","chain_node:v2_41180436124f2a291d39161bd229af03a619ff37","炭黑原料油","","ChainNode"
"bb71da0a-04ce-5926-9db7-197a4a60cdaf","chain_node:v2_ad46900be6d34783f3a818ea185a60ba8e65be23","工业机器人伺服电机","","ChainNode"
"bb96748a-a046-544d-aadf-5c950bfdbbe1","chain_node:v2_e016e972ab0bd2f62c56ed5d8fb336c62c7ba371","数字音频媒体服务","","ChainNode"
"bba7e97a-ec1b-5916-8aba-a89b5a0f650d","chain_node:v2_ce0ceb9dba607533c57d63042ead174180aa2b6f","国际工程调试运营支持服务","","ChainNode"
"bbbc17fc-36de-5b1b-9e8c-2870e2eef49e","chain_node:v2_d0b33be0a20a6605e27e6e33cca176eb24834624","医用生理参数传感器","","ChainNode"
"bbcb87b2-88e1-50da-8c72-a424de73e7b0","chain_node:v1_b82c7509a3aa6cdce95ae02383099f851b9dc50e","航天地面测控系统","","ChainNode"
"bbcf37f2-dfb6-57fd-be7c-2e539a953b83","chain_node:v2_73b9ff0ac4a992d38246011d22cb672f95cdc9e8","文化办公用纸","","ChainNode"
"bbd04082-3283-583b-862e-47c70c1b6803","concept:master_v1_f0b163c0087612c3","拼多多生态","拼多多","Concept"
"bc18f2b5-252f-596f-b7fb-da5d4d9e8a62","chain_node:v1_9b104c65f9735af0458acf58ab7cb3aa70d601b4","电网设备","","ChainNode"
"bc1bb9c6-44a1-5228-8553-0c53dd9abe62","chain_node:v1_8eaead688459cb1c882a416c7dcc8ee04c95f45c","家庭医生服务","家庭医生","ChainNode"
"bc1f0b44-e47a-5d44-a998-9dfceb3e5e9a","chain_node:v2_c73912de2a0866fb1acd3b4960a03537a7066e79","8K图像传感器","","ChainNode"
"bc2054ff-4479-5d77-8c5b-0a80d646dab8","industry_chain:paper_packaging_products","纸包装产业链","","IndustryChain"
"bc2c6097-60b5-56c6-8323-8a32d6995ae5","chain_node:v1_9b00e000baa4c67a345e1d69118e40bc5fa0b511","无线耳机","","ChainNode"
"bc3f504d-51b7-53c5-8875-e95f00b19d56","chain_node:v2_04e078659aff00d042274083697621fb65e17228","晶圆厂验证ArF光刻胶","","ChainNode"
"bc515047-1b68-5c99-97aa-ac83ef0bf2c2","chain_node:v2_fbc05b1d1ef86fe014f81b731ce4cc63728d4e44","军用雷达信号处理机","","ChainNode"
"bc628845-81a4-5e92-859d-cf57091f71b3","chain_node:v2_175ef617ceb66f5e66007ea875d24ffbd39edc92","植物提取物","","ChainNode"
"bc628d83-e534-5179-8acc-71b7451d0416","chain_node:v1_4a51b2bb143e8face7f1e939e8e2c531bc71192a","热力服务","","ChainNode"
"bc94f7da-0469-5606-a95a-34b8a03417e3","chain_node:v1_671429f74b9efe524ec1b91292f84b9d19b63005","学科培训服务","","ChainNode"
"bc980de0-f80c-5ef5-9078-edaab3ddd733","chain_node:v2_4da04260e70fb1a9f2f1daf15a703736e91f0061","CMOS图像传感器","","ChainNode"
"bc9ca248-cbcf-5b80-8daa-f36927849a8f","industry:sw:workbook_snapshot_v1:350303","其他饰品","","Industry"
"bcd02576-2390-52f2-918a-87676c7fc2a3","chain_node:v2_6dff79ba17856477aa4be2823b24ddb230171600","合金结构钢棒材","","ChainNode"
"bcdae9f0-ad64-5b44-9155-26d1e227ecf0","chain_node:v2_6cd43a9352501aa8e651c71584b51982a3fef850","F5G全光接入网络","","ChainNode"
"bcf5244e-3dd2-5dac-95fa-0cc9ddaf970a","chain_node:v1_1ca4a82159b25d4ce401b019e73748af4cd54ba7","光通信模块","","ChainNode"
"bcffa545-dd2e-5a79-8587-5bc2e0e14c96","chain_node:v2_2cd85f9b115656e48d96a068b36826e019447f9d","包装印刷油墨","","ChainNode"
"bd1ea152-9565-533a-89b5-c16c11c80411","chain_node:v2_c93adaf216585fd9fc021e4baa09f1d737e3ed2e","核酸药物注册审批服务","","ChainNode"
"bd20a30c-16f7-5788-beca-0e3a566b57d7","chain_node:v2_4dc8b915881aad81285cb4d74e0f327a64c157fa","机器人执行器系统测试认证服务","","ChainNode"
"bd275c4b-76e3-507c-b95c-c7722b66356d","chain_node:v2_261ca42e85d1de4bd1156e925eb8568eaa0c21fb","农药原药","","ChainNode"
"bd2edaaa-5d84-576e-b080-0c8b5d34d2cd","chain_node:v2_b8144e8f6a7dd7090fabf3964117d822b0f7a6a4","增材制造材料","","ChainNode"
"bd3898d6-d9bd-50f2-8325-854228bcaf44","chain_node:v1_c5b51d71e7a68809b4b193c4bd55777eb77198b5","软件开发服务","软件开发","ChainNode"
"bd415cd1-66af-5802-8f00-2771cbdeafb6","chain_node:v2_55bdfb65ae309eacb63f24387ad58cfad12543e3","游戏主机主板","","ChainNode"
"bd4ee118-16a9-5329-a83c-640a19db4447","concept:master_v1_36591c28e5eb4524","ChatGPT生态","ChatGPT","Concept"
"bd5373b6-ce30-5f10-b80f-4a5fd695230e","chain_node:v1_6f454c002ccb9a8f2dc708b8ea29c88aa74836a0","IGBT","IGBT概念","ChainNode"
"bd54ed06-dbd0-576f-82da-9102973f41d2","chain_node:v1_6c3204ee3dbd4c868bed2d9215cdd4a4b04fcb96","工程机械器件","","ChainNode"
"bd6b9d08-69c5-5710-90f4-de4c9117ff54","chain_node:v2_56310ac7ac9548d08c310307e7826dd47a42124b","塑料包装印刷油墨","","ChainNode"
"bd7729f4-d82f-5d9f-9d70-b4e996beb970","concept:master_v1_6bb44fd53d7dcefb","智能穿戴","智能穿戴概念|智能可穿戴设备","Concept"
"bd7e727e-b362-5a5c-939a-6ada10c33f78","chain_node:v2_cb8fd2b6e457a74186723ffde8c936ffe5c2949d","房屋加固设计服务","","ChainNode"
"bd86d122-ce15-5ecb-9068-d84346102fa3","chain_node:v1_af0cb3e9d0b1559a7e98e26f5742213b3b5e2ac7","军用固定翼飞机整机","","ChainNode"
"bd8756fa-2f75-567a-a5cf-280eba5b88b9","industry:sw:workbook_snapshot_v1:740201","焦炭Ⅲ","","Industry"
"bd90f96e-f4e6-535a-bf41-80980387cdeb","industry_chain:smart_terminal_face_recognition_modules","智能终端人脸识别模组产业链","","IndustryChain"
"bda85ab6-870c-53f3-8f7f-4b387b3466dc","chain_node:v2_030a1c774201c54802d9bd68f8f7919d6bed980b","低轨宽带通信卫星","","ChainNode"
"bdb4f0e0-491a-5a99-8bbd-ead19533184d","chain_node:v2_135ae50d7415ba9022b0f9da3c47f75c1254707d","兽药注册审批服务","","ChainNode"
"bdca0232-d2b2-5f5b-b9f3-6bcee9acc7fb","chain_node:v2_338a93cf22a8436e99567b40a4a54f18fc029869","自升式海上作业平台","","ChainNode"
"bdd5261b-3f25-53f5-9898-98e3d4672437","chain_node:v2_e60ead6986d41d99b9cd21b9cb160f87d35887cc","透明导电氧化物（TCO）基板","","ChainNode"
"bdd8133f-96ed-520b-ad16-5b0dd02a4cea","concept:master_v1_6bbcec47abdd0307","DeepSeek生态","DeepSeek","Concept"
"bde42558-8a85-5068-9b33-aec3256ddb1f","chain_node:v1_573c317fc60db89d8fd5eaada326fafb2f400e43","磁性材料","","ChainNode"
"bdfb6385-8d54-5a00-96e7-c320c7b38d36","chain_node:v2_771c458a1cd0e6739300e562f9b9de2c4c19d11a","数据安全运营中心基础设施","","ChainNode"
"be05570d-f00c-5495-81bc-275442747abd","chain_node:v2_4d2853b6baf23e8e824cf317bb1ebc4cdeed84a4","消毒用乙醇","","ChainNode"
"be33196b-de47-5fc5-94d5-1aa76196a6ce","chain_node:v2_a6fefd6d10b100368986f56d36e4bacc3b03242e","PCB多层压合服务","","ChainNode"
"be40a6be-b6f9-5e0b-88af-d5fa715d772c","chain_node:v2_c9424e4c6f92f573f5c8beef7623a70075f5ec91","在线教育服务","","ChainNode"
"bea2941f-edb6-5b0b-bb56-fc6af2f15ff7","chain_node:v2_29df4f24ff8623884581bf39e191773e046d62ef","工业水处理药剂","","ChainNode"
"bec871b9-1fe7-599c-a07c-91b158b885f8","chain_node:v2_ab6dda478a515cc02e12f2eb3093fb16b9bea100","成衣","","ChainNode"
"bee1279f-ccf6-5736-9af5-84783abb811b","industry:sw:workbook_snapshot_v1:421101","航运","","Industry"
"bef46c86-b944-5b61-b2a1-8b37e8b437c1","chain_node:v2_a67e9ea909893c6fadf809b11a795ef8f9f68513","市政给排水管网安装施工服务","","ChainNode"
"bf065f2c-c04c-5dce-9f67-15d744ce104c","industry:sw:workbook_snapshot_v1:350000","纺织服饰","","Industry"
"bf0e16a3-65d7-54f7-91a5-2152c03d9ee9","chain_node:v1_9fa72e36f5a7acd6300a559e53abbcbbae127754","光伏发电","","ChainNode"
"bf18e2cd-b93a-56f7-a722-0076c2da1330","chain_node:v2_1c78cbacca4b92cb8c3fe505f13986cf565dfe3e","出版编辑校对服务","","ChainNode"
"bf1f3082-624c-537a-a784-293659ecdce3","chain_node:v2_2691e0d6dcc79dbd6a6fbc03990e6a7a442ced34","支付清算服务","","ChainNode"
"bf209b90-4102-55de-a6e2-592b9db73cce","chain_node:v2_45f0a2988f09e5cd82b2569ba157a0346599e9f0","通信工程物料采购服务","","ChainNode"
"bf21214a-4f8f-5155-b51e-1a8ef1a3375e","chain_node:v1_ce8ce09c94edcb227ba159e2bf9252540159be6e","膜材料","","ChainNode"
"bf26dbf8-38bf-5be9-9824-f14bc42a3a52","industry_chain:office_binding_supplies","办公装订用品产业链","","IndustryChain"
"bf2f6e24-309d-5265-bb7f-f3dc320b2f94","chain_node:v2_751d870a45795d6d3bc7c724a2eb7285be5f7cb7","电力系统工程交付服务","","ChainNode"
"bf6b0a76-a2db-595a-81a5-6ed4b8b33b33","chain_node:v2_06cdc4357fa6ad81c2b87c677d6ec7b9ba8ff6b6","MOCVD外延设备","","ChainNode"
"bf730995-18b8-57b1-90d6-ea87ece1fb0e","chain_node:v2_5f8b6e44f7a6c1c6b5a46fb04534bde87b54e045","社区增值服务","","ChainNode"
"bf8980f4-1397-5f27-b879-877e11c32454","industry:sw:workbook_snapshot_v1:630101","电机Ⅲ","","Industry"
"bf964c9d-4b64-5e92-838e-ac995c3b57c5","chain_node:v2_a67dfb6d9b08e2fa64cf3f894bbe06706f0f4d1d","金属切削刀具","","ChainNode"
"bfabcfb6-9eec-59b2-8b53-eb7b5ddbe65c","chain_node:v2_abd03d4f69ae5acef54ae3d9ba0dad6b48114d09","人力资源合规与薪税系统","","ChainNode"
"bfaedf37-7490-5693-9ca1-9ea9c92f74ae","chain_node:v2_139b725ed6dedc57d8d6c824b89e7d2e0abb6c10","siRNA递送制剂生产服务","","ChainNode"
"bfc0138c-5e81-56ed-967e-cb471950b373","chain_node:v2_2802fa5f602f56289ba896716959d63ded133405","MLCC介电陶瓷粉体","","ChainNode"
"bfd17ae9-0d74-5fb8-b43f-3206fae8a34f","chain_node:v2_3286a93b7a73f0895a19bc52ffa7a38dea4ab75c","煤炭采掘服务","","ChainNode"
"bfd830b5-e7a3-54e2-8678-600b5d40e188","chain_node:v1_493990d76d57ff278d575c698b83795b5b5ddc17","汽车一体化压铸","","ChainNode"
"bfda5520-49ab-5914-9cd8-fd327305a92d","chain_node:v2_c75f3351386482ce0289d7949976b2beccf70cb2","帽类辅料","","ChainNode"
"bffc24f7-ee58-5bab-83d9-91655dd7422a","chain_node:v2_6864240a7e4553ef4a4af9fc75adedee889cf322","AI服务器","","ChainNode"
"c006ae55-0b26-5bf4-b785-1b98db6b1a49","chain_node:v2_0c589459dd8507c7c18bccec5023e44aa42037b9","粘胶纺丝后处理服务","","ChainNode"
"c041c4d9-25de-5c74-8834-996f2383adae","industry_chain:5g_mobile_networks","5G移动通信网络产业链","","IndustryChain"
"c06b4acf-11aa-59d1-a8e1-64cacd497155","industry:sw:workbook_snapshot_v1:330701","其他家电Ⅲ","","Industry"
"c0b12549-d8da-5aed-8ac3-e02a40755b60","chain_node:v2_ddf9c3be0ea0df855caec17e1e0681a49595bf80","动力电池电芯","","ChainNode"
"c0cb63b1-4b92-5e53-98e2-003ef722b2f9","industry_chain:facial_recognition_services","人脸识别技术服务产业链","人脸识别产业链","IndustryChain"
"c0e55f39-2009-5632-9347-fdf7d3c3bb6d","chain_node:v2_84c217414a6f5294ca4889355a969d559d5a81fe","核污染环境修复综合服务","","ChainNode"
"c0ee177e-902e-5075-8a50-90e30cc4bf47","chain_node:v1_2bcaa23cd2598518bee2716b92dcad3fa34020c4","高压氧舱","","ChainNode"
"c103dfc6-d46a-598c-8a89-f1accefe1a23","chain_node:v1_9f8d394ef97ec7154c9543e9e25d03c8607815a0","发电机","发电机概念","ChainNode"
"c1083028-8035-51bb-b1fe-4606c6a80c06","industry_chain:fruit_and_vegetable_processing","果蔬加工产业链","","IndustryChain"
"c10952ef-ab3a-529c-a299-072e8887181e","industry_chain:soybean_products","大豆产业链","","IndustryChain"
"c10dc14c-fecd-5a8f-9e04-99af309150fc","chain_node:v1_d54d31750a57c06424f86a42f119c707532ab94c","煤炭洗选","","ChainNode"
"c113301e-52ad-5cbf-b36a-cfa459e8a476","industry:sw:workbook_snapshot_v1:630100","电机Ⅱ","","Industry"
"c114576b-6048-5f9c-a96c-30e87f9a5268","industry_chain:home_appliance_components","家电零部件产业链","","IndustryChain"
"c11e0ea9-9886-5d96-a7e2-878aab855948","chain_node:v2_250dc8168e732730029957a9d6e2c00a1a689e65","非学历培训教学场地","","ChainNode"
"c128a349-8cd3-5461-b3fc-de5afb986e15","chain_node:v2_6cb1b59415fd7a45c697f6e4f64c694a9b8a4012","电能计量校准服务","","ChainNode"
"c12e700b-e065-570f-b621-1ddfd86be5f5","chain_node:v2_a4bc46dcb7b05474bc2092db380152277a309d77","VPN加密协议软件","","ChainNode"
"c13cb6e7-9127-576a-914a-83f053b066e4","industry:sw:workbook_snapshot_v1:220505","膜材料","","Industry"
"c144f725-2b97-5417-b18a-b893ef699720","industry_chain:smart_streetlight_poles","智慧灯杆产业链","","IndustryChain"
"c15425e8-4c44-510b-b3e3-32d849bbe206","chain_node:v2_b63350db3e11d09e01b1d0dea51bcb565dcfba11","桌面游戏印刷纸张","","ChainNode"
"c1587eaa-6e76-5bf7-ada9-a0776c37ad08","chain_node:v2_108c0f0086990937eca1362829ce86438b3e82ca","动力煤矿山资源","","ChainNode"
"c16e7009-0d0a-5a1d-87cb-043a30cad3e8","industry:sw:workbook_snapshot_v1:460802","检测服务","","Industry"
"c194a06f-d787-5844-95bf-032f9928acd3","chain_node:v2_0f124441302ae47152bff5fdd1cc0c778e06f78a","帽类面料","","ChainNode"
"c1a96c1b-8c6b-501d-9c8b-dc565a0c5d6c","industry_chain:molten_salt_thermal_energy_storage","熔盐储热产业链","熔盐储能产业链","IndustryChain"
"c1d5b839-bcf4-5bfd-99d8-755753b12060","chain_node:v2_b7e9e7d19a9dd8ad93336919e4f0dbc4a2353f01","非运动成衣制造服务","","ChainNode"
"c1d8cded-596e-573e-a41a-4123de6ebe25","chain_node:v2_1c9b5fe8e1f9174d7470cd3c88569a8b0712ed37","空气原料","","ChainNode"
"c1d96681-f87a-5b93-beb6-6ad936b2af52","chain_node:v2_c3cd4d3120d1029f3322ec10113d3c034790a7b3","模型注册与版本管理系统","","ChainNode"
"c1dd1c70-db33-5315-a375-2d14726ff1f1","industry_chain:aero_engines","航空发动机产业链","","IndustryChain"
"c1f8098b-e2e8-54ee-93ce-00f37cdb577c","chain_node:v1_c86e15c32498735b9164ac9168811c199fc1e2c1","血球与凝血诊断试剂","","ChainNode"
"c1fead5c-f485-5893-9473-2b4b2e28c53f","industry:sw:workbook_snapshot_v1:630505","光伏加工设备","","Industry"
"c2007ebf-4bf6-59f7-aa58-87e40d8c9abf","chain_node:v2_5509d8674d77781abedb0b123e6c2e5deb22ca59","MLCC镍内电极浆料","","ChainNode"
"c20757c2-555c-5cdf-96ae-0cd42c369321","industry:sw:workbook_snapshot_v1:460901","酒店","","Industry"
"c2102343-c315-574e-8bb4-b92660ecd3ab","chain_node:v2_e93b01c7186124a17564609950b7fab4d8f413f4","ETC清分结算平台","","ChainNode"
"c21ee56b-13a1-5922-b504-8efdbe6b6350","chain_node:v2_67981605517aa9c956b1453290fbf24789130776","放射性污染调查评估服务","","ChainNode"
"c2240541-e706-57f0-810a-385acf6b640f","industry_chain:rare_earth_permanent_magnets","稀土永磁材料产业链","稀土永磁产业链","IndustryChain"
"c22f615b-a39f-5857-af65-5f5bfd2789eb","chain_node:v2_4999041ee7c2f38ae3b20d6d3cfb51e3879a14c9","吸油烟机控制器","","ChainNode"
"c25395b1-6291-57ab-9761-1b5bdf9f886c","industry:sw:workbook_snapshot_v1:461100","教育","","Industry"
"c2543b7e-04a7-5ac4-94f8-097aa0430061","chain_node:v2_e8a99bfdfe8b9417d77e8f3d4526437cfe16e784","水轮发电机组","","ChainNode"
"c272e115-d4a3-5065-b0a6-e231794f8642","industry:sw:workbook_snapshot_v1:110800","动物保健Ⅱ","","Industry"
"c281bf12-6016-5876-8dcf-c219892e098e","chain_node:v2_dac94075d4ce217aea262f71e3d7f718758a489f","独立医学实验室设施","","ChainNode"
"c2871484-8c50-5df4-9dfa-d04fe89fe18a","chain_node:v2_bab25cf621bd38fc41ae56bb4f84c643f274f261","锌精矿焙烧服务","","ChainNode"
"c28c8539-48d5-5231-996a-f78a414329ae","chain_node:v2_d51a83133fbe2c5cfdc3ec2fb27cb6fcf06ee923","物联网系统","","ChainNode"
"c2a84b11-df8e-5db5-8f2d-2114bd557d18","chain_node:v2_a3a87ad01d1cb897471383ef0365c024b76186f6","全自动化学发光免疫分析仪","","ChainNode"
"c2b38e63-7a02-5462-bd00-172dceb4cd19","chain_node:v2_92994c25ff3233e6cc6d8df4a430542abab33e71","水利工程规划勘察设计服务","","ChainNode"
"c2b94822-924f-5bd0-9021-1dc00cbe3368","concept:master_v1_9cec41dea9e091c3","婴童","","Concept"
"c2bb27ff-73cf-5f45-b6f0-2c03303cdc0a","chain_node:v2_d07d0c8f9ae4a36ed901e224e45f97efe3cb0bee","氢基直接还原铁（H2-DRI）","","ChainNode"
"c2c3acd8-9201-58dd-b14b-285b1b51e555","industry:sw:workbook_snapshot_v1:420903","铁路运输","","Industry"
"c2d0bba6-69c1-59cd-9716-cc543382d764","concept:master_v1_243871c24aaf17ff","区块链","","Concept"
"c2d257af-2252-53ce-9e3f-f787aae605c6","industry_chain:wireless_charging_systems","无线充电系统产业链","无线充电产业链","IndustryChain"
"c2dd2cc4-ad9e-5d7d-9218-e31d3928c60a","chain_node:v2_6a6ff2aa08168978c92c0ebfe7abcd9bba012c9e","IPv6路由交换设备","","ChainNode"
"c2de965a-1d8c-58ff-9d88-9ae7cb1e9f3d","chain_node:v2_7a636634bdf202f8d45ed984e41c5c28768c9a36","中药饮片炮制服务","","ChainNode"
"c2e8feaf-d586-5503-a9df-dfe709558fa1","industry_chain:household_air_conditioners","家用空调产业链","","IndustryChain"
"c2ec141c-bfef-5633-a3d7-8c3b72f5719b","chain_node:v2_51f540ab572097806c936d504174bb92f976ee6f","MicroLED终端显示设备","","ChainNode"
"c2f50d3c-b6cd-5185-b477-c94b84e7fd51","concept:master_v1_04d04a2beffda817","超超临界发电","超超临界发电技术","Concept"
"c3119a4c-7477-52da-bc2c-36a1fd67e056","chain_node:v2_ecce729a0590a8aa4bf645f5925b8ef350c78ead","血球分析溶血剂","","ChainNode"
"c3265619-7656-51a7-be4b-3a2ea942b0aa","chain_node:v2_5460ae94e207d33fb9032edf3d3c25f98c5191d7","网络游戏研发制作服务","","ChainNode"
"c33c9646-4a63-52d5-bfdc-a573ca7a15a1","industry:sw:workbook_snapshot_v1:730200","通信设备","","Industry"
"c34dcbf1-045f-591d-b5ef-b4c99ad3f36a","chain_node:v2_033cd335c640bdb9cd2c2081a36b9ee2e31095f4","彩票发行系统","","ChainNode"
"c35b0764-19b3-5235-9c8e-992430c98a80","chain_node:v1_b5b7b41641652bd65c5eb9e3f0519eda44e95ad5","HJT电池","","ChainNode"
"c36db014-f1e7-58a4-946b-cfdff330cc5e","chain_node:v2_9733b704063332b1da55c56d4e116b4c5c9c8907","城市供水管网基础设施","","ChainNode"
"c38d2f7b-9900-5e81-af06-76393bcc2617","chain_node:v2_d27a375dca049d9c5537e24633e9f5ff627467d6","非侵入式脑机接口系统","","ChainNode"
"c39ae37f-6c42-5201-b770-7e5e80e5d2d3","chain_node:v2_1b42a0c36bb68215ba0a49df503122c203372ae0","三氯氢硅","","ChainNode"
"c39f0f92-1309-5f17-85af-639fca08d4a4","industry_chain:engineering_survey_services","建设工程勘察服务产业链","工程勘察服务产业链","IndustryChain"
"c3cb968a-8fd9-5fb7-b2ea-f99c36202836","industry:sw:workbook_snapshot_v1:410101","火力发电","","Industry"
"c3d0512a-79f3-525c-a2e3-cdcad936637c","chain_node:v2_646010cf59c84169ffceb8719f3734de99570639","管网传感监测系统","","ChainNode"
"c3d8ba69-548e-517d-8779-e30bb24a2ed3","industry_chain:building_decoration_services","建筑装修装饰服务产业链","","IndustryChain"
"c3e3bff2-74cf-5201-92d8-412883654394","chain_node:v1_3d23190b33057075399bb81b984889d45218f5cb","通信终端及配件","","ChainNode"
"c408939d-0077-5279-8aa9-e9c1bf4745f2","industry:sw:workbook_snapshot_v1:620000","建筑装饰","","Industry"
"c4211485-15a5-50f6-901d-52b678b05f97","industry:sw:workbook_snapshot_v1:630701","锂电池","","Industry"
"c423c0f5-be04-557c-a131-c37b39dfab55","industry:sw:workbook_snapshot_v1:280000","汽车","","Industry"
"c423cd46-8a54-5a6d-895c-a1670c177ce9","industry:sw:workbook_snapshot_v1:750000","石油石化","","Industry"
"c42610e7-4a87-5f46-96ed-f85f34f7e530","chain_node:v2_15142ef3f6cb72cfb44b5b6511ed486d795131f2","电动摩托车动力电池包","","ChainNode"
"c43e37a8-2d95-562f-91a8-982824468879","chain_node:v1_fa5b13469aa4aa819e30ee12243a67bab613b24b","锂资源","锂","ChainNode"
"c451131a-49f6-5ede-8942-6319dfce1f9b","concept:master_v1_00511244a86b3627","生物识别","生物识别概念","Concept"
"c4826d09-cee2-57e8-9b82-ed0db21da180","chain_node:v2_79cef022b63276037c9e3af5b7906ac45d64bbda","服装面料","","ChainNode"
"c49145bd-c9fb-50dd-829a-5c37a77b70e3","chain_node:v2_e1066048817b036ca0bfde9b5139ca3a54a412cc","农作物育种服务","","ChainNode"
"c4afd02e-ae48-58c4-9dd9-4f028b70ba8f","chain_node:v2_ed4c009eb9a0be553f7774ca010f08aee82ab871","柔直换流变压器","","ChainNode"
"c4e3f3c8-1389-5160-8166-3aaf5bc8eec9","industry_chain:voltage_source_converter_hvdc","柔性直流输电产业链","柔性直流产业链","IndustryChain"
"c4f3b7e9-2086-5fb6-ae56-4744aaaf93ed","industry:sw:workbook_snapshot_v1:330600","家电零部件Ⅱ","","Industry"
"c4fd8205-4f67-5eae-8fe8-57c00ddf9fbc","chain_node:v2_c34f207b67a9fc071ca200c71f41cfb11b223643","人用疫苗批签发服务","","ChainNode"
"c5217ad9-a509-51d2-babc-cc4371729ba0","chain_node:v2_81ea4f24f0a0c46733edb7866c798702b4995e29","教学测评服务","","ChainNode"
"c521eddf-de65-573e-b14b-c48405f566ca","chain_node:v2_9085084258d9bc670edab1ca8b4f78415e4f8909","电动车组","","ChainNode"
"c5235579-b18f-560f-86fd-cfd8e240b465","industry_chain:salt_lake_lithium_extraction","盐湖提锂产业链","","IndustryChain"
"c52e22b8-0a8b-5b8c-b399-192d83185bcf","industry_chain:digital_watermarking_technology_services","数字水印技术服务产业链","数字水印产业链","IndustryChain"
"c53a986e-053d-5a56-b5de-f6403c1f3f14","chain_node:v2_de0c132f70836303ee2a324f251fe451fe11c5a2","资产托管服务","","ChainNode"
"c540ab04-29de-5c28-9cbd-506a5c956181","industry:sw:workbook_snapshot_v1:461000","旅游及景区","","Industry"
"c5723ed9-e975-5614-b089-343c7ab09472","industry:sw:workbook_snapshot_v1:220500","塑料","","Industry"
"c57398a9-98b4-5aaa-88a8-25afcb0ad0f7","industry_chain:custom_software_development_services","定制软件开发服务产业链","软件开发服务产业链","IndustryChain"
"c5769495-c442-5165-ba26-8893a919d8e0","chain_node:v2_010b4c0ae9b34954e499e9c8475c541e60a292fb","高品位铁矿球团","","ChainNode"
"c576a07c-4b31-5c9c-a9a4-66e3b835d22c","chain_node:v1_6245dd6166d32b617ea98b8e9059af444e546e3c","屏下摄像模组","屏下摄像","ChainNode"
"c5a13cf2-1c11-59c5-98a6-021dd34c0c7e","chain_node:v2_ca36789a9f0a601542e48e52bd3b97e503cedb4f","高冰镍","","ChainNode"
"c5aa9f1e-fc1b-56dd-9eac-c1b1b5c89c37","industry_chain:display_glass_substrates","显示面板玻璃基板产业链","玻璃基板产业链","IndustryChain"
"c5bfede7-6f7e-5248-9743-8be026cd2e9a","chain_node:v2_05bb24d613318d3badf4667758370306eedb7cd9","水产品速冻服务","","ChainNode"
"c5ce9c95-1bb4-5c62-a091-f315e5f0d693","industry_chain:integrated_power_equipment_and_systems","综合电力设备及系统产业链","","IndustryChain"
"c5d14265-b7ad-5294-9c43-e775961a0143","chain_node:v2_7cbcb4a0255cb4841825b677b7eefccae2545bbe","纸质笔记本","","ChainNode"
"c5eca1f9-e956-5bfc-bffa-69bcf08b35a9","industry_chain:specialty_steel","特种钢产业链","特钢产业链","IndustryChain"
"c5fb8a2d-e01e-5f4e-b089-9c8cfded617e","chain_node:v1_dbc179af7d4d2c7e45f84f8e272fac583947014b","工程机械整机","","ChainNode"
"c60abaaa-8971-5a14-85b3-6b73a08741d7","industry_chain:cultural_and_office_supplies","文化办公用品产业链","文化用品产业链","IndustryChain"
"c60b92ba-c8fb-590d-bca4-d024f77838cb","chain_node:v2_7c28135e4398af8ffb6511cfa121329956cfb326","市政工程建材供应服务","","ChainNode"
"c61357d1-30cb-5b2f-ae72-fc725a3b8e68","chain_node:v2_dfc955843cdf501ac52063ee9976e2d7127d4c39","工业控制通信模块","","ChainNode"
"c61d5e00-be0b-5a28-96e4-de9b85149bf3","industry:sw:workbook_snapshot_v1:240300","工业金属","","Industry"
"c636cbfa-5648-53e2-bdd7-08aed4d59efb","industry:sw:workbook_snapshot_v1:420901","高速公路","","Industry"
"c666d75b-c88f-5750-9e85-2b77f3d8a874","industry:sw:workbook_snapshot_v1:370400","医药商业","","Industry"
"c688e64e-0943-52af-ba3f-48d391d3c842","chain_node:v2_ba6dc0cf794f50ea6854e3a848ec916e9fad8576","卫星互联网宽带服务","","ChainNode"
"c6936546-5c23-5140-8df6-6d772a9da652","chain_node:v2_95c408e5191503e58130fa21b4d67e721d302faf","产业园工程建设服务","","ChainNode"
"c6abef92-9937-5067-b4d2-1be4412a435b","chain_node:v2_9d3802a3c9180f7086331f2a3fa298709495baa0","废钢分拣拆解服务","","ChainNode"
"c6af387c-9f3c-546d-8950-a44c99a34f7e","industry:sw:workbook_snapshot_v1:760101","大气治理","","Industry"
"c6cb2d56-fb8e-509b-a821-6aa77600d694","concept:master_v1_fd2fd637da290d76","苹果生态","苹果","Concept"
"c6d2caa6-fd4d-5b9c-a912-102a1851f39d","chain_node:v1_bf33d514c1a703ddf7f1c2fd297e242d6fcd1c51","塑料","","ChainNode"
"c6d3f45d-412a-57bc-b5d7-c6957b08783e","chain_node:v2_f06a23edcc2abac87a83e87c9a27c6df02f7626d","城市地下给排水管网施工服务","","ChainNode"
"c6d6e262-e694-5404-9bc2-869161297d3b","chain_node:v2_e6ba989ddd4662bdaf9e53300e10d697b7b612c0","视频生成基础模型","","ChainNode"
"c6e10504-7836-50d9-a9c0-168675d5ccd1","chain_node:v2_9d25de4c909549e50e30460ba76e81439286bbd7","白银现货交易服务","","ChainNode"
"c6e13495-f4f3-5033-8705-7b6b7d4c063e","chain_node:v2_50f439ff3e3b7df2cb3334683ec5750c3f6aa3cb","可再生电力","","ChainNode"
"c6ef4aed-9934-5431-92de-beaf4464d3b9","chain_node:v2_8690a91a261481359f9678af559ca516048b6f20","国产基础软件栈","","ChainNode"
"c728c42b-9e8d-5b62-a4a1-83293789635f","chain_node:v2_6371ee3f6687e0cc7c67fc18f914fdb3f6e19075","职教师资服务","","ChainNode"
"c72a222f-ded3-5144-bd80-afb1ab4edde8","chain_node:v2_1a5ccc6308dccde21c4fa65163d11d413d1ed936","工程机械液压系统","","ChainNode"
"c72c9426-92df-59c5-bc91-93cc5796271a","chain_node:v2_2e806e08a6dd69552dceb5f9821ec629dd3486e3","智能电视存储模组","","ChainNode"
"c74daabf-4d0b-56ec-9c46-7fa1243595a8","chain_node:v2_937ceef7af1ead20ef0162970fd7367c880c829b","等离子刻蚀真空反应腔","","ChainNode"
"c759cccc-2d7c-5842-b65e-1cfc44ef7aa9","industry:sw:workbook_snapshot_v1:750202","油气及炼化工程","","Industry"
"c75c8d44-e05c-5249-bb29-f7efd128734f","concept:master_v1_e59d8d96da3add5b","元宇宙","","Concept"
"c75ce3dd-8324-54d2-97ab-96aeb4bd3b88","chain_node:v2_dd104b93f8697b9e6457e6a0f209647915e70e78","纸尿裤用高吸水性树脂","","ChainNode"
"c775330d-e58a-55e1-8c8a-0ed926acd6b8","industry:sw:workbook_snapshot_v1:480201","国有大型银行Ⅲ","","Industry"
"c77fcad7-76bd-53b8-a7b0-d06fde494bc7","chain_node:v2_7767a5e83528d20b5bd24e69199ccc051809aba2","海绵城市源头减排与调蓄设施","","ChainNode"
"c7807e9e-cfc1-555c-9b0c-9617b083e9cc","industry:sw:workbook_snapshot_v1:450200","贸易Ⅱ","","Industry"
"c78618b3-88bf-5691-8c6c-7ced7a3cb42d","chain_node:v2_109207f069058a11a875c66d575008d65cc879fb","区块链应用软件","","ChainNode"
"c78a4334-12f0-53f0-a7d7-65033d32a3aa","chain_node:v2_9bfca39a006a71ab676223cbf08f00800d5335e4","国资云资源池集成服务","","ChainNode"
"c7ba8085-3893-5e5c-959b-0c403575866a","chain_node:v2_b26f0f38fe3437e8dc007c919a836a1193de2564","烟草种子","","ChainNode"
"c7ba8bf4-f65b-5f4b-9d3a-2ae55f0ef374","chain_node:v1_6d8bbcaa57c2671450d1b1846440be8aeeda4087","铁路运输服务","铁路运输","ChainNode"
"c7bb4083-b204-5b4b-be5a-227b54484eae","chain_node:v2_1e82dd1b01c0c1ccf8a0e0e620331c961f498c7b","农业生产资料供应服务","","ChainNode"
"c7d1d60f-7d74-5110-8287-4976d9fd23b8","industry_chain:petroleum_and_petrochemical_trading_services","油品石化贸易服务产业链","","IndustryChain"
"c7e67095-55e5-507f-84d1-8501b20a4c3e","chain_node:v2_697e8bb8a292029a7dfb0d707a3a3918e58951c6","货柜视觉识别系统","","ChainNode"
"c7ef3dbc-7692-5781-90d9-d98376003a77","chain_node:v2_1cfb68a3dada77df6da516349637f85856bec967","锌焙砂","","ChainNode"
"c7fc90e4-ba0e-5421-98c0-ed5a4aff36f8","industry_chain:monocrystalline_silicon_growth_furnaces","单晶硅生长炉产业链","单晶炉产业链","IndustryChain"
"c801f123-22f2-55ae-9dce-bf9d87471199","chain_node:v2_a0e548ad928303b197d8b48bd97883377ef92972","牙科种植体","","ChainNode"
"c80993f1-5a86-5fb0-9484-232c5c09b2c9","industry_chain:polyurethane_materials","聚氨酯材料产业链","","IndustryChain"
"c81d0bb9-ab4c-5bd0-a9c1-f899cda22256","chain_node:v2_d65b39636159d723cb93fa0ddea56ceb651ce1de","人脸识别红外发射器","","ChainNode"
"c8261338-b4c0-5ecf-80f2-9db72c992e92","chain_node:v1_4ae142357d6faf3de28b512b2c49fbca71d80470","水泥制品","","ChainNode"
"c827fa84-dd97-53ea-bfa6-a0bdee6c0608","chain_node:v2_43e9b1e5befb43a5ac8855246f292b3a5772c2ab","期货交易所交易系统","","ChainNode"
"c82d7b59-fd94-59b0-8ffe-bb234dff3622","chain_node:v2_00650de3ce0e606d8075e30b6cef5efd1138c964","建筑机电安装服务","","ChainNode"
"c83503ad-8c9c-58c1-8683-9551d35953f2","chain_node:v2_ff225b46c8bda69e2b48debce6a9cc7f7dbb5fb8","供应链计划咨询实施服务","","ChainNode"
"c852cd12-7060-5e34-a67a-00e75d59f0c5","concept:master_v1_82c7e0672580f423","麒麟电池","","Concept"
"c8572c8c-e22d-5067-be44-bfd27bd553a2","chain_node:v2_86b460a8dc7a387d49701e2a09f8e975238589da","电子烟雾化芯","","ChainNode"
"c8584b03-b25e-555f-95a3-5ce2568d2187","industry:sw:workbook_snapshot_v1:450301","百货","","Industry"
"c85a297b-bae4-5967-8adc-c74fe471dab3","chain_node:v1_2074803effdde8806429fc2fbf4909ab4bfe4095","饰品","非贵金属饰品","ChainNode"
"c85fc079-9bc2-5e8b-b364-7285223becae","chain_node:v2_ad2920efe31614e1ac1d610337551c9014ef492e","住宅项目规划设计服务","","ChainNode"
"c89ebd6b-11b8-568b-af2f-7e2665374c37","chain_node:v2_6d3be76765a7deeae0564e45cb4605103ae10f57","袋式除尘控制系统","","ChainNode"
"c8a45331-f668-5254-b5bc-f64e7597ce31","chain_node:v2_0ce653ec4544289cbba93196793491c292d31551","景观规划设计服务","","ChainNode"
"c8b1547f-3e5b-564f-b857-ec177f3c6b60","chain_node:v2_979170e6e40146c5680ae02ee255e65e2214a64b","广告创意制作服务","","ChainNode"
"c8b60f12-7abe-5ccd-99b5-36649fb69eea","chain_node:v2_15d0cbd9567463554d939fadf96c0e6dd9259aa6","聚合物乳液","","ChainNode"
"c8c1f891-fa8c-5627-81e6-705a3fcb285e","chain_node:v2_dc2d11b7f4fa8125487e39485c7d03a3ea0d3879","电子发票数据接口服务","","ChainNode"
"c8e8e92f-68dc-58ed-8d59-35123b32f98d","chain_node:v2_bd4f0f2ecdbc28147fd806902a7b684d7f58c6c3","安防摄像镜头","","ChainNode"
"c8feee9c-575f-5ee1-bba2-406d84640711","industry:sw:workbook_snapshot_v1:410104","热力服务","","Industry"
"c90734c6-fab2-5214-9d0c-d3fd68640a3f","industry_chain:procurement_execution_services","企业采购执行服务产业链","","IndustryChain"
"c918ca0d-a1f8-52df-adbc-46d0a93f3b37","chain_node:v1_c3d26652a58ccefd0ee10e6fd1ad10dfd735aab1","可燃冰","","ChainNode"
"c91b954f-cd22-5e80-b5f4-84e37b5e322b","chain_node:v2_5c3b2d2a5902f8eb861ffa99efb82bebecc176e6","餐饮食材采购服务","","ChainNode"
"c92fcd99-4980-5e7e-875e-d75476980c06","chain_node:v2_01f4d1ce9f150317ab4881b8a5dfc7d21da5bcf1","军用任务航电系统","","ChainNode"
"c93b80dd-a0d1-5511-baf0-7bf20410563b","concept:master_v1_c175304f82175c42","工业互联网","","Concept"
"c946eb35-9eb6-567b-a6b4-ef647f8ba723","chain_node:v2_b9628385d94967876ec3d2b7a4a8f1209351ad95","太赫兹通信器件","","ChainNode"
"c9490610-b8be-534b-a760-394f3beb10c6","chain_node:v2_e279ca5edacaccfe0f20e79a7266af5ac8a80b50","工程测绘设备","","ChainNode"
"c9506657-982e-5963-9ea7-657afe6622ee","chain_node:v2_3ff695a4023b7c8dad550e2d05ff9f94348c57d0","白内障手术服务","","ChainNode"
"c95af665-c477-5e34-9e7c-36c961fc3b00","chain_node:v2_0460eb8135087b1e4ac8f55628c303ecf9dcf221","海关税务退税信息系统","","ChainNode"
"c964c0eb-5285-54b2-bb52-ae0634fa44c5","industry_chain:crystalline_silicon_cell_thin_film_deposition_equipment","晶硅光伏电池薄膜沉积设备产业链","","IndustryChain"
"c96d260c-0b59-5976-b1d0-6201069b5a34","industry_chain:video_game_controllers","电子游戏控制器产业链","游戏手柄产业链","IndustryChain"
"c96f86d5-1808-5a6a-81bf-54bc55800ec9","chain_node:v2_ff8a030ba6391bcf93b52f891cfbef2b3013ac84","等离子体加热系统","","ChainNode"
"c9778ae6-7b1f-51b7-8f15-ff85f64f4711","chain_node:v2_cde05284abe2d5ee1d042879197992329295dbf1","飞机机体结构","","ChainNode"
"c9963951-489e-5db2-9c72-e8ed5b284d7c","industry_chain:smart_televisions","智能电视产业链","","IndustryChain"
"c99ce056-ae21-5cea-a71e-43a7934669e0","chain_node:v2_92f4949b2549e7cc7e6200d9a295502f9787b1e3","光伏层压机加热板","","ChainNode"
"c99e2f14-c5eb-5396-9f1c-32d2f55cbaaf","chain_node:v1_78e42e38cf11a3684eeba8cacdc688c66794c674","电池","","ChainNode"
"c9a1ccd3-c3a4-50c9-8ec6-29a837b6b245","chain_node:v2_2379c33c00722c4a877239319cead2082bb1b214","电影发行服务","","ChainNode"
"c9b0f496-bbf6-52eb-bd34-cb28f7a9a568","chain_node:v2_54afe77b7836a91e5fb5b1633a13a096d151957b","电解水制氢系统","","ChainNode"
"c9cbc33b-ea3a-5c1d-a32b-baeacea8872a","chain_node:v2_1758ddd53fa6de5e76742fcc47d9df6a133a46cc","超级电容器电解液","","ChainNode"
"c9d7556f-356a-5107-9078-33f4510309ca","chain_node:v2_9b9e652d3a4f892a196cfea47b9a4a02f62f0536","人脸识别图像传感器","","ChainNode"
"c9e8874d-2588-54b9-8545-cf0f2950a2e8","industry:sw:workbook_snapshot_v1:220400","化学纤维","","Industry"
"ca014aca-c163-5f59-a122-aa4503006fde","industry_chain:synthetic_resins","合成树脂产业链","","IndustryChain"
"ca26f33a-d7d3-54fa-8ef3-9f094b1b95da","chain_node:v2_3dd0e75d85a9a5e20862a3759e6ebc3e7d761e24","合成气甲烷化工序","","ChainNode"
"ca2a025e-b96c-53b2-9be9-3b5fe7eac610","chain_node:v1_1e0412869737bbaafef566bcdfe688453ea78548","食用菌","","ChainNode"
"ca5e2985-ed3a-5f88-bca7-d73957aaf248","industry_chain:tungsten_metal","钨金属产业链","钨产业链","IndustryChain"
"ca683308-187a-57ef-ba1c-bbe6762965ce","chain_node:v2_97e8dbd0f1f4009204827886bf5b5a955392fcc3","星闪互操作认证服务","","ChainNode"
"ca7e58f7-b856-51b4-8cc9-db368e6697f9","industry_chain:coal_mining","煤炭开采产业链","","IndustryChain"
"ca7f4aae-557c-5c03-8afa-cbb69a61e692","chain_node:v2_e8a6ac4cb40fa36c73fc0e2b6ce812326b90c29f","通信网络布线服务","","ChainNode"
"ca7f6377-a056-58d4-a675-722dbf960b0f","chain_node:v2_fd413ecf9584f478aeb591d91ed57c00c81d0f20","建筑装饰材料","","ChainNode"
"ca821981-8c35-53c9-982a-fea7b6baffb5","industry_chain:duty_free_retail_services","免税零售服务产业链","","IndustryChain"
"ca853c21-7d45-51e1-b37c-32fe43dab957","chain_node:v2_9e153c7c961ef28dcc5af41cd3439be22183ad7b","可生物降解塑料制品","","ChainNode"
"ca93b91e-7c3e-5d12-8639-d03884351494","chain_node:v1_ee2ec290a7cd904815304c008f4a4ae6e9270cc8","汽车线束","","ChainNode"
"ca9ed721-19dc-526b-ba3d-8c5e58baa625","chain_node:v2_137d5d264e29429f0ca68d8f31fa83a5df79a93f","油品仓储终端服务","","ChainNode"
"caa0e447-b3e9-5b43-890f-e4a9651aff3a","chain_node:v1_cb57d0f864a279f7028339f3e76b290642fb50dc","产业地产开发服务","产业地产","ChainNode"
"caa9f58f-f6ce-5352-a735-0239f0d20235","chain_node:v2_c470d14a6f778a807443a792e4921cd5a6a8bf5f","风电叶片环氧树脂","","ChainNode"
"caad1cf2-9aa0-516c-94c5-024d741c3b98","chain_node:v1_3eb9338e63b9d25a0d25066de8a9eee463b5cb25","汽车发动机","","ChainNode"
"caad653c-2581-553e-aa82-f784236d2c15","chain_node:v2_146a7005d9ea16dbb05619084185f6657bc72fed","汽车内饰用改性塑料","","ChainNode"
"cac20b53-783a-5a1f-b18f-66fb9e6226c0","chain_node:v2_55f0ce82a61d022ce3420886ccd67dd90ad80b9b","脱发诊断服务","","ChainNode"
"cac2a51f-b172-5a0c-844a-84aa47b9f157","concept:master_v1_cbe6d0510b140fa7","精准医疗","","Concept"
"caf7f799-3a5c-577a-9fed-137a8397b008","chain_node:v2_671647ad3b8eeb6a848ab1b6c9b5e02f858f7182","数据中心存储系统","","ChainNode"
"caf9956b-ee77-5374-8917-95916d826293","chain_node:v2_d0164d06230ff29ad0b8c87ba49d6f3e5f9e13db","4-ADPA中间体生产服务","","ChainNode"
"caf9b0c5-8c16-5749-9a0f-ea7045f5a46f","industry_chain:evtol_aircraft","电动垂直起降飞行器产业链","eVTOL产业链|飞行汽车产业链","IndustryChain"
"caffc62d-19ec-52ae-9da7-f0e1a5601ee0","chain_node:v2_d0f837a03e8f21a866e7d414b1182e7c0161ecc2","冰箱控制器","","ChainNode"
"cb17fd71-b8b4-5ad1-8600-12dabde38acb","chain_node:v2_71567b51833d13c2839623f7f5ac85a02cab0318","棕刚玉冶炼与分级服务","","ChainNode"
"cb186e01-c1de-5021-9257-bfd8dc55ade2","chain_node:v1_937734ad742abb3b8cc41f6c62402880e619af8b","国产操作系统","","ChainNode"
"cb1aa194-05a1-51e2-9330-bf651986885c","chain_node:v2_9cc0dabb6dca5ce3e54977703482a31090050473","品种审定服务","","ChainNode"
"cb23bdac-cc16-5452-85df-f70ab6de4124","chain_node:v1_482ab598a70fd6a710a09ed26c337efd4116b6fc","PET铜箔","","ChainNode"
"cb27c80a-3297-513e-9748-6a0523dde8aa","chain_node:v2_0a7f97a2a3397aecbbd9f10f822df8ccc99a373b","商业发射场基础设施","","ChainNode"
"cb3afc14-5db0-5e5a-beac-b51f6d94c924","chain_node:v2_862dae288cff3d15238cdd01e209653c86ebfe8f","通信卫星平台","","ChainNode"
"cb3ffce8-a545-5e46-a86f-c6e868d40e3f","chain_node:v2_a84e35125984a4f3e6c1ed7ccfc8c5567ab0c605","智能手机","","ChainNode"
"cb470e8f-f435-5dad-ba5b-346bef61f5dd","industry_chain:automotive_semiconductors","汽车半导体产业链","汽车芯片产业链","IndustryChain"
"cb506e33-67ca-5907-8fa2-02f3142c384e","chain_node:v2_f5335b110f2c5e655d195ed7b3814f231229eb97","Qi无线充电控制器","","ChainNode"
"cb5cbef0-159d-5966-9da3-9b434139881d","chain_node:v2_5ffcb837faa761bc1dd6bf540b63365a0f9f8c06","集成电路引线框架","","ChainNode"
"cb6b4909-983a-57ee-a054-f951acc359b5","chain_node:v2_9240cf534797a54bc3a16b7b4f8413e191d4c0c3","再生废钢原料","","ChainNode"
"cb6c148c-9360-5c5c-bd88-4c84f4fdb1ce","concept:master_v1_ff5bacd773d2a8fb","乡村振兴","","Concept"
"cb6cb787-4f6c-5af2-960d-0c1b25a046b0","chain_node:v2_7e3327aa1300df3b5b274183fa6fff2a93cd4c29","消费级无人机零售服务","","ChainNode"
"cb746c6d-fd4c-5e3e-9624-99289e08b381","industry_chain:pulse_oximeters","脉搏血氧仪产业链","血氧仪产业链","IndustryChain"
"cb78d196-29fe-519c-9c8a-2a7db7240f2d","chain_node:v1_0168b2768542bd4b40ff439d53e23f5660b6507f","电工仪器仪表","","ChainNode"
"cb7d17a2-8319-55ae-a633-85d30792c7a3","industry:sw:workbook_snapshot_v1:340406","预加工食品","","Industry"
"cb980b5d-5015-5df9-ac21-cc6d426df202","industry_chain:ice_and_snow_sports_services","冰雪运动及服务产业链","","IndustryChain"
"cb9cfd92-a948-55ba-b631-2312a87c01fc","chain_node:v2_a8caad7ebd367af63806a3c6cb3e059b95fb584b","物流搬运机器人","","ChainNode"
"cba25ce0-bc26-590e-baaf-10f57569ce5d","industry_chain:digital_identity_systems","数字身份认证系统产业链","","IndustryChain"
"cba6f03e-3458-5a8d-a8c4-bcafe08c850a","industry_chain:household_refrigerators","家用冰箱产业链","","IndustryChain"
"cbae7c21-de46-5397-8ae3-277e9726c0a5","chain_node:v1_d8701694990fb17251dc7488fc87d7aaacc6d3b0","合成橡胶材料","","ChainNode"
"cbb30009-d754-5340-bb0b-762b0516b54d","industry:sw:workbook_snapshot_v1:490100","证券Ⅱ","","Industry"
"cbb3bb67-5412-5428-b3dd-21ba6609dbc1","industry:sw:workbook_snapshot_v1:650200","航空装备Ⅱ","","Industry"
"cbc4cfe6-01ff-5e3b-abd2-16b04204f93a","industry_chain:medical_consumables","医疗耗材产业链","","IndustryChain"
"cbc93cd8-e422-5c01-b6b5-1a832c7601aa","chain_node:v2_dd6202a97d98f2b8ddd8b1917c521abdaac0732d","锂离子电池正极材料","","ChainNode"
"cbdc6dc2-c172-5010-8580-d35d1c3bb7ee","industry_chain:phosphate_fertilizers","磷肥产业链","","IndustryChain"
"cc0c2bdb-e9ab-5dd6-8903-609be5499c0a","chain_node:v2_83f6dcc5b1efa1a5d7b001521bbf0647fd0b7e24","摩托车整车安全认证服务","","ChainNode"
"cc3545e0-3794-5664-8f2e-676ec1c5923d","industry:sw:workbook_snapshot_v1:720600","影视院线","","Industry"
"cc3b1d4a-4635-5d48-9363-7096800022cb","chain_node:v2_d4fe1a26c5d927ec9a121fc59c6122cd713ca23e","电力通信模组","","ChainNode"
"cc3e728e-8380-522f-90ef-e9bb37569545","chain_node:v1_1d3a4d6cb2977dd80e49c4d8c8a97f40e068c677","无机盐","","ChainNode"
"cc4abd34-af99-58f0-88f2-7248383f3796","chain_node:v1_e5d70b2c28390c385ba794ba18e12e2a6697feb1","水利建设","","ChainNode"
"cc535bb2-f494-5c9f-b33c-44f1e1f71eb4","chain_node:v2_5095deb703ff63738aedc933f5df2e71728a6c56","全渠道零售数字平台","","ChainNode"
"cc6ddf93-956b-5635-b71f-6ebbc5484ce7","chain_node:v2_ed27b00b36565b39bbf96de716baadcb606d6eb3","钾矿采选浓缩服务","","ChainNode"
"cc6f1208-14f6-5962-9091-90ce54d5efb5","chain_node:v2_d4081bc96e34880b2aac6c0b0e8ac3a371d3b885","N型单晶硅片","","ChainNode"
"cc7efe43-03a0-547b-bac1-3d90d539ed3e","chain_node:v2_12646a4fe78df2aa02b9b4060b0225692c0d810b","聚丙烯聚合服务","","ChainNode"
"cc94720d-bfff-5093-9e26-7ca4c6fccecb","chain_node:v2_4e3a695babfc0964233f4fa6706ab9f149b10f76","聚光反射镜","","ChainNode"
"cca8696b-4adf-5051-8a32-1245bebedf0b","chain_node:v2_e5710945edd3e95d61526b7d547cabf8b792dd9d","维生素制剂生产服务","","ChainNode"
"ccb448d5-7b66-5bd7-a82a-759c7a9ed1a5","chain_node:v2_fc8b43efc31e7421902f97d8292bb17bed1e20ca","氢气储运配送服务","","ChainNode"
"ccbc342d-d088-5afd-84c4-c9d63867cfe0","chain_node:v1_64b895e8e2c075e9f846e560f8f46b81df1b8a98","钙钛矿电池","","ChainNode"
"ccc24f11-5946-5e0a-827e-c6fdd59c8d12","chain_node:v2_7c3909d93eaa99048be08c6d2edb7d4b8d8f1644","制冷压缩机","","ChainNode"
"ccc43a88-0d18-5bc2-9854-a626d8e93870","chain_node:v2_c0fb6d3a3c533f7b99ca4f4216fda1c8d16a0ee9","PCR临床检测服务","","ChainNode"
"cccf76ef-3681-5630-8f3d-efe678449d3e","chain_node:v2_6d28f9e513601067f7ce5a9ecdcaa5044a31f6ba","赤藓糖醇发酵服务","","ChainNode"
"cce9ee6d-fdde-537b-aa17-1ed6cd33931a","chain_node:v1_510601eed757deb2483cd082fd3c83173205f482","食品及饲料添加剂","","ChainNode"
"ccfbf145-98b3-5386-bf62-df43b4273fbf","chain_node:v2_1f8d581ddd9911bd9e0dd026bf27ef7d422f6a14","主题公园园区基础设施","","ChainNode"
"cd0f70e8-45c4-51e3-927a-2ab8e85e8f7a","chain_node:v2_2952d3afcfd37708ae7cb7a73a90a23bcdf9f576","云通信平台","","ChainNode"
"cd1f591f-4beb-514d-8c71-d91348628671","chain_node:v2_5f364ba0864be43e248fee67a1b72892928f7676","钠离子电池电解液","","ChainNode"
"cd289354-4889-5599-89d9-b854696f583f","chain_node:v1_7fa6a2ca4031497d5035a7cb5522758cf302bc19","预制菜","预制菜概念","ChainNode"
"cd2d7692-7a0c-599a-b78d-ed9c34ecee4f","industry_chain:topcon_solar_cells","TOPCon太阳能电池产业链","TOPCon电池产业链","IndustryChain"
"cd773644-6a18-5a35-96f9-36aa16d5fee5","chain_node:v2_ef3bc2066a19a6a7aa8c4756db4cbc150fd48178","文化办公用品零售服务","","ChainNode"
"cd7b9895-4da3-5374-a2dd-7a282c15ab0e","chain_node:v2_54ca9232aa16af014f134200146e2c607874683a","石脑油加氢处理服务","","ChainNode"
"cd7de3c9-098c-5e97-a341-973273061c16","chain_node:v2_9eec12686363ce1727602e9c94b4f1aede9fdc23","锂盐冶炼服务","","ChainNode"
"cd82e894-de1e-5c84-bfc4-9b4df8de4027","industry_chain:crewed_spacecraft","载人飞船产业链","","IndustryChain"
"cdb17ff4-af5a-56a8-8f71-a503e255d2e7","industry_chain:data_center_high_speed_optical_modules","数据中心高速光模块产业链","AI数据中心高速光模块产业链","IndustryChain"
"cdba26f4-4ae5-5358-ac4d-3ed6de85fc9f","chain_node:v1_83d1ec035c2886f3437df80750eb5946115e4f42","软饮料","","ChainNode"
"cdcc1bd0-2af0-5796-a0c3-d11199ace142","chain_node:v2_5b7ba4daaa1e525bb01090f5b9944fa60cc11299","高压快充桩","","ChainNode"
"cdcef485-3b40-5e82-a415-a4bc2d382a0f","industry_chain:enterprise_ai_agents","企业AI智能体产业链","AI智能体产业链","IndustryChain"
"cdfab3c8-10ac-57b6-89c9-8bae14b5b67f","industry_chain:bicycle_sharing_services","共享单车运营服务产业链","","IndustryChain"
"ce2208d6-594e-5e84-bc8d-c701ed467f2a","chain_node:v2_b9b010ced8ca36fef770e9c3c23bc868bbf70c22","影院票务平台","","ChainNode"
"ce250d7e-74dc-5b2a-b39b-d41a3d215d90","concept:master_v1_55b92799451bfa31","磁悬浮","","Concept"
"ce5fa84c-4665-55dd-ac23-acc28878a782","industry_chain:cobalt_metal","钴金属产业链","","IndustryChain"
"ce614bca-6963-5ad6-88c0-da7c84d64db8","chain_node:v2_651e69eff8336d520c33b85d598490dc7e270ad2","MicroLED芯片","","ChainNode"
"ce6d5c6a-725e-5452-baff-450e4d53025a","chain_node:v2_0a8567a582c0e693e3c5dad5c7357fad46518587","粮食仓储服务","","ChainNode"
"ce81961b-5cf4-53ff-a828-77278b5f249f","chain_node:v1_a8e41ebc0493eeaee4c91b7a96c301906e20b725","污水处理","市政污水处理服务","ChainNode"
"ce88c18d-559d-5926-89ad-d25e87678e3a","chain_node:v2_d0180ef8e0dbee093d6ed597742a068edbf46f24","动力电池正极材料","","ChainNode"
"cea446b1-5c30-5261-bfab-5a8696bb76c4","industry:sw:workbook_snapshot_v1:490201","保险Ⅲ","","Industry"
"ceabd81f-b38f-5cbe-b89d-cf9bc9daae3e","chain_node:v2_53b8ea42bfefe108e3c4c5830c111a276f60559a","成品油批发交付服务","","ChainNode"
"cec4f71c-dbaf-5dba-a0d9-c1412b22b073","chain_node:v2_6559751eaf1340ec73d86baa7b3c1e1b9b1bfebc","太赫兹探测器","","ChainNode"
"cec8b7db-dbce-5e88-8d67-c65e2507778c","concept:master_v1_abbc1c47042bc020","病毒防治","","Concept"
"cee550f9-5692-5221-a363-7af21d0b439f","chain_node:v1_368bf712e56d9f895eb9d8dcb95398005351b45d","市政管网工程施工","","ChainNode"
"cef2649f-0ddf-5900-82de-899f5924ee0b","chain_node:v2_d744029af362ebfc9c3735e8616fa7376b22a6ad","烟叶种植服务","","ChainNode"
"cf076512-cadb-594a-ad98-5e11403cb4ff","industry_chain:end_of_life_vehicle_dismantling","报废汽车拆解利用产业链","汽车拆解产业链","IndustryChain"
"cf137165-6126-5007-afa1-993a6d79b81a","chain_node:v2_cc32c112c2d759e0096469cc4d6c3b3057b54d90","风电升压送出系统","","ChainNode"
"cf15feed-9161-50da-acad-76bfd8227bfa","chain_node:v1_6bdb4cc7ef72ca70453a15ead8705ee20eb5d80e","数字水印","","ChainNode"
"cf1e88ce-59be-5cbb-bc71-b5eaecaaac24","chain_node:v2_209e5c498f019bd553f82548dbd60044e5a4c628","圆珠笔油墨","","ChainNode"
"cf2c2981-3190-5e68-b268-719a85b36ccb","chain_node:v2_4ffd05a743065eacb1edbb4b2bef642eefd79a6e","大宗原材料采购服务","","ChainNode"
"cf5848a6-51df-54a2-9ead-ad7adcab9d6c","chain_node:v2_6d71801db580832a3a2992897e2725ad9f911fbe","卫星地面接收系统","","ChainNode"
"cf63dc5f-5c43-5515-8308-6cfb1cd41a55","chain_node:v2_05f0b9a67de7faa2935b9d0117a0b80c64f169be","真无线耳机","","ChainNode"
"cf6cbaab-0cc0-55b9-bcef-477afe3a688f","industry_chain:telecommunications_cables_and_accessories","通信线缆及配套产业链","","IndustryChain"
"cf7a3633-6473-509b-9c6a-8a0434e91932","chain_node:v2_6b729d58db22332302d4882cdf574aeb2d867947","工厂化食用菌栽培服务","","ChainNode"
"cfa14d60-04ed-5333-810a-766d3fea03fb","chain_node:v1_cead7cfdd5830b76659be0919d048ba49de30005","工程造价咨询服务","","ChainNode"
"cfb6bbf3-3f62-5be9-a9f3-330d95c2b5cd","chain_node:v2_eefb9f0c561c514b05e3ac471b1345c281458924","工业工艺与工程设计服务","","ChainNode"
"cfb9b5c2-9e34-5aad-973c-64d3be860c57","chain_node:v1_04e43d990f439de28c696c3e2a9ed1ada63dc5c8","吸油烟机","","ChainNode"
"cfca2446-1c6a-5600-9713-8bc55d7ffd19","industry:sw:workbook_snapshot_v1:720701","视频媒体","","Industry"
"cfe4f380-1262-5946-8553-268cdef3a39f","chain_node:v2_a4ab410a3788782ea90398094befb55be81f4c69","视频内容推荐系统","","ChainNode"
"cfff3e4f-5b63-56de-9e07-c03535527d3d","industry:sw:workbook_snapshot_v1:490308","其他多元金融","","Industry"
"d0005187-1b29-5178-917c-ff148ac131bf","chain_node:v2_37fbf70ecc1bf52434b39d0ab23d109d71718e95","油田地球物理勘探服务","","ChainNode"
"d003e64b-4d60-5ad6-a25b-f9cb17576a59","chain_node:v1_a73e28f0ae8a65e128c1117c9095d93ea6a6bf72","照明设备","照明设备Ⅱ|照明设备Ⅲ","ChainNode"
"d01eb017-d530-5c0c-b53e-a4d8e8bbb7a2","concept:master_v1_f20a0692fa05cd74","比亚迪生态","比亚迪","Concept"
"d020be31-54ce-5577-bcc5-ce66c8d7a516","chain_node:v2_101a3ac8cf33abc8a68df1b7e76a570d620c2e4e","Wi-Fi射频前端","","ChainNode"
"d029bcfc-1359-5291-adbd-f0d18d220b86","industry_chain:outdoor_camping_products_and_services","户外露营用品及服务产业链","","IndustryChain"
"d030ca90-9843-5935-8a16-22e68d700e19","industry_chain:automotive_smart_cockpits","汽车智能座舱产业链","智能座舱产业链","IndustryChain"
"d039f210-15e9-5c8b-bfcb-ec8a645045d3","chain_node:v2_ccd65a81bbb9403e70c3b6ed45fb260602b48405","药物临床试验服务","","ChainNode"
"d03a3192-d6a0-542d-9d02-6daac7ceeed5","industry:sw:workbook_snapshot_v1:640103","磨具磨料","","Industry"
"d0498fd4-cbab-58b5-a4e2-6ecca312602a","chain_node:v2_9dcd7489627c69832d5acdf15b9e8745ac0f92c0","专业连锁商品采购服务","","ChainNode"
"d05cb879-5a60-5252-aec6-97307b6aa782","chain_node:v1_228eb7f6025f05c75a99ed4add9c8d8f964670b7","高压开关设备","","ChainNode"
"d066b0ab-4772-591a-97c8-08b0f37a9c9d","chain_node:v2_b431ab272138db39f9527857188305909dcbab19","在线保险服务","","ChainNode"
"d06c8fb5-73f6-57d1-a083-a1b125a39d99","chain_node:v2_2316a5888f9162f2b294796d7fe663721a6b9ad4","抽水蓄能下水库","","ChainNode"
"d07786c5-4c41-593f-bb68-04847019fb1b","chain_node:v2_aeb82c5892d62da21ef5eb99216f2d462ab3f273","工业烟气脱硝运营服务","","ChainNode"
"d077d0d5-53f8-5c03-b30b-cdfa5eedb328","chain_node:v2_683d1df62cef122a784563740441ab5bf1fce46d","预制菜中央工厂加工服务","","ChainNode"
"d0795bba-e506-561d-afee-cfc4cab56913","chain_node:v1_77bce331a37f8e9874eb6e5d28566b2a8a651415","车身结构件","","ChainNode"
"d0959203-d81d-5d8d-a009-de333164237a","chain_node:v2_d74a2fa1f6fa399912d14004a531f119b9024aef","乘用车电子电气系统","","ChainNode"
"d0a6631c-bba2-5add-9794-ec0d06653992","industry_chain:high_speed_trainsets","高速动车组产业链","","IndustryChain"
"d0a6b8a9-513f-5548-9795-c5f9996f1784","chain_node:v2_bcaf0703bc25ab891ca87d0983f8cac8cf3fc7d3","直接式胎压监测系统","","ChainNode"
"d0b70b0d-f45e-5b20-b7ba-bbde4e55339b","chain_node:v1_bef4585eb99bae5a629cc9c7ef38e9a4a71ac23b","游戏主机","","ChainNode"
"d0c3651b-83fb-55a0-b579-d2ea0cdbf648","chain_node:v2_3d5deea6031bb85ed8949ff371f21abc761f3c91","屏下摄像驱动芯片","","ChainNode"
"d0d415c4-50e6-5264-9039-ceb119cc669b","chain_node:v2_d0fb85330f9ae9e3b1ff1c7ea96f38a6c8e0220f","LED封装支架","","ChainNode"
"d0debb38-4f8a-55aa-9b2e-cc550f4b2865","concept:master_v1_862484fdbe40591a","海思生态","华为海思","Concept"
"d0f6c2b4-1912-5752-8723-af91698e12d4","chain_node:v1_75878eef6953be768cdda4ad34c89fcdb66d6c29","智慧灯杆","","ChainNode"
"d0f9cbd6-9349-51f6-b9ea-5c61c56d0161","chain_node:v2_9d7e65f16c8ba024c4a733901d89c53ad62ee04b","5G移动通信网络","","ChainNode"
"d0faf4bd-d321-547b-940a-3822deb6e7dc","chain_node:v2_8f914a0eff7af84589c5f8d16cab315c712e5c6e","超级电容器隔膜","","ChainNode"
"d0fb79dd-2eef-5891-9e91-5e5a40ea030e","industry_chain:video_game_publishing_services","电子游戏发行服务产业链","游戏发行服务产业链","IndustryChain"
"d1118a70-1a07-578e-a679-2bdc99796a35","chain_node:v1_5cea93616d9ed3735c98d50d42653868ddaba85e","摩托车","","ChainNode"
"d11b9b40-ae08-569e-9b0d-98278241385c","industry_chain:automotive_braking_systems","汽车制动系统产业链","","IndustryChain"
"d11e8889-97c3-5835-a8a4-8b6c76787cdf","chain_node:v2_c966733b63be00785bae36ee492c7ab10fa8d4d7","IGBT晶圆制造服务","","ChainNode"
"d1375d63-35d0-5db7-a0af-3ef098ec837d","chain_node:v2_220ce529c19b91676311f1fc16da5ba4be4824c6","智能眼镜系统集成服务","","ChainNode"
"d139e6e9-6189-5419-91c3-b722bab18c41","industry_chain:horticultural_lighting_systems","植物照明系统产业链","植物照明产业链","IndustryChain"
"d13d2782-101f-5c28-a3f6-75ab087f7eda","industry_chain:television_broadcasting_services","电视广播服务产业链","电视广播产业链","IndustryChain"
"d13f1fe5-2035-5595-99ca-25c878edf2de","chain_node:v1_fb801f03e9774d3e332e6d5278c84b24e07030db","养鸡","","ChainNode"
"d140688a-8770-511d-8dad-e9988212804a","chain_node:v1_31ad7695034c8678b4237f5603e258c466a5884f","全息技术","","ChainNode"
"d140e6e9-5996-54aa-8cd6-d6655399d403","chain_node:v1_f02ab278282ab587816ed813043a597630a3cb73","酿酒生产","酿酒|酿酒概念","ChainNode"
"d143e2ae-cd77-5a2d-88a8-3855d1eaf506","chain_node:v2_20b5e4d2c3152682bdcb31f82bf9e58a0770ef90","民用飞机航电系统","","ChainNode"
"d150620f-7ccf-5132-8b68-a44910422357","chain_node:v2_0c4a5cce86f722ce6a90e89f967fce661b120df3","钕铁硼合金","","ChainNode"
"d153c1db-7b7d-55eb-9728-10c8e500a4e3","chain_node:v2_dbfd52a7318b7177e1d011855f538441d5b36493","6PPD橡胶防老剂","","ChainNode"
"d15854f9-b53d-51a0-919d-58e58b294d3e","industry_chain:digital_rural_services","数字乡村服务产业链","","IndustryChain"
"d15a2362-754b-5d4b-b462-8cdf50e0365a","chain_node:v2_6a70f72ba834889d0aa9b9d45830c382a33808c0","鞋类制造服务","","ChainNode"
"d16378e3-dddf-5828-8c24-ea194d7b7503","industry_chain:photovoltaic_diffusion_furnaces","光伏扩散炉产业链","","IndustryChain"
"d17b63bf-8d62-5dbc-bb48-f3835237ba8b","chain_node:v1_434737bcae531897e8565cbb54968ca27e289123","火力发电","","ChainNode"
"d1a97a9b-cd7d-5398-aed6-493beea21b11","chain_node:v2_488fe06775c9e2a84a3011720e60abc13fdc8e91","抽水蓄能上水库","","ChainNode"
"d1af7a0c-81fa-582c-b61d-0047fd2d3c19","industry_chain:lab_grown_diamonds","培育钻石产业链","","IndustryChain"
"d1b3cd6e-a980-5d91-8d00-f431bb09079a","chain_node:v2_73a43651629273ab1bdbdd1c757759e94bdca3cc","海洋平台动力与定位系统","","ChainNode"
"d1d2de58-f746-5f78-959c-d496bcc68ad9","chain_node:v2_aa0ee3da649e99c55e381d0ee52924bc3270e571","灯杆通信模组","","ChainNode"
"d1e96b41-1c8f-5664-bb84-cd121a2024f4","chain_node:v1_e2cabafc0b54bec930d66d4d61ac7ef6cf54eb58","职业教育服务","职业技能培训服务|职业教育","ChainNode"
"d1f65bbe-b8f6-5651-9852-085ebb41241b","chain_node:v2_f22252450ac7b3ee2aeadd8d869f26a8fd037939","智能家居终端","","ChainNode"
"d20ab28a-3de1-55a3-89c7-cb18cf6a9773","chain_node:v1_613ee3b80a3d318ec2011d666ad454e76e039137","肉鸡养殖","","ChainNode"
"d215f54c-2ab2-50a5-ab7e-5227fdfc0af6","chain_node:v2_3be799623c2de06d9f2e0e5dd3d7f48c0ac2174c","洗碗机洗涤泵","","ChainNode"
"d2229bef-b2ba-5f08-a487-c053988f5e02","chain_node:v2_502374a002f4889e765d3f2355be4b14a4f630ba","城市生活垃圾收运服务","","ChainNode"
"d22c2c13-df7b-5163-9e90-9b4b19fe0f68","chain_node:v2_cceb0347bc9268775198af77982f83a8d4ee441e","聚合级丁二烯","","ChainNode"
"d22de53e-2e00-5676-bc93-5c412ca3d022","industry:sw:workbook_snapshot_v1:650300","地面兵装Ⅱ","","Industry"
"d22f48c6-1510-59ba-b1ed-d999b7ab4ad5","chain_node:v2_a121da4673644553a6c23682cbb24c7d312c253c","PLC处理器模块","","ChainNode"
"d236da2f-ab88-5aec-a7bf-8207f72362d9","industry_chain:artemisinin_antimalarial_drugs","青蒿素抗疟药产业链","青蒿素产业链","IndustryChain"
"d242e8f7-7495-5437-8607-798967bec358","chain_node:v2_4362a266186306acf853ad79bbcbdee2718c47ba","城轨线路与车站基础设施","","ChainNode"
"d243e19c-3e88-5f2d-a6bf-f036624d2f51","chain_node:v2_8a6a42b67930410ceb8ce432bee8a0d205b2271a","C-V2X车载终端","","ChainNode"
"d24b80c4-a2f2-59a1-ad58-86db117d397d","industry_chain:textile_dyeing_and_finishing","纺织印染产业链","印染产业链","IndustryChain"
"d24e6ba7-4a93-5605-9661-a3a90fdef263","industry_chain:formal_education_services","学历教育服务产业链","","IndustryChain"
"d24ee7f5-a448-5961-87e3-a2713f86be2d","industry:sw:workbook_snapshot_v1:620403","国际工程","","Industry"
"d26ca20a-5440-5baf-96d9-62d8d93b08ca","chain_node:v2_23e4e995c73f7c08fd0e60566c1b6e90c9e00fb3","转炉炼钢工序","","ChainNode"
"d28ca992-32bf-5e5a-a54a-c67de7d2a39f","industry_chain:community_group_buying_services","社区团购服务产业链","","IndustryChain"
"d28cf953-b87e-5e68-be3f-2f2559f158d0","chain_node:v2_982a84d517abcad8f353c588698afdd208782c70","社区团长服务","","ChainNode"
"d29765d7-2e0b-5a0c-9e0f-2519a37d4f28","chain_node:v2_e2b675ab9bf985d6a63bf0b0ca110601689a11f4","ArF准分子激光光源","","ChainNode"
"d2a815ba-0548-51b2-a1d4-2a6f506a4e0b","chain_node:v1_89e6a9114bdf3dd5210defc8479fef8d6a0493b7","航空机电系统","","ChainNode"
"d2b7deb9-68f7-5e17-bc2b-4400f10b5d9e","chain_node:v1_462df912897d3371bd963ebb5e86d92f626a7e15","染料","","ChainNode"
"d2e96c1c-0d67-58ae-80d9-eee562c1e8a1","chain_node:v1_079f9aa10502ae513344faedcd6833e370fcf41d","电池化学品","","ChainNode"
"d2fe9fff-6dda-5f9d-8256-e21ed2696041","chain_node:v2_96e2b10daf7ae91cc00c4adf1a2069c236037c76","PCR引物与探针","","ChainNode"
"d31b633c-f8da-51f5-9017-5cd66541fe1e","chain_node:v2_50debbe2c7b9bee4ff34eb3a265419ce7be50c19","公交智能调度系统","","ChainNode"
"d3215af8-480a-50f6-b941-e1133735b9c2","chain_node:v2_f47f898518c90fb03b5d2def597a1fd7fcec34c7","鞋面材料","","ChainNode"
"d327011c-2e91-5d30-a147-03c5cab0e87a","industry:sw:workbook_snapshot_v1:650501","军工电子Ⅲ","","Industry"
"d330fd72-d7c9-54cc-b448-0504fcf9192f","chain_node:v2_82689af8aa2ebf457cc9f44449a3de2d89c09b99","桌面游戏印刷包装服务","","ChainNode"
"d3351aa7-f43d-5bc2-a2d8-425d87b9beb5","chain_node:v2_49ddbd1b8be256da92b3ec9c480d1d578487f0be","深水钻采系统","","ChainNode"
"d34402fb-fd9e-5730-a550-45915fedb8e5","industry:sw:workbook_snapshot_v1:620201","装修装饰Ⅲ","","Industry"
"d3485885-f7b6-5119-bc1c-677d8b1255da","chain_node:v2_73ea5341edb0f70637184a38f2e5491cf2bb1d5d","数字内容IP授权服务","","ChainNode"
"d34afc45-2eaa-5aa4-b23e-cbb0b2aaaf10","concept:master_v1_63fe855a00401354","人工智能","","Concept"
"d3561638-9368-5804-9251-8b1f92ee5519","chain_node:v2_4493d0720b57ee22ce9f850d1f8eb8eab75385b8","光伏逆变器","","ChainNode"
"d3882237-d639-5660-b7d8-aa3563706113","chain_node:v2_19ce23b2d1fc848a5ba191b21047835d5acdc8f4","脑电采集电极","","ChainNode"
"d39880ce-c932-5e9e-966a-446852eee175","industry:sw:workbook_snapshot_v1:330200","黑色家电","","Industry"
"d3b2f675-12b5-5dc4-85fd-a60fd2ff07c6","industry_chain:hyperbaric_oxygen_chambers","医用高压氧舱产业链","","IndustryChain"
"d3b3dcdd-03f9-5cff-b749-aa20d7dad430","chain_node:v1_3efe0ba51e7bec52c175d55e16e99d104ca3a945","物业管理","","ChainNode"
"d3b50c8d-a5db-5115-a705-2a79a440cb78","chain_node:v2_cfe18c23cdfab72e669aef82517bb87ce0dc9ee5","锂矿采选服务","","ChainNode"
"d3bc0592-c1bb-5b80-8031-da6952689db1","chain_node:v2_3db06f9c79d83c8458cf9442cb525b4a45305f50","磁约束聚变装置","","ChainNode"
"d3bd5b82-c234-57da-a945-eb3ce01be0d3","chain_node:v2_76ba85cf13ecc110670c12f72efe20f580e30206","陆上风电场EPC建设服务","","ChainNode"
"d3c28a2d-1172-5a38-9905-62a6a20ddfc9","industry_chain:power_transmission_and_transformation_equipment","输变电设备产业链","","IndustryChain"
"d3cfee17-87a3-5847-a3c1-2d26fadfa303","chain_node:v1_1094c2ef5b19b0b11d3ef68741fcd0de7e46414f","数据确权服务","数据确权","ChainNode"
"d3e36cc3-8c39-5673-8fab-ddf2f4d8191c","chain_node:v1_42f3d56e404784fe99d2c4616252f7ce960ee42a","氯气","","ChainNode"
"d3e5ca9c-676e-566d-8d7d-5b25a5d9954f","chain_node:v2_5229f5840ec47e55fb8a70257c5670842405bb5a","社区团购平台","","ChainNode"
"d3e74ccf-0782-56ab-91a1-ddbf76d5f8d3","chain_node:v2_1c5ad15a05eed56ab3da3e2052dc2ceeec071773","LED荧光粉","","ChainNode"
"d3ea8367-4a9d-58d9-9cdf-d51be50b8a55","concept:master_v1_2b4ff86c12deac55","NFT","","Concept"
"d3eec515-9ed1-5f95-b55f-12b91e74d143","industry_chain:monoclonal_antibody_drugs","单克隆抗体药物产业链","单抗产业链","IndustryChain"
"d3f8bae7-8294-51f4-be2f-7f7da8afd9bc","chain_node:v2_0358b107b2b5cc903c448064c2ae7a6635579f91","丁苯橡胶聚合服务","","ChainNode"
"d4012131-d248-5fd4-b26b-33072964a03e","chain_node:v1_37ad4608adf445f36317c453f2531a254f312fe2","油气开采","油气开采Ⅱ|油气开采Ⅲ","ChainNode"
"d43db3bb-7823-570b-8ecf-098946e9beda","industry_chain:ecommerce_technology_services","电子商务技术服务产业链","","IndustryChain"
"d4504546-b5b8-5ba5-adcb-21f140932ed2","chain_node:v2_6f855f46604f535045ba44dd717fa59363607de7","特高压直流换流站基础设施","","ChainNode"
"d46234c8-0d77-5aed-8aab-60de49eb8dbd","industry:sw:workbook_snapshot_v1:460700","本地生活服务Ⅱ","","Industry"
"d468b02c-c32c-50c5-8a25-2b313b2ed260","chain_node:v2_3de938a2db96ee0c6a571c40c539e58d1705df74","城镇供热管网基础设施","","ChainNode"
"d4845dd7-487e-556e-a1db-435e2b53843e","industry_chain:brand_marketing_consulting_services","品牌营销咨询服务产业链","","IndustryChain"
"d48ab958-080f-5f36-a787-38dad348d632","chain_node:v2_ab6c3d190785522f35e3414033adbe45953997ef","水源地与水库基础设施","","ChainNode"
"d4a7f56e-a5b0-5493-9fe9-12d30eec9ab5","concept:master_v1_f7dd3258648fa349","核污染防治","核污染防治概念|核污染检测与治理","Concept"
"d4b37147-d54e-57d7-9cdf-af2fe67b2298","chain_node:v1_758787b867a4ad52eb63c01c983a6affa62e8166","汽车电子控制单元（ECU）","","ChainNode"
"d4ee8b46-8b80-5f42-879c-05642d0cb814","chain_node:v2_0bbfb34869dea4c185f8cbe8a5ae400cbe846701","个人护理小家电微型电机","","ChainNode"
"d506e00b-c05c-56b7-996f-5099c893170e","chain_node:v2_d9c09f2dfe3e8ca5fd3e6fcec7101e7446ef815a","磁悬浮轨道梁系统","","ChainNode"
"d52e1760-a69d-5d02-8000-dc86f69cab29","chain_node:v2_560bcac44f1cee820e00c698a1294f5b85fef3ec","超市生鲜农产品采购服务","","ChainNode"
"d530fe5c-f148-5bd6-9f58-7b5029c1fbc4","chain_node:v2_c2c51a424115de4682a56e901df6a6f7098d9630","燃气灶阀体","","ChainNode"
"d531d96b-d555-507e-98b9-611b000055d7","chain_node:v1_0c667fb1a7cf512bcada280d7880511c0da518d6","光刻胶","光刻机(胶)","ChainNode"
"d565e849-1ec1-50d9-9f10-a74ca0aac254","chain_node:v2_793ebfcefb710ff9526dbb38e6ca85b15b978d75","工业无人机任务载荷","","ChainNode"
"d57a751a-fba0-5339-b6af-40ec0699aa85","chain_node:v2_9cec08d4bd0ecc545864937a02a61685dc29531d","工程量数据产品","","ChainNode"
"d57fdde0-d86e-5f92-b092-86bd7f621de6","industry:sw:workbook_snapshot_v1:280300","汽车服务","","Industry"
"d583233e-5a65-578c-b37c-40f36ae547ef","chain_node:v2_eb619e9febdc32d1049c5cd3998238a6d3fcc40f","电子处方流转服务","","ChainNode"
"d58a2616-1e22-5e02-80e4-0a734cd819af","chain_node:v1_c49792bed4444d65b78dc54d6996f318c1abc6c0","电子化学品","电子化学品Ⅱ|电子化学品Ⅲ","ChainNode"
"d58c02b2-e3e3-5ed5-8353-2487cce37cea","chain_node:v2_1552905ec2c08f65c464eec57351859113e2ec75","刀片电芯","","ChainNode"
"d5919232-be74-564e-a676-7eafbd17f507","chain_node:v1_9b464091a70beb966e3818ff06e729db58462493","混炼胶","","ChainNode"
"d59ad96e-cfa0-55b8-831c-2c2f367cdf5b","chain_node:v2_3dc413c29aa9a5af775874e031d727f41aee94a5","卫生用无纺布","","ChainNode"
"d5a23a33-0715-5c65-bbcd-2e2d29e3fc08","industry_chain:ecommerce_managed_operations_services","电商代运营服务产业链","","IndustryChain"
"d5ab53de-0adb-5921-bcd1-6632c6f2551f","chain_node:v2_bee6a9c06df79ff4d1288145d0c8227fd3fdb3b8","电子病历系统","","ChainNode"
"d5bdda0c-f7c4-56b7-bc77-ff8a6c850680","chain_node:v1_0f699f761658132d357238bfeffc31c1973747cf","汽车电子电气系统","","ChainNode"
"d5c251af-c5d7-5138-8610-f08e902b9d09","industry_chain:port_cargo_handling_equipment","港口装卸装备产业链","","IndustryChain"
"d5cb9d31-a2f3-5d91-a9f2-de5cc9586d7e","chain_node:v2_664dc45b3feb44cfbeafafaa3611e2057c2c61f5","刻蚀气体输送系统","","ChainNode"
"d5e14aea-9cc7-55e7-8982-a153de2be000","industry:sw:workbook_snapshot_v1:720703","图片媒体","","Industry"
"d5e2dfea-8c90-58a6-884f-75a41c0f53b1","chain_node:v2_7a5c18ecfc300c1837afcf2834f939b35b1eb79f","零售仓配履约基础设施","","ChainNode"
"d5fd8a09-86e1-5655-8dea-e96c0c80e7b8","chain_node:v2_9f6a36c7cb8dd886b9eafd770be96038305a13e4","光伏单晶炉","","ChainNode"
"d600ac4c-6824-5f62-89d5-e36c42ffd6a5","chain_node:v1_602483dcf3a3ca57832d4fdc3346e63b0d0ed160","存储芯片","","ChainNode"
"d60a5605-d4ba-5a74-9b16-e24b4fecd212","chain_node:v2_6385fd825fba062933a5d4d04a89aba185e429cf","复合调味料","","ChainNode"
"d60afceb-55b7-5ec1-9bc5-6fdaee93b91f","chain_node:v2_803dea24e173e22342afd741461a5adfd52871f9","电子处方与在线药师审方系统","","ChainNode"
"d614646d-4498-58ea-8c11-9ec66684447c","chain_node:v1_91aa6cade27e6eab1dca32513b91962ad03e4f77","旅游零售","旅游零售Ⅱ|旅游零售Ⅲ","ChainNode"
"d62ab13b-a9bc-5020-b41d-20ef60badca4","industry:sw:workbook_snapshot_v1:640702","工控设备","","Industry"
"d640b1d7-056c-5900-90e3-914dbd2c09f9","chain_node:v2_a6491128fa02d0df523e96c1ad0e0f2d474ac451","交通工程勘察设计服务","","ChainNode"
"d646216d-0236-53fb-bab0-803c408ca28a","industry_chain:orbital_space_stations","轨道空间站产业链","空间站产业链","IndustryChain"
"d647817b-9f4f-54c2-8cf8-6a51e113aea0","industry:sw:workbook_snapshot_v1:640106","其他通用设备","","Industry"
"d648ade5-81a9-507b-b939-b40f828d9a4e","industry_chain:industrial_wastewater_treatment_services","工业废水处理服务产业链","","IndustryChain"
"d664135d-05af-5928-9779-745d89ee4074","chain_node:v1_c739393fc0020e9ebe2e285d9251b03c77612046","厨房小家电","","ChainNode"
"d6650d1b-dfba-58b7-88aa-9984e60aa90d","industry:sw:workbook_snapshot_v1:490000","非银金融","","Industry"
"d66c1139-7c07-5c59-8420-0be24eb798a0","chain_node:v2_514640f9aa4cfffdf7449e764a1f055e3dd41edd","家禽屠宰分割服务","","ChainNode"
"d67985dc-0eea-5d41-9abf-8e2630632e5d","chain_node:v2_13292d500a556696a83f960118a2629992b03c22","合格原料血浆","","ChainNode"
"d6cd9c15-2172-5357-8e42-219aace45708","chain_node:v2_7ba432a3f78087c2a8774fa7d137a84686a8eda5","便利店鲜食供应服务","","ChainNode"
"d6cf6776-9ab6-5fe4-84e2-e7c7c820a30b","chain_node:v2_7cac54d396f5841f03ed63828a40fec995f29918","地热换热系统","","ChainNode"
"d6d41114-208f-5537-89a5-d419b7da6fd5","chain_node:v2_1a8e93d7d7b29a268ca37f4763e54a79295c0973","煤制油产品升级工序","","ChainNode"
"d6eac64d-d243-5f87-ae56-3a2194436184","chain_node:v2_1bdfa8458613c0f4c951c1f09ff21439f31d254d","网格仓配送服务","","ChainNode"
"d6ef7475-3ed1-5e03-b199-45087177d29e","chain_node:v2_df82005e82753f6e98b8846bbcd297ac396794a3","卫星互联网用户终端设备","","ChainNode"
"d6ff498b-96ba-5a4d-abf4-db72e8fdae0b","chain_node:v2_e4a7d798badba9bfe2b0ab9a843cf5e9fc9f05ab","光伏逆变器功率半导体模块","","ChainNode"
"d7230e76-dbbd-5346-a086-b2df73c77596","chain_node:v2_1a31b173956db35fb1711050dd36c86554d19eb2","出水水质监测服务","","ChainNode"
"d7390f11-fd10-5383-886f-ecc857040bed","chain_node:v1_02cdd1f733ec33d5a381da03a3d3f0d1faff10b6","装修装饰服务","装修装饰|装修装饰Ⅱ|装修装饰Ⅲ","ChainNode"
"d739e3c6-be66-5240-894f-a26566291e4b","chain_node:v2_a82fce4b0565ac61b4156861880931d16c467940","氨碱法纯碱生产服务","","ChainNode"
"d73cfee5-2a94-5379-a123-5cd243550134","chain_node:v2_3b6d22169d4d31ca2517f511c2826257d2526d02","抽水蓄能电站基础设施","","ChainNode"
"d7486b04-1e78-51e0-802f-b6b3104c2c18","chain_node:v2_fc65cf7f6bf15d0362cb0006b395e6f66e56d135","人造石墨包覆与筛分服务","","ChainNode"
"d74b3efc-5037-5ee2-8844-87902b6e1466","chain_node:v2_7c02f6c9fbaa569590a07c2c3696774ebde78069","单抗GMP生产与制剂服务","","ChainNode"
"d74c41a7-dd85-56c2-87dd-8458dc913622","concept:master_v1_7b8cf8313e7e3157","DRG/DIP医保支付改革","DRG/DIP","Concept"
"d74d9857-acff-575c-856d-52a8e4864c70","industry:sw:workbook_snapshot_v1:230300","冶钢原料","","Industry"
"d77bece1-9aad-54b1-a799-ca645e83530a","chain_node:v2_652d9910dd77fbb5210914d735ae75feca12e144","铁路煤炭运输服务","","ChainNode"
"d79109f2-d176-5a62-bba2-49aa05ddd98b","chain_node:v2_88e9fddf480bd839861332788ad52efecb7e97c4","LED蓝宝石衬底","","ChainNode"
"d792d41f-e0c9-57cc-95b7-b34ae94d7ddb","chain_node:v2_e7d99b7350729681bd3066ace80a5ca6adaf57a7","汽轮机","","ChainNode"
"d7a30a4d-74ed-502d-9338-3efce19e9cfa","chain_node:v2_c7c7649039428c0956a1af6580d288148b565639","职业教育办学许可","","ChainNode"
"d7af4fef-b2ed-5f4d-8103-f2e4e9574688","chain_node:v1_d50c6bc6ab403430bf02789b8e4e38682b13ea51","营销代理服务","广告代理服务|营销代理","ChainNode"
"d7ca8d13-1982-5b8b-ac69-e443e8804281","industry:sw:workbook_snapshot_v1:490305","租赁","","Industry"
"d7f19e0e-b843-5be5-9b3f-0ab6a5b8a68d","industry_chain:discrete_semiconductors","半导体分立器件产业链","分立器件产业链","IndustryChain"
"d7fd8662-a908-57b0-9a2a-2df9e5641d8b","chain_node:v1_8100f292cf3fb9c8386e2118264ddf07c976152d","玻璃基板","","ChainNode"
"d80e3aa0-463e-5c81-b74f-e925379a443e","chain_node:v2_e9702deccb7054a761de18bef48ca29519af38e2","冷链温度监控系统","","ChainNode"
"d828d94c-b6dc-548f-8e26-fb235740b3cb","industry:sw:workbook_snapshot_v1:110702","生猪养殖","","Industry"
"d839819f-d20c-5576-8361-9430201e0265","industry:sw:workbook_snapshot_v1:480401","城商行Ⅲ","","Industry"
"d84a8130-f446-5e65-8fe6-9bfdd28513e6","concept:master_v1_7a67249067521503","华为智能汽车生态","华为汽车","Concept"
"d86013e1-3bdc-5a0c-86ed-b37c715f5f1b","chain_node:v2_c94c77c91105c85725c053adb8fb802a6f3b9a44","圆珠笔金属笔头","","ChainNode"
"d862ef9b-847f-591c-a2cd-fce0bcce5159","chain_node:v2_cf7a2d0911a73e8c3bb54004cd1571b9f0fa0b4f","组织化植物蛋白加工服务","","ChainNode"
"d87b701c-116b-51c5-b6f5-4124c1370cde","chain_node:v2_02fb8047f7786812978b48011fee9ebbfff46284","家用空调换热器","","ChainNode"
"d88338fe-7bfc-5e95-ad3e-b6db31f3159f","chain_node:v2_652b7b85657544c3427a37c8881b6a58cf32b537","太阳盐（硝酸钠-硝酸钾）","","ChainNode"
"d886bc8d-138b-5b73-b9cc-16e90f0fd491","industry_chain:coal_to_methanol","煤制甲醇产业链","","IndustryChain"
"d896309b-1134-57bb-858c-c768c6be155f","chain_node:v2_6d38bd06f287828f322dcb7f00da39e4d6b6b338","5G核心网","","ChainNode"
"d8aab191-daee-5b57-a09a-c1ce9ff03480","industry_chain:electric_vehicle_charging_equipment","电动汽车充电设备产业链","","IndustryChain"
"d8bb4bc7-0b74-5b71-9e6f-7e8e9cd731e2","industry_chain:rubber_chemicals","橡胶助剂产业链","","IndustryChain"
"d8c19e61-3947-5cb3-9039-0722585cb0ed","chain_node:v2_2083b0df9bb28f5c655c9c1b6cdea580f2766eea","即热预制菜","","ChainNode"
"d8d60bb3-7d50-599d-a230-b04a4fddf803","chain_node:v2_e4baf368231b242810cde9dbbd3fe969e164b043","工业烟气污染治理服务","","ChainNode"
"d8d6131b-2e8a-594d-b5bc-92bbd8cbf728","chain_node:v1_8c6007573e72266d74258d9b6533c95b2a687977","船舶制造","","ChainNode"
"d8d8c3bd-ef36-5170-a68e-38be29d1827c","industry_chain:printing_and_packaging_machinery","印刷包装机械产业链","","IndustryChain"
"d8e2bda9-12dd-5e9f-9c84-980a922a39f5","chain_node:v2_608669c4ccfb343aaf34cc642e46d38ed29001a0","视频内容分发服务（CDN）","","ChainNode"
"d8efec65-b1d3-53b9-ae43-65ff406da088","chain_node:v2_ff703cb1a0919495590f221f659779b86cc88f91","5G基站基带单元","","ChainNode"
"d8fa0bc6-ce29-51a0-a2dd-ac6f96cfccc7","industry:sw:workbook_snapshot_v1:650000","国防军工","","Industry"
"d900fc16-0df4-542e-9c80-8a61df3fa158","chain_node:v2_09990bd80867a303d8dc20520ff17b391a745bed","先进封装芯片","","ChainNode"
"d902bf9b-2d4b-581e-a7a7-2eb0560b81e7","chain_node:v1_a683492ba6794a2615219d9453838fe927a2aa3a","AI语料","","ChainNode"
"d9178756-d64b-5d5c-bbf9-a75feda5aad7","chain_node:v2_43b093ea4e962b0721f50650930dc45b8cae45a3","电池级锂盐","","ChainNode"
"d92a7838-38ce-508f-a6cf-5945b73d5f6e","industry:sw:workbook_snapshot_v1:360311","其他家居用品","","Industry"
"d92e712e-85e5-5b33-8157-01a448ec135b","industry_chain:steelmaking_refractory_materials","钢铁冶炼耐火材料产业链","","IndustryChain"
"d934cb5a-b8e1-5f97-801e-d514fbd2199e","chain_node:v2_0ebc1c4243e01acabea37996bd5986845ebef028","C-V2X路侧通信单元","","ChainNode"
"d9443245-de88-5bf3-ae1c-19827ad6964d","industry:sw:workbook_snapshot_v1:220305","涂料油墨","","Industry"
"d94bb7af-5416-56b4-96c2-03d261413e49","chain_node:v1_17ee1dcc2758d3017d1b4c987e48c7ed5e5856e5","3D玻璃","","ChainNode"
"d956e57f-3d6f-53bb-b7ac-9f08b01164a9","industry_chain:municipal_infrastructure_engineering_services","市政基础设施工程服务产业链","市政工程产业链","IndustryChain"
"d96c325a-7c81-51a0-8d40-9e2fbcfe0066","chain_node:v2_40d9560de4b36a028eb56661ecfd431fc7e45df6","通信光纤拉制与涂覆服务","","ChainNode"
"d96fccba-ed28-5e96-87e8-f6cc8f2fbac4","chain_node:v2_d1e0fb3766fcc3297722056a462bdc96223d9aed","待批签发血液制品","","ChainNode"
"d97ac5f1-fe98-541d-b3c1-1b778e45373e","chain_node:v2_6e3baecc5b1ff41abbe8cb98c89fdda16ef14aca","游戏IP授权","","ChainNode"
"d97be4d6-f614-5e26-a58f-08822118848f","industry:sw:workbook_snapshot_v1:630306","其他电源设备Ⅲ","","Industry"
"d9a8d441-5828-5237-ac8a-56c3440439e4","chain_node:v1_c89a95b0adf1560c8125e8c8e331cda2ed6e6b6b","粮食种植","","ChainNode"
"d9d7abd9-4e36-50ba-ac2b-7ad0c8a0a990","chain_node:v1_0e7fc23376060875a7bf6d6c4b504cd4bded5b7f","汽车轮毂","","ChainNode"
"d9f177ae-ab9d-5b24-a9f8-60a4b3732205","chain_node:v2_d426e318d679bfeb5a67e65458362f5411f4a8d6","粗氦提取服务","","ChainNode"
"da08b305-82c1-5360-831a-3e420ab95afa","industry_chain:academic_subject_tutoring_services","学科培训服务产业链","","IndustryChain"
"da215de4-accc-53e4-9f02-55a87df0679c","chain_node:v2_e8fc7ca0f60c4bc11c274e7eb1e7c4dd1c862d38","冷轧板卷生产服务","","ChainNode"
"da24c0c7-6d61-5677-9fa8-c0532c405dfd","chain_node:v2_a2d4b1eddeb67c18f11d7227f049c30f1a166a11","DRAM裸片","","ChainNode"
"da3211eb-891c-5a22-9612-408f8f02e518","chain_node:v2_9bc3137bdb77d4928ac918a79241aaa5a8ae840d","钢铁耐材用烧结镁砂","","ChainNode"
"da448415-8c7a-5c82-babe-1f2ac07da727","industry:sw:workbook_snapshot_v1:220503","改性塑料","","Industry"
"da492fa4-8978-5388-98a0-736ceb44475b","industry:sw:workbook_snapshot_v1:340901","调味发酵品Ⅲ","","Industry"
"da552182-5010-5b49-af1f-31b11ce407f1","chain_node:v2_1f68601b25909cb5c1ff18f5eb22cbf22e2e040f","电子传输层材料","","ChainNode"
"da6094c3-71c1-520d-ac64-b78499edfef9","concept:master_v1_0a820ee1b12f2bf3","新型工业化","","Concept"
"da64bff0-e233-5151-9c70-d0dffc8c30e8","industry_chain:superabrasive_grinding_tools","超硬磨削工具产业链","超硬磨具产业链","IndustryChain"
"da697d93-014f-5063-94eb-367d9d445d05","chain_node:v1_bd01a49fbfb2bac34d90936c48b6bb7d9bec3259","锂电专用设备","","ChainNode"
"da6a75fc-669e-54be-9877-7753e5ec8077","industry_chain:led_packaged_devices","LED封装器件产业链","LED封装产业链","IndustryChain"
"da6ccab5-e5b4-508d-b6e8-79333e0f089b","chain_node:v2_f57a8eb746e4d8bd1289c2b319451c1d24d58f33","原煤","","ChainNode"
"da7b838b-f076-571f-aae7-3c57bdead414","chain_node:v2_540e1e06fe90c4146b1401e604d0241518e526ee","人脸识别算法软件","","ChainNode"
"da86a97c-0852-5933-8502-298a5b500dcd","chain_node:v2_2727d9c7da6075e96d31d9798b914f219dcb4948","城轨车辆检修服务","","ChainNode"
"da8d9488-0620-5321-89d0-ef6be459a3d6","chain_node:v2_c8ebb70b0f53e98efcae2fd411e52604f510dc4e","城轨勘察设计服务","","ChainNode"
"da948157-e06d-557f-8e2d-bfdffa326462","industry_chain:infant_and_child_products","婴童用品产业链","","IndustryChain"
"da9d2847-f4c1-5007-be8e-79218680d40a","chain_node:v2_d840f074576f2c13807114789fbebaf2a20c9a4d","光伏POE胶膜挤出设备","","ChainNode"
"dab06e89-6fbf-59a3-9ae0-2f78b7dccc0b","chain_node:v2_bd43b4a6e442760a782c1076d87c81e2b4ec0215","游戏合规审批服务","","ChainNode"
"dacc1ffb-2f32-5f0a-8f68-aba86718e9a1","chain_node:v2_3ac16919b382d72bd8b83b4bedc299c4a78cc9cf","原水输水管渠基础设施","","ChainNode"
"daeac03f-c59d-51c2-8654-2be990f24261","chain_node:v2_8e204efbb5a70cb46714b41dc362c13281105212","虹膜识别近红外光源","","ChainNode"
"daee529d-0178-559c-ba6e-52864bd4747d","concept:master_v1_552ea903cacd9c73","通信技术","","Concept"
"daee7d3b-faa1-5830-afa8-6347e90b8101","chain_node:v2_d2d119e34985b0cc3f649f9ec6240ffdf20baa1b","Wi-Fi 6企业接入点","","ChainNode"
"daf3d7be-adc9-56f1-8789-f26a5afd3153","concept:master_v1_d2f5395ed4bfa806","互联网金融","","Concept"
"db198e95-c71c-5ead-b0a1-5595adf45d73","industry_chain:domestic_it_infrastructure_solutions","国产信息技术基础设施解决方案产业链","","IndustryChain"
"db1df63e-613f-565a-98f1-2f54103ade9b","chain_node:v2_2581080a45fa683a582beb05199eeb0bd84176c6","钢铁连铸板坯","","ChainNode"
"db1e693f-e0bc-5e98-960c-573e0411b1bc","chain_node:v1_35cad0fa7d4bdbd37b7dfa5a5e264bcd32c988b0","显示面板","面板","ChainNode"
"db2bb2bc-c463-567a-b689-5307358bf596","chain_node:v2_d76f7c21d0651737d15bd4f7904bf553af3ec081","银行支付账户服务","","ChainNode"
"db34bd7e-e3d7-5aec-a268-a19be9fd3e04","industry:sw:workbook_snapshot_v1:630600","风电设备","","Industry"
"db3cc954-f456-5e0c-990a-e55e11ac755f","industry:sw:workbook_snapshot_v1:630702","电池化学品","","Industry"
"db41b73a-1709-5f19-bcdf-a40aa9a2031e","industry:sw:workbook_snapshot_v1:280600","商用车","","Industry"
"db4d9d65-8781-5f9c-b434-2e06d48f4383","chain_node:v2_0e7007cb0d9fab9002705260264db30476b3b774","产销协同S&OP计划软件平台","","ChainNode"
"db5761f9-9f3a-5141-89a0-91a98634f80a","concept:master_v1_6a8889db7f537ab9","大豆产业","","Concept"
"db64bf63-47f4-57cc-a0fd-a6f6b00368ea","chain_node:v2_814281e405af84dcdbc2f26d8507080bf3ca212c","星闪终端设备","","ChainNode"
"db6c3365-d107-564f-9a46-261ccf8c1d40","chain_node:v1_397dd3187e050e8e157dbfc406c97cef9adc1012","消费电子零部件及组装","","ChainNode"
"db7a0b40-c345-5d6c-a364-c778a0de3ecf","chain_node:v2_09204e0bc868823d423d09f94e11121dda469438","微波等离子体CVD设备","","ChainNode"
"db8103e1-8287-52de-a223-4cf6bc157bd0","chain_node:v2_24e3c9f6245de0d6caa99fac711f9745575d76f2","免疫诊断抗原抗体原料","","ChainNode"
"db8b6c1d-8184-5a21-a89d-bf22cd8651c5","chain_node:v2_b54cb5e8e86a6d7868d76bcfb9c6f9f361d7d1c4","安全运营中心平台","","ChainNode"
"db908d0c-65e6-5c8c-a0e8-fc8233ad62f7","chain_node:v2_8e9fa7f37aea87a2223fd2d8cdd311e7fb7bcb7f","智能眼镜惯性传感器","","ChainNode"
"dbb78af0-bba7-51ce-96b3-eac53628bf29","chain_node:v2_62a2883bcca614875aa45e1986e6c30b5ec7e8b1","光伏金刚线切片服务","","ChainNode"
"dbbfed49-e444-511e-bd35-7e9731f4fd69","chain_node:v1_34465423483ea9ecc9239776aca2827fbe8fc82a","煤制烯烃","","ChainNode"
"dbc16c42-b835-57f2-a48b-2dad8fbc49b9","chain_node:v2_7fe60be679dd9af685276f312ac07feba9eb2833","培育钻石毛坯","","ChainNode"
"dbc52075-7e7b-5b17-b4b1-bafbf5c81a24","chain_node:v2_096d70f5f73cb30eeae58024ec34a3b9dd3aa122","冷藏运输车辆","","ChainNode"
"dbc77d9f-ea43-5f32-9ccc-f5847ac8f15d","industry:sw:workbook_snapshot_v1:640701","机器人","","Industry"
"dbe341fc-2c35-576e-a1d0-2cebb534288d","chain_node:v2_a118c8131076c1250f988af37b3e3d0459d8a1a8","钢筋轧制服务","","ChainNode"
"dc070d20-d668-5f70-b0d4-2f3a71b72586","chain_node:v2_82a2935927dce928df967b04dd0ab663647d8549","扫地机器人","","ChainNode"
"dc16a887-08fc-543e-9bdf-81c23463b275","chain_node:v2_cd3a4ed3b15f5cdf6ccaa51e50079d150448d11e","低温空气分离服务","","ChainNode"
"dc1a3702-b934-5b83-a4ba-ab3659a462d5","chain_node:v2_09350f2077600a11f05a108baa6d818129416220","航天测控基带设备","","ChainNode"
"dc2aaf94-8b1d-5352-9cdd-30cfe2887849","chain_node:v2_1b0edd24a8d52e0fae4cecb6509cc1154c7d0bc1","氨纶干法纺丝服务","","ChainNode"
"dc391d8c-3f94-590f-be42-a8e4a04563b9","industry:sw:workbook_snapshot_v1:270600","电子化学品Ⅱ","","Industry"
"dc46975f-0441-592c-9588-18a7c90e7793","chain_node:v2_07db556869461f121dae68ba463aa11a06031a1c","纯电动汽车整车","","ChainNode"
"dc75a5ad-9220-58cd-a1c4-6b692cd11cc0","chain_node:v2_569baca88e711ac3e3dc351b08f0f992cc68eb76","时空大数据平台服务","","ChainNode"
"dcbb0c79-bf12-5101-90a5-df0c28831aee","chain_node:v2_8f2ed0e37c12fe0b86b5399d1d6b3cdab675a174","熔盐循环泵阀系统","","ChainNode"
"dcc11dd3-5df6-515d-9b2d-374561ebba98","industry_chain:coal_to_synthetic_natural_gas","煤制天然气产业链","","IndustryChain"
"dce102ff-a904-5e30-92cd-e834c3fb7c3e","chain_node:v2_dc3706cbab26d392c9ac55b4466e3ba5ff22d2ed","图书发行服务","","ChainNode"
"dced1c07-eb7b-5053-98ea-f4dceb8b8e0e","chain_node:v2_676f33a500b84c51b0e834dc23dbc1442ed4ae17","医院血液检验服务","","ChainNode"
"dd03ac91-eb7f-571a-8f53-5caa78241066","concept:master_v1_869fa6e5c361bd04","体育产业","","Concept"
"dd0772a1-e688-58c9-9556-5280cb10cbaf","industry_chain:marketing_and_advertising_agency_services","营销与广告代理服务产业链","广告代理服务产业链","IndustryChain"
"dd0f3ab2-acd4-5038-8e3e-6dd2ede5a284","industry_chain:flat_and_container_glass_manufacturing","玻璃制造产业链","","IndustryChain"
"dd11a91a-404e-5089-8238-286dcf8388ce","industry_chain:high_voltage_switchgear","高压开关设备产业链","","IndustryChain"
"dd19a6b5-f78c-59dd-bc0b-0ee1ebfb0deb","chain_node:v2_099fdaada911f8aa42e49aaddc76d439d6503050","风电叶片结构胶","","ChainNode"
"dd277cd5-7a9d-5da1-a2f1-c597381fd83f","industry_chain:hvdc_converter_valves","直流输电换流阀产业链","换流阀设备产业链","IndustryChain"
"dd3a1ff5-5555-54d2-806a-dc8a18dd651c","industry:sw:workbook_snapshot_v1:340801","零食","","Industry"
"dd4a0baf-ece5-5212-ba53-052984ed8c0a","chain_node:v2_ea6d033ff4222ba6cf5f6e74952a23d9f335309d","订书钉用钢丝","","ChainNode"
"dd5ec77d-dced-52a2-81ff-ea62db308183","chain_node:v2_1c7e3543696e9a710be715033b5fa340255f449b","光伏电站发电运营服务","","ChainNode"
"dd64a6d4-413e-58e2-8d46-0f7201c045a4","concept:master_v1_a4edddf76df35592","华为数字能源生态","华为数字能源","Concept"
"dd936e42-71cc-52a0-9ba3-74d114da61e3","chain_node:v2_669fc8b132ca5624e3ceaf8ac8b450d5f6f54531","光伏POE胶膜挤出制造服务","","ChainNode"
"dd946545-b18b-5ac1-8bc2-4c2c70d9de04","chain_node:v2_8c80d0a1530254dad532f3c2d1a532676763eb6e","光伏层压机硅胶膜","","ChainNode"
"dd9eccdb-9ee3-5e32-b4b8-0761a2b462e7","chain_node:v2_dee9c9f8b318d4de27248733b85cf6a6e13d63f0","无水氢氟酸","","ChainNode"
"ddb4bbad-100f-50c8-bdf8-60b992f74d0e","chain_node:v1_d944519ddf47587a6808d442f550bd409903ffca","共封装光学（CPO）","CPO|CPO概念","ChainNode"
"dde87c7d-de5a-5d1c-bebc-3e5b34cc0c77","chain_node:v2_08a3bfd8f4d094b792f36b5d135a96bc40281496","商业地产开发服务","","ChainNode"
"ddf3a327-94fb-5bf8-a1dc-bc57923e6b76","industry_chain:ceramic_tiles_and_flooring","建筑瓷砖与地面材料产业链","瓷砖地板产业链","IndustryChain"
"ddfee239-4004-5ab0-811e-99a16075c167","industry_chain:medical_waste_treatment_services","医疗废物处理服务产业链","医废处理产业链","IndustryChain"
"de0592a7-3b47-56a3-a359-97586e7e21fe","chain_node:v2_ac09674024ebd412217ca3a8c48c85396dde3d8b","农林生物质燃料收储运服务","","ChainNode"
"de0cefa1-8986-50f2-b927-3033aee33eeb","chain_node:v1_684f922f1d11adafdef1f9f3945c91ff99e39ca0","POE胶膜","","ChainNode"
"de1b7346-0c74-5dc7-8992-dd1b8f1e0314","industry:sw:workbook_snapshot_v1:460804","其他专业服务","","Industry"
"de2448b2-ff97-55e4-a221-0c0d8b6c1f0f","chain_node:v2_07e1353efa8bad07d3391b94d6d7a5e06e216304","液冷充电枪","","ChainNode"
"de320283-8bca-513f-9314-38b628be4081","chain_node:v2_1c2ef7e566e02e4bf998266c9a0c0322b2b05cb1","超导量子计算机","","ChainNode"
"de47536e-6029-561f-a7e9-c47bf3c90796","chain_node:v2_434138c45a492b48e67dd894f54ca53f748f4e89","折叠智能终端","","ChainNode"
"de51f7e6-ab20-5356-9185-ef7fff2329c2","chain_node:v2_921f7a4e14deb9188e77b8b073a213d1d465ee1e","第三方检测实验室基础设施","","ChainNode"
"de5866fe-f79e-5365-9bf6-a12b96a23060","industry_chain:cold_chain_logistics_services","冷链物流服务产业链","冷链物流产业链","IndustryChain"
"de867ad9-5b19-575c-a082-ddae266007c9","chain_node:v2_f2e236749f0fea08108f3019f714f50d36b61a52","生活垃圾分选设备","","ChainNode"
"de8e8c6b-65aa-577d-9c45-386930724d79","concept:master_v1_bf23c14b49d3b49b","高端装备","","Concept"
"de8ef3b1-5c7a-5468-b611-c522b015cf1b","industry:sw:workbook_snapshot_v1:270303","光学元件","","Industry"
"deb3517a-25f6-52a4-abb2-8a0f902dc817","chain_node:v2_670cc022aec96fca5ec4ca8627e3656986353e79","融资租赁服务","","ChainNode"
"ded1b732-f8de-510c-a04e-22c5a82882df","chain_node:v1_d13d873cb4d9b63915b9967a860f97ae6296f7b8","刀片电池","","ChainNode"
"dedcf8fd-df33-5c68-8e0f-0580f3bdbec6","industry_chain:hematology_and_coagulation_diagnostics","血液分析与凝血诊断试剂产业链","","IndustryChain"
"def0b1c7-7620-5929-9c83-d850bb9df7f1","chain_node:v2_be9bcfddf17c592d723ad4238f4970fb412ee418","玻璃纤维增强材料","","ChainNode"
"def77419-b16b-598f-b86b-374c5808de3b","chain_node:v2_ad827cecb071156aaca674f221c47d6eed3a3156","数据登记存证平台","","ChainNode"
"df0056bf-d190-5212-bed7-b24e043d6050","chain_node:v1_98fa55ad29b7729faf0d32e4fca0fec9239fede0","油田服务","","ChainNode"
"df055dab-ac0c-5a62-8b48-cc14d583684a","chain_node:v1_669776aa37082cc2cade1061f2a60bf088580727","金融信息服务","","ChainNode"
"df11738f-bddb-56e5-99fb-ada538ddc399","chain_node:v2_ac81dd8b55f4338448ab8eff19319c421b5774bb","电信级光通信模块","","ChainNode"
"df119117-5076-577f-b390-5f4437cbe63b","industry_chain:household_gas_stoves","家用燃气灶产业链","","IndustryChain"
"df4278eb-e227-5574-8030-71498a2dc7d9","chain_node:v2_488d061218b51e07a28a3581f3e0fbaa91a39e5d","医疗SPD追溯与库存平台","","ChainNode"
"df5c38dc-dd46-5169-809e-c33301924ef8","industry_chain:ready_to_eat_prepared_foods","即食熟食产业链","熟食产业链","IndustryChain"
"df770780-1c0e-584c-8223-5f0dd980c0f0","chain_node:v2_db34037af493535df8aba6959f6bafe4eb3be66f","轨道车辆牵引变流系统","","ChainNode"
"df85b6ae-5d3a-5e6f-9a7a-4c06faffa514","chain_node:v2_064c44f39f84d0590002acce104e88c19142ba83","洗衣机滚筒总成","","ChainNode"
"df98de88-e9fe-51fb-aeb9-d16ee6582045","concept:master_v1_ae28c168c2c8789c","车路协同","","Concept"
"df9f160a-860c-5735-a5e3-28f5145932ff","chain_node:v2_338f0fb8006c4d9393b52279d3e55d2aae5f8314","6G无线接入设备","","ChainNode"
"dfa5d3d0-1f31-53d8-81ca-5e6b43c06298","chain_node:v1_41deb734126905ecfd6701e52ef1c36d097cb4c4","医院医疗服务","医院","ChainNode"
"dfbe5f92-b772-5d21-b532-2b8537006828","chain_node:v1_25c4bd7b3daaf0e73abd3317d4d20ef30dd8c101","活性炭","","ChainNode"
"dfbf4b5a-5abb-5a80-9df9-c73ca647678c","chain_node:v1_fb6c10b3f7e9fdc9e1bdc6980eb07b719ad41bb1","换流阀设备","","ChainNode"
"dfccdb46-a604-5f93-9766-c793387bc6cc","chain_node:v2_0334585f9c36393f13a9194ee4889f114c20e8a9","商品鸡苗","","ChainNode"
"dfcd0a4a-92e9-57bb-85b5-7856a2fc47d5","chain_node:v2_6a6208972f9af7e27d294733c6a4b4ebd489357a","工业机器人工作站","","ChainNode"
"dfe13805-ac6d-5cf3-95e4-7bac22b274bf","chain_node:v2_f2132b05a1a66d87a6c2de645e1cf1cddf82851a","高冰镍精炼服务","","ChainNode"
"dfe64cd1-0d7d-57bc-85ab-a686e9e724b1","chain_node:v2_4a13fdfd9ddf3a8777c56b3d385e94d82346f4b8","线上保险保障产品","","ChainNode"
"dfe7e3eb-702a-5f3a-891d-0758aae66f43","chain_node:v1_63ec85e7a31cb7428b024f80dd3efe14a589d942","水力发电","","ChainNode"
"e01b0a84-5a57-5415-a052-f22a5ae01dec","industry_chain:ai_drug_discovery_services","AI药物发现服务产业链","","IndustryChain"
"e01bba8a-1e81-5107-80d6-aef4d0e6cb49","chain_node:v2_c62d5f18c52faccd0ffce6d01a099115e9abde1c","合质金","","ChainNode"
"e0262218-07e7-5a24-b0d1-9fa12a97d3e0","industry_chain:photovoltaic_polysilicon_and_wafers","光伏硅料及硅片产业链","","IndustryChain"
"e028be61-a370-505f-a4ee-e5c7981a2782","industry:sw:workbook_snapshot_v1:220805","复合肥","","Industry"
"e03367c1-f7d7-5af0-be1a-6678c443ca0c","industry_chain:urban_water_supply_and_treatment_services","城市供水及污水治理服务产业链","水务产业链","IndustryChain"
"e035ebaa-7d29-5caa-ad1d-9b376fb3a44d","chain_node:v2_9a3f4df1fe63ef737f5077516ec6b291ea789e5b","钢包炉役维护服务","","ChainNode"
"e0393bd1-51cf-5d7d-be13-b06897546a20","chain_node:v1_3bd824630767fd5bf5a401a8ba207eb41b44950b","钢铁板材","","ChainNode"
"e03d3027-946b-5f1c-bb58-f741c9a3f12d","chain_node:v2_290e544f81651c3fafb6e3452e5cf9a8a7a74331","机器视觉软件","","ChainNode"
"e0511b98-8902-5751-8748-bbfa3f6af05f","chain_node:v2_2ac3b56c16ca3de536aadf52893378320b0f44b5","露营营地运营服务","","ChainNode"
"e0583550-057f-5b6c-b06a-9c584974132c","chain_node:v2_e4296a003e114fc6a85cce56086f44c0f0aea502","专业连锁区域仓配服务","","ChainNode"
"e05a3fe3-9283-5bf2-aa53-c02deb7492b7","industry_chain:civil_explosives","民用爆破器材产业链","民爆制品产业链","IndustryChain"
"e0640858-a691-5cef-a068-74eac5481e06","chain_node:v2_1d3fcd3f2beceddc3b8cad02c1a9648f67e8c5f8","DUV投影物镜","","ChainNode"
"e06cb02d-5d80-5a98-be16-4e03c68a57d4","industry_chain:graphene_materials","石墨烯材料产业链","","IndustryChain"
"e07b63b6-ec73-59c9-b7b6-c6c9ff7070b4","chain_node:v2_d2c41916d2e0ddbc5215d16ef18bbd6bf75a3181","蓝牙音频SoC","","ChainNode"
"e08c6f48-3b98-53b9-a1c1-e32ca76dc9e3","industry_chain:data_exchange_and_operation_services","数据交易及运营服务产业链","","IndustryChain"
"e08e5939-bd20-5648-b4b4-32cab446dccd","chain_node:v1_68059aa11e7a993498ff44824b5d8ce556813895","港口装卸装备","","ChainNode"
"e09958af-8fd8-5c1e-a807-8df8f3ac3e57","chain_node:v2_bfd9827705492e47dc7116b8dfdb47271bfb0ddf","轨道车辆制动系统","","ChainNode"
"e0a62a54-3b42-5c24-812c-bd2e05d70496","industry:sw:workbook_snapshot_v1:620200","装修装饰Ⅱ","","Industry"
"e0a6d335-ce9d-5e5d-b232-d9bf2abd3053","chain_node:v1_d2d7f3120472b3b4c95a23939d243101e78ef31f","吸收性卫生用品","","ChainNode"
"e0a6e6e5-237b-5a90-830c-5b4a33612bc0","chain_node:v2_28202e37dafc05fe264b3da9abc1ac659d1c72ba","锂电池复合铜箔","","ChainNode"
"e0a8bc2a-3d5f-5609-a895-f7f489e742a9","chain_node:v2_e6d1de2e0dd4217d11dc2f67b7e836987ea2e27a","数据中心供配电系统","","ChainNode"
"e0ee1845-92d7-5c23-bc61-900a91be8f8e","industry_chain:propylene_oxide","环氧丙烷产业链","","IndustryChain"
"e0f286ad-cb5a-55e8-a05a-5a538c1ae528","chain_node:v2_ae8901c1660899cec022938583c8bce7e6a0e222","星闪协议标准与技术授权","","ChainNode"
"e0fcf5c3-62e0-58b8-a128-76fac2b14351","chain_node:v1_23e5d440dfdfac614cae36c4d0332ca3d3e55a23","工程设计服务","","ChainNode"
"e1146464-dca1-5f65-87fd-a4f40f09c2bc","chain_node:v2_2d5349794acd4685b6aaaaf1689047f94371239e","噪声控制工程安装服务","","ChainNode"
"e11607af-226c-57c4-a17e-ba97843daaac","industry_chain:web_portal_services","互联网门户网站服务产业链","门户网站产业链","IndustryChain"
"e116485d-d631-572c-8d11-f906f62eba13","chain_node:v2_cdf83b1abec4988a04eca3b1b611be4c2a1b00d8","广告效果监测服务","","ChainNode"
"e11983da-96f3-5c86-88f6-8016f56c0447","chain_node:v2_1da31b60e7d061ca62f2494f06f01a053977661b","麦克风阵列","","ChainNode"
"e12078b8-002f-51e6-b652-1aafdb775512","chain_node:v2_a7a5b13b8b50e099bbdb79bb96b7baf2d7065c6e","半导体等离子刻蚀设备","","ChainNode"
"e13a7fac-2cbb-59d7-a5ea-b80d9c2efc37","chain_node:v2_d89b00a6e987ade23ddd20e130d3ce78a4cce4a7","MicroLED巨量转移与封装服务","","ChainNode"
"e13c03db-dc40-5eab-bf9f-32d4b7dbf533","chain_node:v2_6b0fa900591c1695d3e8b23e2ee249d9ec3de85d","农村通信网络基础设施","","ChainNode"
"e1541661-4afe-5fc3-a452-720fcdcf2a0e","chain_node:v1_9f7dbc692a74673cc635de113447f0b6fb71e93e","涂料","建筑涂料","ChainNode"
"e158fae2-4374-55da-8caf-9391898b5137","chain_node:v2_5bb2b1ad00af4b08b805259db66b8cd108b1ae22","绿氢","","ChainNode"
"e191919c-256f-5b5c-9e13-0506c1aec1cf","chain_node:v2_978a49a8161960dea6fe913e774e6cb4de8f223e","药品注册申报支持服务","","ChainNode"
"e1999d35-6518-526a-8691-609887f62cd1","chain_node:v2_6d37cf1eedaabb5b621099472f9a0fbc21704c21","直接式TPMS轮端传感模组","","ChainNode"
"e1a0f053-ac27-5ead-9108-6f74caca731a","chain_node:v2_6926031d128b7ef58da3dcb0854c703cc0a63f3c","商用车底盘","","ChainNode"
"e1adf98d-ccb1-58ba-ac90-5fe965291edc","chain_node:v2_259d4accc3dd5c6fd40d2bbe8c7133ef5ff06a0f","复合集流体高分子基膜","","ChainNode"
"e1b02ca0-1fe2-5c30-8218-8a404a6dc0c8","chain_node:v2_a917d6f89495389259adfcee566174fd9831cf55","锂电储能系统","","ChainNode"
"e1bab793-bb59-51dc-9469-04dbe669f1e8","chain_node:v2_c4d8559309191e4aad15852a1c367c5e2228750b","包装非酒精饮料","","ChainNode"
"e1bdf010-c683-5f62-afb2-47c1c18c906f","industry:sw:workbook_snapshot_v1:370403","线下药店","","Industry"
"e1cb805d-081d-5a5a-b33b-8505fe8147cc","chain_node:v1_9359b2addbaa1be142cf10edd11e1870273aa391","尾气治理","","ChainNode"
"e1e339ab-efaa-5832-92a3-da12f32871cb","chain_node:v2_6a0c555ebf0dedb7d79d345d273f3a06b7a139a7","综合证券公司服务","","ChainNode"
"e1e435b4-26cd-5507-b1a0-abb03f6be47d","chain_node:v2_6d294866201085dde6a6f1d94c06b151df3bcb0e","汽车车身用高强钢板","","ChainNode"
"e1e89d13-dd22-535e-8c0c-b040e02aacae","industry:sw:workbook_snapshot_v1:340407","保健品","","Industry"
"e1efccc8-7e6a-59b9-aa4f-8cab36ee7c35","concept:master_v1_184e50be8bcc8d92","电力物联网","","Concept"
"e1f00ace-a50f-5b22-a394-ec7adbb9e98a","chain_node:v1_22ea4d3e509bfae97c0fb3148a43cf4b26ab570a","预加工食品","","ChainNode"
"e1fedba2-1606-5ae5-8513-c38ff9c63acd","chain_node:v1_2939262185d0e5df0a948e3d2082c04e4a2db90e","建筑吊顶材料","","ChainNode"
"e20466b7-1bf5-58e0-8606-489f68bd68fa","chain_node:v1_abbc8cc0a1be7a94a5e45fbed32587dfc9c06eb3","基础设施云服务（IaaS）","","ChainNode"
"e209a279-ae7a-5154-bcb3-d31682a872ad","chain_node:v2_7824959adc1b4ebebd1135ffc069f5db11b47ce5","生物基丁二酸","","ChainNode"
"e21149fd-b8c4-5909-9a97-b5f08515f8da","chain_node:v2_e61564b2b6a31be5f47a20d4885b0e55ae5c449b","航天测控射频前端","","ChainNode"
"e226950a-b72f-55f5-a363-ac1a86fb131a","chain_node:v2_1b11d6fdd0c7bf143ebd1079986e154b61b144a1","消费者数据产品","","ChainNode"
"e227e08e-8887-5743-9997-3593f1c5a173","chain_node:v2_edf92b2681e16633722d3eccac616241f3188382","数据中心网络设备","","ChainNode"
"e23e118e-e3bd-5b8f-b6ea-bfcd5604ec78","chain_node:v2_81decce9278acf1a5c5048911c36258901350569","线控转向执行电机","","ChainNode"
"e244a71f-c589-5fb6-813c-f797f4da9ef3","chain_node:v2_5d9fd2ad70292e797c727bcc0a0f90c22d86b9a5","NOx传感器","","ChainNode"
"e25c4e63-e9a8-54b1-bea5-443630ee60cd","chain_node:v2_c9bcb1661a0828633e562d464e7e1d5f1d4ceb5a","光伏PVD设备集成服务","","ChainNode"
"e2658060-bfe7-5bde-8fe0-9f5a4cf435c3","chain_node:v2_520d21ac5d03c65a818a264ea46015adbcbe30bb","职业教育实训设备","","ChainNode"
"e269a2b5-9a9e-57fc-9862-860c51a4f5ca","chain_node:v2_28ec067e2896574727b855a4097f6ab7066add65","生猪小肠黏膜","","ChainNode"
"e26d6045-d7a2-5152-bda5-9ba8c06ccafd","chain_node:v2_be74374d42bc3bfc6409a9288dde27d3f0200d25","偏氟乙烯单体","","ChainNode"
"e2866074-59cf-50aa-94d3-48aaefdfdc0e","industry_chain:transportation_engineering_epc_services","交通工程总承包服务产业链","","IndustryChain"
"e2987427-6228-5ec8-90b9-dca4b2db1a49","industry:sw:workbook_snapshot_v1:220604","橡胶助剂","","Industry"
"e2b4af1e-161d-52ed-91a0-46a66a292e8f","industry_chain:automotive_tires","汽车轮胎产业链","","IndustryChain"
"e2c2646d-df50-5ece-9878-d23fc1ed5404","chain_node:v2_abc4521aa2d54ac256d16022219f318b53dcb337","白银电解精炼服务","","ChainNode"
"e2ce8a8f-30da-5127-8519-4eceac99a465","chain_node:v2_858d18ae2ac2d3d81b402ecac44b123a0dee5593","成品油采购服务","","ChainNode"
"e2dc8e0e-88ea-563a-8345-98e0be223dae","industry:sw:workbook_snapshot_v1:360306","瓷砖地板","","Industry"
"e2e5b90d-0f55-56d5-b047-9481d366fcff","chain_node:v2_04f55789d4d662dd1048871617bbdcd42314972f","汽车保险理赔协同服务","","ChainNode"
"e2ef5ea0-254f-5400-86ee-3b004d78af27","industry_chain:prepared_food_products","预加工食品产业链","预制食品产业链","IndustryChain"
"e305f620-3807-5221-8462-60e6b6fc1dfc","chain_node:v2_f1c8e39eef0d8ea21b62fcdf712c984225404dce","医疗器械注册检验服务","","ChainNode"
"e310f6c7-72b2-5604-ae40-68ed853f28bb","chain_node:v2_b5876bb3a7bdec7a01b4326c45469cc59ea5e167","日化零售服务","","ChainNode"
"e318b499-b3fc-5d63-b8c5-a8d9a2e7c273","chain_node:v1_3f2adb0cf2ef0df5d00d2b3909992f53ef76fcbc","健身器材","","ChainNode"
"e3264980-4a53-5504-af83-dda0d096d762","chain_node:v1_07498a236abd75dc21bb82299277951b7d64dd3f","办公装订用品","","ChainNode"
"e33ba8b5-cd60-5b69-854a-a67ef6b1fef8","industry:sw:workbook_snapshot_v1:340800","休闲食品","","Industry"
"e340f077-31b8-5a8b-9016-9f6cf3e9dab7","chain_node:v2_23b7047e77b1c30a5345ec970c5d215e1c222ab2","水利工程建设服务","","ChainNode"
"e3422644-e47b-5b56-a6b7-e1f08f81fb5b","chain_node:v1_bbc2b10b9a4fc84e6551d6c6da8d7e44ee6d7b81","医药电商服务","医药电商","ChainNode"
"e368e8a3-d6fd-5d99-a1d0-19902df1b8fe","chain_node:v2_c115a80fa95dbc127a9f22233982a78e182dcbba","钕铁硼永磁材料","","ChainNode"
"e36b3367-e507-5b2c-a68d-53fd24717e4d","chain_node:v1_7c73e7aee8d0906f1c376270347f5b036928a8f2","TOPCon电池","","ChainNode"
"e36e9a2d-0163-501a-8e74-3fb92cbf1fd9","chain_node:v1_a25335c753850a655ab63052a09fdc2958598739","电力电缆","","ChainNode"
"e3714e6a-bfb6-53da-a123-b0278031d0a2","chain_node:v1_70641256e3d9431faacdfa493d5db64a6401d802","聚氨酯","","ChainNode"
"e3819d15-e93d-5ebc-8ae9-a477a802d3a4","chain_node:v2_f296a76aa6155df8e8ed97947f18ce37e37caa31","工业机器人控制器","","ChainNode"
"e3ad3fe0-77a4-5a9f-a875-bf4e28935335","chain_node:v2_681720cb31641d0e6361ee3855d46b086078e1d3","自升式平台船体与桩腿建造服务","","ChainNode"
"e3d3fbb6-53b1-53ab-9dec-4e4ac9062b72","industry_chain:lithium_ore_mining","锂矿采选产业链","锂矿产业链","IndustryChain"
"e3d98100-ffb8-55b1-9bcb-6aee6847237c","industry:sw:workbook_snapshot_v1:421100","航运港口","","Industry"
"e3dcc55d-8afc-5b3b-b16a-7c2850aeba7e","chain_node:v2_efd3a1b234bb9a40ead9f3ce7a5e379a0c8fa06a","政务云资源基础设施","","ChainNode"
"e3e38263-3b10-55f3-adb3-7b4df448abbb","chain_node:v2_bd7bc17945c1b4cbe9a85c8841b4fa8b45ba9a08","汽车线束用铜导线","","ChainNode"
"e403bd43-e806-58cf-b027-e660e93aac13","industry_chain:space_launch_vehicles","运载火箭产业链","","IndustryChain"
"e41d4aee-2708-5ff9-8662-c3410a511c1f","chain_node:v2_377efc00e9987642eaedb5b8276a438774b79b2c","重点排放单位履约服务","","ChainNode"
"e421687f-df0e-52c6-b34d-93239a0ee8ee","industry:sw:workbook_snapshot_v1:350102","棉纺","","Industry"
"e4319d76-d255-5f00-b395-6a4b041337bb","chain_node:v2_470cbccc9986ffd1975998158033aeae85ff9417","国际工程勘察设计服务","","ChainNode"
"e435a69d-84ca-5bbe-a5ce-9d3cef68371d","industry:sw:workbook_snapshot_v1:720502","广告媒体","","Industry"
"e453bbba-922f-5cb2-b5a1-6d1bdfeb0778","chain_node:v2_cee638e8643a9ff24f89fab922950ec3e1dba341","MiniLED背光模组","","ChainNode"
"e45576b7-d443-50a1-a03c-b17d02860423","chain_node:v2_f5cfa364590ac7b126dabc76128f9538ced2db21","6G移动通信系统","","ChainNode"
"e4597436-bb9e-5b63-b422-a56f9a7a9364","chain_node:v2_e7d5f9d64a86b0b306c784059b55a15f804ac7c8","在线游戏服务器基础设施","","ChainNode"
"e45fa7f1-5748-5503-9a2c-fc38037c2d32","industry_chain:smart_city_platforms_and_services","智慧城市平台及服务产业链","","IndustryChain"
"e46f7cef-a3d4-5715-9ff4-13526b9895eb","chain_node:v1_51445a93a87bf90d7febe75e99b70976070dc4ab","印制电路板","PCB|PCB概念","ChainNode"
"e49423ac-9546-5447-824b-8c1d7448c59b","chain_node:v1_b76056963a1f51f4bc6add00b66661eb80373d99","氦气","氦气概念","ChainNode"
"e4a933a0-c054-557a-8fd3-6a4ae9b8490d","chain_node:v2_30c15818a7ff96b686ca576b4985dec8c4eabec4","财税申报运营服务","","ChainNode"
"e4c89437-f775-571f-9dd7-50a136952d9b","chain_node:v2_fcc7d04853b40c221e72bede3e65493d8a641b1e","纺织纤维纱线","","ChainNode"
"e4de0e98-5058-53aa-8359-4fba45f71bac","chain_node:v2_c75f463d002c0173068e1fa389a39c845b6dc838","网络安全托管运营服务","","ChainNode"
"e4e1af46-e2cb-5bbb-880b-e455eba7e7d3","industry:sw:workbook_snapshot_v1:720903","其他出版","","Industry"
"e4e990fa-1d8c-519f-8100-5617727c4c3e","chain_node:v2_99c2846dea27ac3c11a39fd84665ba33a563bb87","工业控制I/O模块","","ChainNode"
"e4e9f101-70c3-541e-964e-3a810c44cc9a","industry:sw:workbook_snapshot_v1:280401","其他运输设备","","Industry"
"e50074e5-2699-512f-a78d-7e5d03263d1c","chain_node:v2_ca9519a2ab052d211bc75ae031728145e7c2db52","超声波指纹传感器","","ChainNode"
"e50629cb-9dbb-534c-b595-ddd7e0581762","chain_node:v2_a24a0693f5ceeab586c963b490b54db2a8010d51","商品生猪","","ChainNode"
"e50da544-cf12-52ce-be61-edd01fbd8e89","industry:sw:workbook_snapshot_v1:240401","黄金","","Industry"
"e539e896-d09f-5810-8664-500b2a981bd2","chain_node:v2_30422c56453fdb8a300d4d3bf172dba886e90d18","安全日志数据","","ChainNode"
"e554e377-5c9d-5f66-ba2f-dd57c586ec3a","chain_node:v2_96d12c971ba753e73e9f3d7dd502ce5216c453de","工业大麻种子","","ChainNode"
"e5595067-7631-5d41-8b4b-4efbdd5919f9","chain_node:v2_e9e6d779db4bcfed9899fdb26107d17231f2fdb2","永磁直驱风电发电机","","ChainNode"
"e55e8b04-c72b-563b-b5f9-ec0527355911","chain_node:v2_f5ae049514ade62cbcf09a1e6e0959ff996296c5","算力调度平台","","ChainNode"
"e56076f4-8fad-5fb4-b23f-037feb966f6b","industry:sw:workbook_snapshot_v1:770300","医疗美容","","Industry"
"e56b915d-a28b-5f04-97e4-c7b97564a8e6","chain_node:v1_773bc73f7dec33738b3987d867bcd2d98a1abc92","小金属","小金属概念","ChainNode"
"e585be8b-b1cb-5365-b1a0-76cf4c6d14a5","chain_node:v2_1aa06f869fcf042a342b7e95b39c55f3e8f9cd7a","尼龙6熔融纺丝服务","","ChainNode"
"e59eb9a0-1f0d-5174-9f50-7ba3d7eedaa5","chain_node:v1_6602391a58d24eb7a613802430ff5fd706782ca7","航空发动机","","ChainNode"
"e5cd22c8-31aa-5a33-9149-fc07f2273c92","chain_node:v1_d77d8822828a2884fb18a885f871e7ec78c728e1","航空母舰","航母|航母概念","ChainNode"
"e5cd65b2-7acd-5732-ad6b-2b14792c2530","chain_node:v1_75d0f767a0a7402d29aee2904abab31186278bda","运载火箭","","ChainNode"
"e5cf0a19-1c42-5a81-98f3-c7e20d123b64","chain_node:v2_524472cb0141cec677ce8988f2ddad777b7dd294","兽药临床试验服务","","ChainNode"
"e5d8145a-1987-5665-8253-760fb219ada1","chain_node:v2_089750edd0069427881586aa0d9cda71ea365f0a","展览展示工程服务","","ChainNode"
"e604fe57-d7db-5c46-b0be-991441f03bbb","chain_node:v2_a26095eedc81ac11c3867ccb505ea2f2b50500f7","生化校准品","","ChainNode"
"e61c1334-aace-56bf-b8b7-c900219b555d","chain_node:v2_aef1ce80ddacbea507fdf8339155afe7df7ff3eb","锂电极片涂布设备","","ChainNode"
"e6320914-6ddb-5a6b-a8bc-9e389944bd7c","chain_node:v2_3f9e3ce954d58f69775f6bb72b8bcdac624ab040","量子测控电子系统","","ChainNode"
"e6362f9c-ed5f-5da5-8f76-f50d4d9e1a30","chain_node:v2_7d1a14d5b3e91b4ace268041d1ada5b20b371fc4","临床数据管理与生物统计服务","","ChainNode"
"e64064b8-5e7d-501f-9940-c382f059e1d3","chain_node:v2_2d3da311aee4e2245f5138506c07ee8c29445e88","换流阀阀控系统","","ChainNode"
"e649c3c7-d64a-56b4-83e7-c8dac9c1dfa6","chain_node:v2_d4c467865474799f61e2cd46c8ba25c031597108","光纤用高纯石英原料","","ChainNode"
"e64fa495-cc0c-503b-ac76-8a913c3d9c83","chain_node:v2_eadbefe366e575e6f67b084d7c299cb115b1af0a","水电站水工设施","","ChainNode"
"e66caee7-1ba2-5243-8717-5ccebb32977a","industry:sw:workbook_snapshot_v1:370500","医疗器械","","Industry"
"e6a6d0ff-7fa3-5751-970b-14b037672cb7","chain_node:v2_472284884a0f2c27e414f2c3c943686fa7f80192","稀土精矿","","ChainNode"
"e6c62945-83b8-5e19-b210-a1cc98b4d70b","chain_node:v1_829c9ed2e9629f01b25613588f362b3c7639e5ef","碳化硅","","ChainNode"
"e6ca9fc9-9295-576f-ad3c-6f73dbccbce3","chain_node:v2_5003da3ad76b39bb0a0226bbc7aa0280cc7422ec","LED级蓝宝石晶体","","ChainNode"
"e6d20b7d-9311-5254-bc70-ff94cecb202e","industry:sw:workbook_snapshot_v1:770301","医美耗材","","Industry"
"e6e87540-188c-5287-a65e-c0969fbf99fc","chain_node:v2_ea8bc4bbad95bc2a9b0b136ba194e6f6e9cf96ef","变压器铜绕组","","ChainNode"
"e6ead260-f823-5fcb-b197-e2f1cd8aaa4f","chain_node:v1_260980ec7d534fe87140f1015a31f7efbb53413d","仿制药一致性评价","","ChainNode"
"e71034fc-5936-53d0-bfe6-e17e519b693b","chain_node:v2_986e9018b1f6f73f3ac907350d1c93e59cb9ea5f","剧本与IP版权服务","","ChainNode"
"e717210d-5404-571f-abc1-d5628cd89d56","chain_node:v2_9549656d743bf03147de8985fa3c49378691f91e","洗碗机泵阀组件","","ChainNode"
"e721f517-b113-5463-b05f-5f8812e8591c","chain_node:v2_d3f63935ad84a4438f381e4846eaccac2eca6d71","农业生产托管服务","","ChainNode"
"e7282229-d3eb-55a3-a7cc-03fc9caebc89","chain_node:v1_8cd4aa79c10a0f2a249f5465ad5ec88ab2c8d0a0","电网","电网概念","ChainNode"
"e72cd9b6-01a0-51cc-b3d7-a5efc3697b35","industry_chain:ecological_agriculture_products_and_services","生态农业产品及服务产业链","","IndustryChain"
"e72e51bb-4061-54f9-a6a3-dc731ba00f12","chain_node:v2_ee14c1fee2aaff22cb400f9607fde35629ab5c8a","轮胎用混炼橡胶","","ChainNode"
"e73b9f85-feab-5836-afb6-f8c1f630b969","chain_node:v2_9f7bd998a52f41af9a403e0ea1d7f13502bdcfd1","自动驾驶系统","","ChainNode"
"e73c400a-1143-5423-9ee1-6133a4ecb984","chain_node:v2_d6cf17fd3877ece3e8fdcb42dd616ecf8a5e61ed","瓦楞原纸","","ChainNode"
"e73f5f3e-ede3-58a3-bfd6-aac478e6c8f3","chain_node:v2_1a62a530662d8fa198f6b7879fe0f3d835f407b0","时空数据库","","ChainNode"
"e74698bc-1067-5655-961a-622132ac757b","chain_node:v2_09e06261c7149b4f2fb874431fd503522b019419","超导磁共振成像系统","","ChainNode"
"e7521cc7-bb88-56eb-981f-d18f49eaff1c","chain_node:v2_cdc3628ef3f1d88a1df441cd9a9534cc07272668","氧化铝","","ChainNode"
"e761e25a-f11a-563b-a69c-7a0fcb90da0d","chain_node:v1_d656b499d0a850134f08449efb72e929c2d5152b","人脸识别技术服务","人脸识别","ChainNode"
"e76679f2-98b7-5ba6-9f88-87d23b64f353","chain_node:v2_26320250e917772bd89402d592e78c4046717e4b","锌焙砂浸出净化服务","","ChainNode"
"e7794310-62ab-5c06-bb77-df0b9e14be3c","chain_node:v2_e512cde22c9fd51bd84e066e35ed1041d02138b0","XR计算芯片","","ChainNode"
"e77d5618-fb44-5e12-b743-47e226121b36","industry_chain:telecom_optical_modules","电信传输光模块产业链","","IndustryChain"
"e78a5570-9734-5496-b82b-1f1e54b268d8","chain_node:v2_58a816eb68e36d5660adc6f1f6efc217ea515e6e","PCB内层线路制作服务","","ChainNode"
"e79ea525-40ba-55fd-aa68-bacab4346b61","industry_chain:coking_coal","炼焦煤产业链","焦煤产业链","IndustryChain"
"e79ebe3f-8c15-567c-a535-bea213ae8f21","concept:master_v1_7b1463c8888e4219","星闪","","Concept"
"e7a61da6-ca89-569a-8137-9b9790c65a9f","chain_node:v2_913874be281ba3a6fdd51234fe111de1a1096605","变压器油","","ChainNode"
"e7b32e84-40f3-566f-806f-82144290a0d6","industry:sw:workbook_snapshot_v1:450400","专业连锁Ⅱ","","Industry"
"e7c5f05c-dc74-54ae-8645-340502c5dd6a","chain_node:v2_038f6d8b332255df8e2326631958bb5fac3c1f00","洗碗机加热组件","","ChainNode"
"e7dc4772-60a1-54c9-80e0-b8706fe45956","chain_node:v2_be141a4809fc5723cec65fbaa4fbbd4e08299b00","市政管网检测验收服务","","ChainNode"
"e7e858ec-70d0-51fb-8f12-5bb9a7b50ee3","industry:sw:workbook_snapshot_v1:620306","基建市政工程","","Industry"
"e7f46f0c-3ccc-52c0-8d0a-7a86a7bf197a","industry_chain:oil_gas_and_refining_engineering_services","油气及炼化工程服务产业链","","IndustryChain"
"e7fb1c4d-013d-5f8a-9e00-fb20ad8367a6","chain_node:v1_8fb695162f4aeeba1e8b6b7a63fb8913c582d981","钠离子电池","","ChainNode"
"e80c1a34-5918-5517-8882-711b9c5d5c15","chain_node:v1_2d1fed6ab8ca1f725e21157913576c2aa549ee34","手机游戏","","ChainNode"
"e80e34e0-2262-573a-b4ac-c43f0683d4e0","chain_node:v2_d53d88e05d05b106b99315dfc825ead99f802b67","物联网通信模组","","ChainNode"
"e8279a5f-6e30-5a6a-9b4c-fe169eaf110a","industry_chain:photovoltaic_module_laminators","光伏组件层压机产业链","","IndustryChain"
"e82a9f58-cd4f-5b62-bcbc-542e5e9ceed2","industry_chain:smart_speakers","智能音箱产业链","","IndustryChain"
"e846a436-18a3-5775-ae33-2557f48dd2e4","chain_node:v2_0791baa5aa97ce8a94f2026cec893f13dcef5a82","国际工程物流服务","","ChainNode"
"e84e6ac0-d05c-5499-9e60-5e315e54bce9","industry_chain:alternative_protein_meat_products","替代蛋白人造肉产业链","人造肉产业链","IndustryChain"
"e8572777-72e3-510a-affa-88087a42edc3","chain_node:v1_f7379d98322577c01b667fac30bf26106ea9a161","分子诊断试剂","","ChainNode"
"e865adfd-3070-5a97-9291-70074e7bc2c4","chain_node:v2_011ef2ae75c1fd2db45d8cca44ecc5af461beefd","PET复合铜箔水电镀增厚服务","","ChainNode"
"e89691ed-a735-538a-9dae-70bb9d8ae9a9","industry_chain:automotive_electronic_control_units","汽车电子控制单元产业链","汽车ECU产业链","IndustryChain"
"e8992d11-2cae-5dce-9d8f-8389bccbdcbd","chain_node:v2_78d5d604a53b69a42123d2311059f0067e242b4c","芬太尼制剂","","ChainNode"
"e89ea9b1-8022-59b9-95a3-a93974884e9c","industry_chain:family_doctor_services","家庭医生签约服务产业链","家庭医生产业链","IndustryChain"
"e89f3c85-94d5-5c82-9d39-a5830b2ab8e1","industry:sw:workbook_snapshot_v1:340400","食品加工","","Industry"
"e8a413b5-3a7d-5402-a9b6-2e27eed7ff46","industry_chain:power_metering_monitoring_instruments","电力计量监测仪表产业链","","IndustryChain"
"e8afaf1e-e728-535b-bb4a-5a12bf317ba0","chain_node:v2_35b00992f02cc82b08da72267340b8cf86a8bfa3","游戏版本更新服务","","ChainNode"
"e8be3cb4-6c88-59d3-9fc0-f2e1e67b0c1c","chain_node:v2_d1687a7ecf508590d0faf9e02dc3394baf0dd35e","旅游综合预订平台","","ChainNode"
"e8e8f4df-02d2-5d0f-8d09-0b77bdc4ea4a","industry_chain:analog_integrated_circuit_design","模拟集成电路设计产业链","模拟芯片产业链","IndustryChain"
"e91a2977-bab9-583e-8805-839b3eb916f5","industry:sw:workbook_snapshot_v1:430101","住宅开发","","Industry"
"e91ed08c-1461-5e31-8424-8761f83634dc","chain_node:v1_e1e5dd0a857e5a93f4212904d845c91d5394e447","人造肉","","ChainNode"
"e9426dae-1e5d-5a40-bfb6-1ceca4e25dc7","industry_chain:additive_manufacturing","增材制造产业链","3D打印产业链","IndustryChain"
"e943073c-a129-56e3-84a9-93eb6b1b1a1c","chain_node:v1_2aba41d89bf01ee87b94734fe6f0f479eec9ab72","超市零售服务","超市","ChainNode"
"e9453d7d-3610-5f99-8b37-9038127194e2","chain_node:v2_848475a504ca72c05630844f43bc3a270e3655d0","光模块封装测试服务","","ChainNode"
"e94f1df6-5d8d-5f58-9f4d-26cffec08de5","industry_chain:personal_care_small_appliances","个人护理小家电产业链","个护小家电产业链","IndustryChain"
"e95c1964-d06d-5897-8748-8966e4b5a500","industry:sw:workbook_snapshot_v1:461101","学历教育","","Industry"
"e96fa3e1-d1bf-5f27-ba9c-cacd61faca31","industry_chain:chicken_meat_products","鸡肉产品产业链","","IndustryChain"
"e972390c-fa89-5c76-8eb8-dae07c4f1c97","industry_chain:metal_packaging_products","金属包装产业链","","IndustryChain"
"e977c9d7-d8de-5a11-9cd5-6fd016d2526a","chain_node:v2_8c6dd5c5fbde9bb32149e5828edf938dccf1a2d0","休闲食品加工服务","","ChainNode"
"e982f038-8a4a-5398-85d5-634aca53cabc","industry_chain:alcoholic_beverage_production","酒类酿造产业链","酿酒产业链","IndustryChain"
"e98b67e3-7c47-537e-8f45-6962e38bf104","chain_node:v2_62c7e1afb5ef76af1b8d4a01433ea4a03e96edaa","快充电源适配器","","ChainNode"
"e99bd727-2433-5a64-bd2a-6efee329626e","chain_node:v2_ffe866c7bf8456fb9eaf904209f13c1cb55edf1c","半导体刻蚀射频电源","","ChainNode"
"e9ae2885-adcd-5b07-8eb2-d05fa0dce5d4","chain_node:v2_31a691a721f3b01d875d82705f7c2210d704f414","定制家居安装服务","","ChainNode"
"e9c7cbf2-247b-5141-8dc0-5aa5a9c66bd9","chain_node:v2_14aa993e5ac4c3294a9f93831474bcc1afa2abe4","氯化法钛白粉生产服务","","ChainNode"
"e9de1b6f-0c9d-540e-836b-db1ce83aaa2d","chain_node:v1_071f56def7e79e5dab013b95fd2237f7ae1e4f6a","光伏PECVD设备","","ChainNode"
"e9ef5259-6895-5c5b-bc39-01e51b56166b","chain_node:v2_781f60dc309d889b45985084a873ee4b66ff92bb","制碱用原盐","","ChainNode"
"e9f1b7e6-aa57-5b61-a190-f488cf52e06d","chain_node:v2_3f8502788cd2658888c9cebbab33d9e5b04eb7a6","游戏用户社区运营服务","","ChainNode"
"e9fa654e-6223-5683-9df9-6a98cc94245d","chain_node:v2_f15513ea83f32c27190ab3e783e4c04206c48fd0","露营炊具","","ChainNode"
"ea040b5e-4c8d-52be-95ad-ae87d0218a7b","chain_node:v1_31884e9ddd0f4924486e0d766857f1f4cca8dc0a","加热不燃烧烟草制品","","ChainNode"
"ea109f67-1f11-564e-ac19-26414ccf11bb","industry_chain:low_carbon_steelmaking","低碳钢铁冶金产业链","低碳冶金产业链","IndustryChain"
"ea198034-29c4-557e-aef0-bf4934eb30f5","industry:sw:workbook_snapshot_v1:360309","卫浴制品","","Industry"
"ea1d998f-b2db-577d-8853-0c2288ec08b0","industry_chain:electronic_paper_displays","电子纸显示产业链","电子纸产业链","IndustryChain"
"ea3a5d4f-c224-541a-a4ad-e2c8027ed815","concept:master_v1_a84d72f136d8cfde","宠物产业","","Concept"
"ea40158b-5108-57ad-8049-06fa28ba7cfd","chain_node:v2_7c63fc05f55a0bd1f63b7eb7a204d084fe5a0829","微型扬声器","","ChainNode"
"ea4c6ce4-d1e1-5165-beef-02f776d2deb2","chain_node:v2_803e68074ffa590ec08ec84020282ce05ef7ca1a","洗碗机整机","","ChainNode"
"ea4f8885-07ab-5d62-9f15-8d80dd1b4a8e","industry_chain:6g_mobile_communication_systems","6G移动通信系统产业链","","IndustryChain"
"ea61af24-1e00-50b2-8d98-81cbebe9bc87","chain_node:v2_066b783031a8a7e3b961148c10fec41ae2e3bee1","PCR质控品","","ChainNode"
"ea697833-c856-5819-a57a-6cdb001b8d2c","industry_chain:express_delivery_services","快递服务产业链","快递产业链","IndustryChain"
"ea77be9f-c260-5573-99d4-267abda69754","industry_chain:antimicrobial_textiles","抗菌功能面料产业链","抗菌面料产业链","IndustryChain"
"ea78a983-44ac-514a-8da9-fb0017305685","chain_node:v2_24dcfe3d947c23e56fbc1f9c1e53caa568389de3","人脸识别模组封装校准服务","","ChainNode"
"ea8627b7-ae3a-5332-bf86-0b30531a9191","industry_chain:data_center_high_speed_copper_interconnects","数据中心高速铜互连组件产业链","铜缆高速连接产业链","IndustryChain"
"eab1dd83-e60e-5ade-8bb7-6790e8a5c057","chain_node:v2_43d7aa53b1c226ceb4fd16e247e16f70ac879dcd","5G基带芯片","","ChainNode"
"eab85d65-9f42-5550-87e7-92a2cc407513","industry:sw:workbook_snapshot_v1:420900","铁路公路","","Industry"
"ead52414-763d-59b6-9d4a-1f4387e8acbb","industry:sw:workbook_snapshot_v1:490300","多元金融","","Industry"
"ead97f37-c9c4-50df-b081-4ec59cdefff4","industry_chain:multi_category_luxury_goods","多品类奢侈品产业链","","IndustryChain"
"eaf36ad3-be53-5ea9-adc6-300896556e63","chain_node:v2_ebd118010c4cb778cc4d29c449963b24ee088e64","植物照明LED芯片","","ChainNode"
"eaf44a51-c95c-598a-aaa4-307e72be1355","chain_node:v2_52793f16b26e91d1b84a0a49c23adae9098d7ad9","支付网关服务","","ChainNode"
"eb065f49-b78b-5a33-92de-bd9c1e348034","industry_chain:commercial_property_operations","商业物业运营服务产业链","商业物业经营产业链","IndustryChain"
"eb1c1f2b-e95d-5eca-ae3f-cd3de7ad1a70","chain_node:v2_2091cce684065811b5da20216bb5358238fec191","在线核保理赔信息系统","","ChainNode"
"eb4335f5-7d7e-5752-8a4b-8411329248ba","industry:sw:workbook_snapshot_v1:230400","普钢","","Industry"
"eb5173c4-7132-57a8-a32f-05831bba0655","industry:sw:workbook_snapshot_v1:730204","通信网络设备及器件","","Industry"
"eb5ee8f7-89d6-5f4a-8877-544e58eaa1e7","chain_node:v1_f7ca9432eaea993df7f98d85387b4639d4041858","生活用纸","","ChainNode"
"eb6703ee-396e-5dd1-b792-6e9f36d198c7","chain_node:v1_314a5357142b97922b70292068ff7b28c3c13eb8","TCR-T细胞疗法","","ChainNode"
"eb677c04-dbf9-56ee-904c-6ee125e9c212","industry_chain:fentanyl_pharmaceuticals","医用芬太尼药品产业链","","IndustryChain"
"eb693038-e946-53c0-b03d-5af584dd0881","chain_node:v2_df4475fbebb79ae6ae260c41c45f1ed540e82886","运动服装设计服务","","ChainNode"
"eb6c626e-7c08-5ca8-9eac-33b75a19c38b","chain_node:v2_b538556522c002283aae2a27fc1019d3683f9bf8","工程咨询数字化平台","","ChainNode"
"eb810c00-0dde-5d07-b9d4-aa37fed05b82","chain_node:v2_b4ccae9e2773545b9e5a0315aad52220b65af0c7","钢铁连铸钢坯","","ChainNode"
"eb82b3b0-25a0-59cc-9be0-a458389a9744","chain_node:v1_2e156fec4405200f621284baa3c156739f27f512","城市公交运营服务","","ChainNode"
"eb98f24a-a056-54e8-8826-58f4e147550c","chain_node:v1_8a3165a59f9a354ac9eb57291a8ec045c5000845","免疫诊断试剂","","ChainNode"
"eba789d9-2647-50a7-bd75-26127c321159","chain_node:v2_a5bd58a7c5ee078e697cfe7e9adaaf2ed74ee626","家具制造服务","","ChainNode"
"ebaa2c8f-60ed-5efd-9acb-863dd3ebab92","chain_node:v2_f2b779076f3a0d877304655d43dbce02a5aaf804","显示驱动芯片","","ChainNode"
"ebaddc8f-72f7-5616-aeb4-f08acadc69a2","concept:master_v1_dc6dc59914eff0af","国产软件","","Concept"
"ebc78f58-c1f1-5c02-9900-ec116fbde0d4","chain_node:v2_21bbc58fef234fafb022b81c38a18f01d86f6888","硅光芯片","","ChainNode"
"ebdd85b5-afb1-543b-acbb-6f2493517c41","industry:sw:workbook_snapshot_v1:630803","电网自动化设备","","Industry"
"ebf0187f-69df-529f-aa13-d1892573ee09","chain_node:v2_c04d946624904e80636c39eec9fe45d55ecb99e7","出版印刷用纸","","ChainNode"
"ec21af80-cc5a-5ca9-b5f8-57503a31107b","chain_node:v1_c6a1e50d26b7243cb84c04852acd1ae28436d5de","垂直应用软件","","ChainNode"
"ec4625ae-89bf-59bb-864a-99bb2600fd61","industry_chain:urban_rail_transit_construction","城市轨道交通工程施工产业链","","IndustryChain"
"ec487c09-cd3a-5354-a0ae-8dbbf6f57e45","chain_node:v2_d320d08af39e07f1b281f2131308eda5bd11c434","国际设备材料采购服务","","ChainNode"
"ec5ac6a5-8473-5157-82d1-7a61591e9346","chain_node:v2_d56fc60e1be118bd43fc6b5141567c0283da7e32","虹膜成像镜头滤光组件","","ChainNode"
"ec6c494c-31be-5f2e-a698-9e592ef6a205","chain_node:v2_5bbf99c5c8b8737dac3685cdd220c2167218a23e","旅行产品组合服务","","ChainNode"
"ec719232-8534-54f5-9f84-0398701950a4","industry:sw:workbook_snapshot_v1:770000","美容护理","","Industry"
"ec737142-d8a8-5074-8317-c326ebaf1426","industry_chain:potash_fertilizers","钾肥产业链","","IndustryChain"
"ec8107f3-fd5a-500f-a96b-a003ea1c98c7","chain_node:v2_5d885292902c9e45dddf769f4d2896ba0b4b2abd","基因数据分析服务","","ChainNode"
"ec939668-26a3-5297-bd49-ca5dc2d908a5","chain_node:v2_75db47c39def5d02c5d9e2e529b6af1d9d39d830","电力物联网系统","","ChainNode"
"ec980ae3-4cde-5542-baff-a4ad305b7e7d","chain_node:v2_0ee37bd9444dd253d69bbcf14679775a6bdbd026","氮化镓功率器件","","ChainNode"
"ecae3181-5e23-51dc-a94a-2aad8335be2f","chain_node:v2_291888b61c3359fe04a1c59d7683f5961b47c877","普钢长材轧制工序","","ChainNode"
"ecba48eb-7337-53a1-b3df-0e63f9cbeffb","chain_node:v2_91e96749b05d62d1e618451d1064f0f82a2ad9ee","城市污水收集处理服务","","ChainNode"
"ece2a943-32f0-56b9-8770-358325d34df6","chain_node:v1_c129916ef20dc825a57103c8588bc022adeeed59","超级电容","","ChainNode"
"ece59b06-3938-5cc2-a648-1678d0862195","industry:sw:workbook_snapshot_v1:370302","血液制品","","Industry"
"ecf1cb77-2f75-5138-af13-b64c90647633","chain_node:v2_489f73fa7a3a09072c9105b76fe26a90b59c82f3","再生水产品","","ChainNode"
"ed0b48ed-ef4e-590c-bbc7-56e15fc8322b","chain_node:v2_79e6abf788cb6c26200346a395a9d579fb91133b","充电桩运维服务","","ChainNode"
"ed1556ae-1a64-5909-8091-b36d189d8275","chain_node:v2_64cda63b4f7bc57d6b5f18610cceb402a964e0f3","重组蛋白分离纯化与质控服务","","ChainNode"
"ed1a9d5c-6531-506f-bcd0-7ea12ff3e759","industry_chain:rare_earth_resources_and_separation","稀土资源与分离冶炼产业链","稀土产业链","IndustryChain"
"ed2423f0-a258-5b01-a913-ba60bd2117fc","chain_node:v2_90c9e8a216e19d10b24b8f3095edc23bc34f6d50","商品页岩气","","ChainNode"
"ed36ef47-51ea-598a-809d-3ff85fc2d445","chain_node:v2_96fe359b20d03054eb8dfbe4368ce6bd79c52ee9","集中供热服务","","ChainNode"
"ed391763-a0cd-5f9c-a8eb-1a8e98b0a604","chain_node:v2_46b2c2ec86eacbba2596fce06592083b05abc26d","互联网医疗平台","","ChainNode"
"ed3a1a0c-7b4a-5919-886b-3685f200fdc4","chain_node:v2_e9d622afc0b3c061da73ff40f93773d501fa0c0b","食用油精炼灌装服务","","ChainNode"
"ed638fb7-0fab-5191-bb4e-2bbcdeaf74b5","industry_chain:automotive_electrical_electronic_systems","汽车电子电气系统产业链","汽车E/E系统产业链","IndustryChain"
"ed7f8451-9d7c-571e-acd3-1a91eeb45a07","industry:sw:workbook_snapshot_v1:650400","航海装备Ⅱ","","Industry"
"ed8cb8e5-d6ef-53cb-abef-be374952a2c9","industry_chain:livestock_and_poultry_feed","畜禽饲料产业链","","IndustryChain"
"ed92ae1a-ab25-5bc3-9d71-a1d493cc54e6","industry_chain:automotive_wheels","汽车轮毂产业链","","IndustryChain"
"ed96dd47-cbe7-5126-b075-f02434a4b86c","chain_node:v2_fc151636f010c3e03905cafef634f04449475fd2","OLT设备","","ChainNode"
"edaf30cc-4488-5213-a70d-53e30d51a841","chain_node:v1_865c264d71819055a24554e75f86ef79b8a80c58","卫浴制品","","ChainNode"
"edc2fe12-8529-525e-9729-dd439262bb34","chain_node:v2_c1cfb884c6dc4c9c990dd00bbec81cff9465c2d6","多业态零售供应商采购服务","","ChainNode"
"edc6074b-9373-5a49-b9fa-79db14093ec6","chain_node:v2_8699d999c5bae776efea0ab2ee2062554ad35f0a","工业及消费品供应链服务","","ChainNode"
"edf6847c-cb79-5b3d-a217-39750deaf992","chain_node:v2_04df1db51a1b8119cd7b1ae05be84e8f222ba8eb","电视节目版权授权服务","","ChainNode"
"edfa3b50-0f90-5511-a196-061090ebc08b","chain_node:v2_eeaad89a5e5c48ad08ad9ce97109918218cccd0b","电竞赛事场馆","","ChainNode"
"ee0482d6-e254-5889-81bd-7772ed2eac75","industry:sw:workbook_snapshot_v1:450000","商贸零售","","Industry"
"ee0c5688-7889-5a45-b165-e3fc41746258","industry:sw:workbook_snapshot_v1:280501","电动乘用车","","Industry"
"ee15bba6-bbf9-5222-a881-0aa4f319acd9","chain_node:v2_d0079dd16cab8b9dd177cd58083d47ecd8cccec8","反洗钱与制裁筛查系统","","ChainNode"
"ee4c47db-fcad-5eaa-8961-6179895b8d17","industry_chain:household_and_personal_cleansing_products","家庭及个人洗护用品产业链","洗护用品产业链","IndustryChain"
"ee4d915e-e54f-5f13-8cee-6b3177eea7ab","industry_chain:financial_holding_services","金融控股服务产业链","","IndustryChain"
"ee5f7f80-df16-5f34-8e7a-732d041e4a2f","chain_node:v1_77b5d1a0f1cad29aeeff83195b2429e7b3d908c2","AI智能体","","ChainNode"
"ee791c97-12ce-505c-999a-6b9c1e2f0df9","industry:eastmoney:sector_snapshot_2026_07_23:BK1491","端到端供应链服务","","Industry"
"ee9537a0-2f99-5de6-9bfb-ff82e73e5d10","chain_node:v2_89921f03c90e478927570f80aae68d75a298b490","工业回用水运营服务","","ChainNode"
"eec90ec7-a3b5-5582-bc3d-9ada3cb1a334","chain_node:v2_876cc730b40822ef7fecacb917669fabc760d220","综合油田工程交付服务","","ChainNode"
"eed0f99a-2e9a-54dc-8e64-9a5d3960b944","chain_node:v2_fd0adcd53e78baf1d252875b06aa9552719ca1fe","柔直换流阀","","ChainNode"
"eed49d14-e6d9-5863-8651-fbd0a402b0b4","industry:sw:workbook_snapshot_v1:750303","其他石化","","Industry"
"eedc05a5-0c51-5d65-88fb-b42fa4fd88dc","chain_node:v2_85debd7b52c49e7bb561acf7fb5c83c4b02091e6","NK细胞GMP扩增与工程化生产服务","","ChainNode"
"eee2374a-d665-5938-811b-75013285e579","chain_node:v2_8b6bdd58bad2f4d06f1ee164ed03cd2e999950f1","数字政府系统集成服务","","ChainNode"
"eee48eac-bb98-5a1a-b436-16af0eb71f38","industry_chain:telecommunications_value_added_services","通信增值服务产业链","","IndustryChain"
"eee7d979-6c05-5a50-a5cc-46f81d0a2856","chain_node:v2_81a25815d468d8dad2f4b07a7c02a2270ccd1871","数据中心高速光模块","","ChainNode"
"ef0457b0-cebe-58a4-b1f1-cb7f823daf81","chain_node:v2_60bd4168c77a2846c97c28434e87a007fda777d2","智能家居无线通信模组","","ChainNode"
"ef0468b5-2732-5e3e-a3da-8812954cbcc5","chain_node:v1_d3b7749700ed21f58e9541d338e83e14ba8061dc","平台云服务（PaaS）","","ChainNode"
"ef1e4c95-cd74-5f71-9824-d307dfde832b","chain_node:v2_ff1cc3877231dbe8c5c9a71ad3f7e407001b1673","光伏PVD旋转靶材组件","","ChainNode"
"ef2293a8-3110-554d-812a-3ffaabcd7e2a","chain_node:v2_969ec29f02ebdeb2fa66a2d5019bcd90d2e96eeb","噪声控制声学材料","","ChainNode"
"ef264355-3534-5a33-a7d3-b01ea068e8db","industry_chain:coal_products","商品煤产业链","煤炭产业链","IndustryChain"
"ef37dc0c-9cda-55a5-a62e-52f5b8416a31","chain_node:v2_46df6aabc9fc15d1df0bea4a76ebaa47383df6d3","药品追溯信息平台","","ChainNode"
"ef49b7fb-a1c2-5a66-9451-9155c18cea1a","chain_node:v2_352448ddcc4d616bbb70005ca4672ecf8f977310","厨房电器安装售后服务","","ChainNode"
"ef50285b-36ee-54ee-bfcc-44e6e2d76159","industry_chain:lottery_issuance_and_sales_services","彩票发行与销售服务产业链","彩票产业链","IndustryChain"
"ef66853c-68a1-5057-80ef-1ac256aa7998","industry:sw:workbook_snapshot_v1:460701","本地生活服务Ⅲ","","Industry"
"ef768d1b-a540-56be-9b8a-665ec4cba4a6","industry_chain:video_game_consoles","电子游戏主机产业链","游戏主机产业链","IndustryChain"
"ef7b11e2-7f09-5d43-9141-fc57d3bece21","chain_node:v2_2f888d490432b4d5eeba7b8a9dc5f35fccff5dd8","2-酮基-L-古龙酸","","ChainNode"
"ef7c8a94-66d1-5e63-b924-033cdeb3e85c","industry:sw:workbook_snapshot_v1:450600","互联网电商","","Industry"
"ef84583e-f4b4-5758-8130-9d9289e9fcec","chain_node:v2_5bbcdd8e83de43fa5f1a03888b6fa2f72febefd2","数字乡村综合服务平台","","ChainNode"
"ef8bd655-1590-5192-bc4f-a1cb4b59fab2","chain_node:v2_ad385e7133efa464cbfda8a64b9193e53e89167f","海绵城市规划设计服务","","ChainNode"
"ef8e764a-ce68-5ef2-af50-ea3d83ffbdcf","concept:master_v1_6a9a37af6cf5b185","LED","LED概念","Concept"
"efab57b4-8872-5f35-ba7c-4888ca57c893","chain_node:v2_56acfa0b2d15c3dfe7a9221012fa8654574994f1","炼焦配煤工序","","ChainNode"
"efade757-64cc-5270-8476-9122b3bac9b1","chain_node:v2_09077b5eb4f2ddef506c6274d61ad9572ec8f98f","空间站生命保障系统","","ChainNode"
"efae4574-b715-5d70-ba25-70fb6f544c1a","chain_node:v2_c8bb913fecec073a9af17e02e0159d9c7be249a7","线控转向执行器集成服务","","ChainNode"
"efbb0ea1-494c-5ec8-b9c9-1439a344ae49","industry_chain:spandex_fibers","氨纶纤维产业链","氨纶产业链","IndustryChain"
"efbb370b-8e12-5e6a-b45d-71f60b555a38","chain_node:v2_713c5cb452d897563952ad6bb2851a1146d4e175","工程项目管理系统","","ChainNode"
"efceab02-c0b5-58b9-bf10-d7c4e6166606","industry:sw:workbook_snapshot_v1:510101","综合Ⅲ","","Industry"
"efe5a787-3b8d-51bf-9503-56c31a342fc1","chain_node:v1_16d36e9a9ba9709887b64848ccbe4ec13802d022","3D摄像头","","ChainNode"
"f0103612-a561-57d7-b0ec-9bf22d5e87a8","concept:master_v1_0ecb34e36d71b21a","华为生态","华为","Concept"
"f01fc2be-32a1-505b-8061-a4e1322ec3b8","industry_chain:aircraft_avionics_systems","航空电子系统产业链","","IndustryChain"
"f02c6774-919f-5801-b784-4dcdf4fa5861","chain_node:v2_851890f72af976ecbe0c5ed349dd1e929f7f836b","工业原材料仓储基础设施","","ChainNode"
"f02c69fc-ff58-5768-b2a4-5535ea79a22a","industry_chain:digital_collectibles_platforms","数字藏品平台产业链","","IndustryChain"
"f040fe76-5a55-5fc9-b572-b2c28fab94c3","chain_node:v1_189979277dde4d42e5c319603160bfc72587b25c","数据中心","","ChainNode"
"f0631dbb-7a22-5aea-bc28-b2a085aba8e5","industry_chain:maglev_transport_systems","磁悬浮交通系统产业链","","IndustryChain"
"f06e8355-76b3-588a-9313-d858efdb1b6c","chain_node:v2_ffaeaa05d0389aceba456c1b688a75a7e8b929b7","模拟集成电路","","ChainNode"
"f09eeddf-b70c-5d24-b889-3ea2e2c740c1","chain_node:v1_fdf0901230d9e54d00a0560b07a458ba8fb85a23","工业废水处理服务","","ChainNode"
"f0a13a3a-7e77-5950-a596-3f1dde061c6d","chain_node:v2_67978d37d2db3fde873c19f1842a69c1074687db","钠离子电池隔膜","","ChainNode"
"f0b2fe0b-852c-517e-8eca-0ce07d608d6e","chain_node:v2_c6d85746c810d1e077abb714307d3f01a661d433","聚乳酸（PLA）树脂","","ChainNode"
"f0c21685-7cb5-5113-911d-7c6c856073b5","chain_node:v2_5e2b295909749f1e17456c7f2a10e67b967e44b6","VPN身份认证服务","","ChainNode"
"f0d095a5-79e5-569c-842b-5b5ac84c75a3","industry_chain:electric_power_grids","输配电网产业链","电网产业链","IndustryChain"
"f0dbd401-ec49-5977-b266-1f1f3aacf9e6","industry_chain:smartwatches","智能手表产业链","","IndustryChain"
"f0e00472-18d7-5e52-98cc-851f6ba3ca96","chain_node:v2_539736aea3332a2611cd2fcacdf4c14870aa6310","医院药械供应服务","","ChainNode"
"f0ea45df-aa34-5d13-b50e-45127845bc5f","chain_node:v2_7bb5177c44d36944bd59fa121301394770e1d6e3","码头操作系统","","ChainNode"
"f106d206-f140-5c83-ad45-eb330813d336","chain_node:v2_49b47956e9384dae4fec79172fbbedb30fd5961b","固态硬盘（SSD）","","ChainNode"
"f115bee2-7742-5620-8a6f-0cdb61f301c1","chain_node:v2_6910a9665473ab727e2f3b246dd68e221f2c63b6","LED外延生长服务","","ChainNode"
"f11c98e8-9eb4-5c52-b8ba-355ba279435b","industry_chain:synthetic_rubber_materials","合成橡胶材料产业链","","IndustryChain"
"f1229faf-75f0-5172-880b-18559316bcf1","concept:master_v1_c559b89036733a77","铜产业","","Concept"
"f1244d20-7f59-50c7-bfb4-af4d7ac6f1a8","chain_node:v2_072a6b2a56cdd4a0a7ba7eb6f4dd278121c6e230","聚丙烯基础树脂","","ChainNode"
"f124ba64-d95d-54ab-ac52-c524f69f03e2","industry_chain:cloud_computing_services","云计算服务产业链","","IndustryChain"
"f132c782-e972-58d1-b117-929313f90cf3","industry_chain:hospital_medical_services","医院医疗服务产业链","医院产业链","IndustryChain"
"f142c74a-67ef-518e-abea-54d7ee8f0dfc","chain_node:v2_a3366f5e5ee6c6eb3389cb800615a66790cf620a","纯电动汽车电驱总成","","ChainNode"
"f149c721-27a0-57c9-875e-4f530b65f88e","chain_node:v2_0adde7c8ada9666777214110cd7308c233a120d1","副产氢纯化服务","","ChainNode"
"f153545e-b620-50b9-899c-42f17c9afb98","industry:sw:workbook_snapshot_v1:220206","钛白粉","","Industry"
"f15b7d97-72bf-5d6e-b6ae-dccbca7da13d","industry_chain:photovoltaic_poe_encapsulation_films","光伏POE封装胶膜产业链","POE胶膜产业链","IndustryChain"
"f1698bc2-5c1e-5e71-8ce8-a5783d668117","industry_chain:iris_recognition_modules","虹膜识别模组产业链","","IndustryChain"
"f16b8184-cc42-51c0-a15d-1d66f9ab44bd","chain_node:v2_f0e1efef6753fb314b22bb01f528d3c34191816c","风电主轴精密机加工服务","","ChainNode"
"f181bf54-b095-520a-804f-f8b0c4db59ea","chain_node:v2_3ee7e26505a4d83c75559a385059d9f9ebe465ef","智能手环健康算法软件","","ChainNode"
"f18b848a-178a-5765-b8cf-112318145b3e","chain_node:v2_7f480a767f8558bbe939272936085207bb4dcd7d","指纹识别算法软件","","ChainNode"
"f19e08db-5b31-512b-a9d3-5373069eb0f6","industry_chain:semiconductor_photoresist","半导体光刻胶产业链","","IndustryChain"
"f1af7996-e3a1-5ac2-a343-f053bb5cfa36","industry_chain:digital_text_media_services","数字文字媒体服务产业链","","IndustryChain"
"f1afaab9-5c0d-5a64-9f34-2ca5ca82778e","chain_node:v2_ad93e2d04524e8936ff760d27e6520cdcb091c9c","乙二醇（MEG）","","ChainNode"
"f1b95463-865e-551c-94b6-722b32929d34","chain_node:v2_f1e52813d31dbc63185f41596d690d3245819548","游戏控制器摇杆模组","","ChainNode"
"f1cc1d02-5f06-5dcd-b01c-8482b0e56a59","chain_node:v2_37e9c1eed51ee6ebfa07eceb5de7ae722999679e","城市地下管网勘察设计服务","","ChainNode"
"f1d5073c-7587-5cb0-96a9-018c16c5916a","chain_node:v2_81435c5932c32aa37ebbc5b5107a9b5ab889bc3f","家电零售服务","","ChainNode"
"f1dee925-b64a-5d74-83db-6ca0bfbb9d6b","chain_node:v2_5ce7fa729b4f5a6b0352bca067dbdaa268d6628b","航天测控任务运行服务","","ChainNode"
"f1e2cbf8-7a75-5c99-a76b-d518c72d0f2c","industry:sw:workbook_snapshot_v1:450701","旅游零售Ⅲ","","Industry"
"f1f843a5-be92-5b29-ac32-aea54e3d3f1d","chain_node:v2_1d0b037a6adb9f495aec2beb6cfc97288918fe6c","SiC MOSFET晶圆制造服务","","ChainNode"
"f2114728-74a8-5b7a-b07c-f32fc693bf33","concept:master_v1_8556a7cec256d350","养老需求","养老","Concept"
"f2158c78-8723-5d4a-980a-24d7b87351d1","concept:master_v1_3328c1b5f49a0472","WiFi 6","","Concept"
"f21a4843-1e2e-5639-8034-af274f13427b","chain_node:v2_65b2c550d23a5222998871340f7e0f696bd10eb7","电商营销数据服务","","ChainNode"
"f221da99-2f2b-5d7a-b998-b39c77368c5b","chain_node:v2_8957f003a57cae127020dd36b6a399faeae6d357","超导磁体低温制冷系统","","ChainNode"
"f2273da1-df23-51bd-90dc-6a018f8f97dd","industry:sw:workbook_snapshot_v1:480300","股份制银行Ⅱ","","Industry"
"f230ceb6-f30a-50ea-afb3-bfddf2c254dc","chain_node:v1_7e2f1288168efe61c6bb55f510e52b689533412e","托育服务","","ChainNode"
"f2330354-b886-58e4-bc99-00cb94525919","industry_chain:naval_vessels_and_marine_defense_equipment","舰船及海洋防务装备产业链","航海装备产业链","IndustryChain"
"f24a7bdd-906a-5fb3-9163-3f2a702d9e99","industry_chain:fitness_equipment","健身器材产业链","","IndustryChain"
"f25d9018-a36a-51ad-8c8c-e0a166c436e8","chain_node:v1_266280a8021e223f4e79e7000ee152dcf4e4609a","草甘膦","","ChainNode"
"f26fd9ac-e011-512a-8f77-d2e53d2c001e","chain_node:v1_0351c0cd876ad72018bedf68f3e3f895cc5ea9bd","道路工程施工","","ChainNode"
"f2731b54-3d9b-527f-abe5-3348c85880b3","industry_chain:processed_meat_products","肉制品产业链","","IndustryChain"
"f27799e5-54f5-5f38-9f65-d9bb4361be4c","chain_node:v2_93e69bc69e31d8434d3e5085bcef38c17d7eb51b","同步磁阻电机驱动系统","","ChainNode"
"f287de35-ef16-5699-838c-0d6f676d94b9","industry_chain:land_defense_equipment","地面防务装备产业链","地面兵装产业链","IndustryChain"
"f28e87cc-1b68-5e75-8830-d730dc24982d","chain_node:v2_12abe9cb74dff8e7f546a6020b2b8a7b44a07a0c","工业炸药","","ChainNode"
"f2903fa1-e005-5974-98a7-c9c233487f4c","chain_node:v2_a9ef1433f6c4e8fc220b384d7ff28342b6906ce0","家电控制板","","ChainNode"
"f2fd6af8-16ac-5761-ba0b-9523b3278ffe","industry:sw:workbook_snapshot_v1:630501","硅料硅片","","Industry"
"f3044085-5441-51fd-a82b-ace63a3c01f4","chain_node:v2_2e8f2e7654f93914371baa2aea3558398bd8b038","交换芯片","","ChainNode"
"f305847f-a70a-5907-88ca-298e01ccf2d0","industry_chain:specialty_chain_retail_services","专业连锁零售服务产业链","专业连锁产业链","IndustryChain"
"f3095bdf-2582-5796-8514-08ad76d1255c","chain_node:v2_df1ab69812cdd8c5c633416386ab65c7fb63fd3c","肉制品腌制斩拌服务","","ChainNode"
"f31b6052-fbc6-555d-8bd0-a697bd02ee18","industry_chain:automotive_mcu","汽车微控制器产业链","汽车MCU产业链","IndustryChain"
"f3372638-9689-5e7b-b9a5-2686e4bc7f0b","chain_node:v1_2650a0a5013b9317fde6ed009680cd463869c707","人形机器人","","ChainNode"
"f3588731-e30b-5fd3-add5-b65dd0d0ec54","industry_chain:municipal_wastewater_treatment_services","市政污水处理服务产业链","污水处理产业链","IndustryChain"
"f37c19d8-0ca4-5509-9471-323144b54292","industry_chain:virtual_private_network_services","虚拟专用网络服务产业链","VPN服务产业链","IndustryChain"
"f3ad15ba-03d5-5e03-9239-26e4df5c5d59","chain_node:v2_bf972527a4a6f10e6d9bfe0681af8ccdbb498ab2","智能语音基础模型训练服务","","ChainNode"
"f3b76268-7c2f-55ed-918f-216c0ab6a210","chain_node:v2_db963b8b036f1f1f1c07139892ba6bdc786c822f","特种钢冶炼与炉外精炼服务","","ChainNode"
"f3ba8c26-c027-5c42-aaeb-e7a4ca4aa766","chain_node:v2_35a27ae5c4e89f8f16441812820971b243b4a5a7","商品木材","","ChainNode"
"f3cde557-c8dc-521b-a31a-29df6cb1ddfa","industry_chain:commercial_shipbuilding","商用船舶制造产业链","船舶制造产业链","IndustryChain"
"f3d75e61-d09d-5e65-91da-2297591b8215","chain_node:v2_84a28390522436b905bc45d194a4386011089cac","线下非学历培训服务","","ChainNode"
"f3f1cd21-c640-51fe-8b72-846442c9bf48","concept:master_v1_058a5bb7804acb09","数字产业","","Concept"
"f3f39f4b-2347-5550-b8ee-de2c28007114","industry:sw:workbook_snapshot_v1:630503","逆变器","","Industry"
"f403961e-61b9-54e1-8df7-cb39ee8fd3dc","concept:master_v1_93dfec716a3bc026","显示技术","","Concept"
"f4118f6d-6b0a-59ad-b54c-4510fa3ec05b","chain_node:v1_4d80d6a8e437e4c0221ef5e0a050abb279f13dd4","检测服务","","ChainNode"
"f41a84f1-2a93-5b4f-9dc0-b4e2b878b905","industry_chain:water_treatment_equipment","水处理设备产业链","","IndustryChain"
"f41b7bff-728f-5e11-a955-0f24531c5157","chain_node:v1_ed1a1d1209a54a0c03eeba3f5ee99b402d9cf14f","新能源车整车","新能源汽车|电动乘用车","ChainNode"
"f41cec5a-a0d3-5e2e-9faa-ec519d2ae840","chain_node:v2_48591f2bd231891f987832a8fc0e34717093d80f","SaaS实施与客户成功服务","","ChainNode"
"f44ab297-41ed-52fa-a6fc-c5068abfeb6e","concept:master_v1_a31e7247ea11eac8","北斗导航","","Concept"
"f4545dfd-e125-5fdd-b412-119353f40377","chain_node:v2_73122a602f99cd62fdfebd4b53a03cae8377e7d4","聚合级苯乙烯","","ChainNode"
"f45e717a-8599-5efb-bc0d-476c971f5049","chain_node:v2_f5a9d5d022b5a0719e62c4b9b3d3568bd8a9e79d","量子计算控制软件","","ChainNode"
"f464b9ad-fa46-5454-9531-9d221207b0ee","industry:sw:workbook_snapshot_v1:610300","装修建材","","Industry"
"f4708e18-33fa-5394-b7a0-183740f45ffe","chain_node:v2_0d2d921a0449bb620e093c6d214fe6c6bb2d0d7e","光缆加强与护套材料","","ChainNode"
"f4749cbf-a256-5b78-8f79-76c4174b46ae","chain_node:v2_11a06ce034a6b4597e296ca1c83094219bd51d79","特种钢用优质废钢","","ChainNode"
"f47d24cd-80d4-5ae2-a82a-f70fe0863a0d","industry_chain:online_games","网络游戏产业链","","IndustryChain"
"f4810236-cc9e-50f0-99b4-dd1706d373cb","chain_node:v1_9938a26f313f8faac29b3ede2c544378bc4c2deb","铁路基础设施建设","铁路基建|高速铁路基础设施建设","ChainNode"
"f493f6e2-5eee-54e4-a0bd-dc1bde638c17","industry_chain:marine_wild_capture_fisheries","海洋捕捞产业链","","IndustryChain"
"f4976355-a79b-5f96-8e0c-bfbefdc06b09","industry_chain:online_video_media_services","在线视频媒体服务产业链","","IndustryChain"
"f4a0d947-6f24-5ea8-bfe5-3dc6f22d2bb1","chain_node:v2_ceb2b0649e4d923184fa65b9534602762485bf6e","聚丙烯齐格勒-纳塔催化剂","","ChainNode"
"f4b0926e-10ad-5f3d-87be-e3b90dd31e48","chain_node:v2_8f7f8bae45b049da86ba93e887b2007c3a8e4718","交通施工机械设备","","ChainNode"
"f4c5c688-58a3-5482-8557-578d34b229f3","chain_node:v1_294a8a11bddf4fe7d06e1a985b5f93b9e5da8ade","有机硅","有机硅概念","ChainNode"
"f4f843c3-4189-55ac-b1b2-94f8b59cb9d2","chain_node:v2_9d90d54bc59bd3a102df50878a87dfe2fa28934b","兽药经销服务","","ChainNode"
"f513674b-0d4a-5422-a2ef-8de2c8bdeb28","chain_node:v2_adf588af05e002e43e604f6bd7fb011409d9681f","烧结钕铁硼磁体制造服务","","ChainNode"
"f52c830f-207f-5974-8a0f-d2ae6142b592","industry:sw:workbook_snapshot_v1:340600","非白酒","","Industry"
"f531753a-0676-5151-94f1-e7548e866fb1","chain_node:v2_2586038d2eea56e63178ddd1a09740bee756462d","口腔影像设备","","ChainNode"
"f531b309-e1e9-5036-ac91-a46f9955d609","industry:sw:workbook_snapshot_v1:220405","氨纶","","Industry"
"f53bcbe4-060a-51be-811e-e3a333620548","chain_node:v1_12cb112ce6fa45415133f53fa114d1af09b46a84","线下药店","","ChainNode"
"f5499997-1be4-523b-b753-deb8d44b4f81","chain_node:v2_214765c441c1f256ba6dfad3b952472ff62ee83a","8K专业摄像机","","ChainNode"
"f5752b76-2878-56b0-b8d6-f8c11b221abd","industry:sw:workbook_snapshot_v1:430103","产业地产","","Industry"
"f577d4f6-e42a-5135-b4e7-217866e37ad0","industry:sw:workbook_snapshot_v1:240201","其他金属新材料","","Industry"
"f578937f-f380-560e-98fe-bb9f097e7ccd","chain_node:v2_ade253a90da18c68b8ba12bcf2163572eb31a22f","中药饮片","","ChainNode"
"f58987b9-9ac6-5564-b894-9b4b3c7fb517","chain_node:v2_53d1297734f8544ca9cb67d3114512ba6ebd84d8","标准检测方法","","ChainNode"
"f59b0502-1768-5333-8394-3c430f647cbc","chain_node:v2_a037d71da81bb759f2ae092a83d391b46d649307","混炼胶客户配方认证服务","","ChainNode"
"f59ebab9-ac95-5a87-b162-33415d7171e4","industry_chain:polyvinylidene_fluoride","聚偏氟乙烯材料产业链","PVDF产业链","IndustryChain"
"f5a51404-d378-567c-93e0-df8eb08c6a14","chain_node:v2_aa1612c60c4406e6778d1c0313b73d753b6b9f24","医院信息系统","","ChainNode"
"f5b16f99-3348-55cf-855a-3fc6b85756d7","chain_node:v2_2fcc6c83961d42ec3b2fa9901e9b191f9eaddfbe","电商物流接口服务","","ChainNode"
"f5d50742-e9d8-5b05-b87e-c6f65a875cc1","industry_chain:speech_ai_technology_services","智能语音技术服务产业链","","IndustryChain"
"f5e4f53e-9bf2-5087-8e55-a2fbd93d2cdc","chain_node:v2_8e278674736ceada92ea990d778c9f8dc7e23336","电子竞技赛事运营服务","","ChainNode"
"f5f6885e-c6e8-51bb-9cc4-8bbd070efa7a","chain_node:v2_d822a6c7ee6f9df3b1fa73b3a84e7d2ac2bfaf12","远洋捕捞渔船","","ChainNode"
"f5fac259-b190-59f3-864a-5b0b971201ff","chain_node:v2_b705056d31a398ab853bfe5967d85adc3db62f41","免税仓储履约基础设施","","ChainNode"
"f5fca4bd-6c69-513e-9e31-0592076af665","industry:sw:workbook_snapshot_v1:220603","炭黑","","Industry"
"f6016230-5100-53fe-9762-92ffeca4a01f","chain_node:v2_f342c3866dbdc1cfd619fdd719723254118b3501","工业丙烯","","ChainNode"
"f6130422-434c-598e-b324-8afc52184de7","industry:sw:workbook_snapshot_v1:730206","通信终端及配件","","Industry"
"f618acd6-c913-53d2-9fb1-9e5e53ae4491","chain_node:v2_8c7ef30463581a6a0fe50fdff0f4e36e35be5dcd","特种钢用铁合金","","ChainNode"
"f619f648-ca3b-592f-ad59-ee92007d8e35","chain_node:v2_262ec130cf98923cab72111ed0289375f44db054","滑雪指导培训服务","","ChainNode"
"f61c2191-598a-5361-b916-1fdb38a50d73","chain_node:v2_ed3c34daebacf1c7d7f9596ddcc966a6915681d3","生活垃圾焚烧发电设施","","ChainNode"
"f663eeea-dfc4-519c-aca9-ead49c186eef","chain_node:v2_c636c5b641b8f8f2eed4ab42308bc0753e68094a","工业电机","","ChainNode"
"f68193c8-11f1-5d7b-818b-e0acbd697182","chain_node:v2_164a157d29be8d3213fc1cc770b771f4c92512ae","报关清关服务","","ChainNode"
"f685b8af-dd42-5a3c-befc-6baa9e464f68","chain_node:v2_ce4c98735725c01339cabc76ada3335b09333661","炼厂及进口成品油","","ChainNode"
"f68b3976-7097-5d69-a1ee-f16cf99caf99","chain_node:v2_39195ba57af602cdef681e35f3915f472b77f205","转基因作物种子","","ChainNode"
"f6926687-624c-5032-b66c-c2b7910e52f6","industry:sw:workbook_snapshot_v1:770202","品牌化妆品","","Industry"
"f69426b9-9aec-504e-a22b-8b2a323a091b","chain_node:v2_d3a4149cfb7c59f5114af5831be8d2a678c74a30","水产饲料蛋白原料","","ChainNode"
"f69b213f-3b2e-58b4-9d38-14c6db8e9905","chain_node:v1_95ea2ad380f2754fc0b93df5e7fb391c24cafbcb","EDA","EDA概念","ChainNode"
"f69b3f27-4364-5416-af75-33808e9f6bee","chain_node:v2_89dc419aa26bf073776cf725667a4c37978b60c8","县乡电商仓配基础设施","","ChainNode"
"f6aaac54-224a-5ec6-8a03-2d0b24567ab7","chain_node:v2_9c7cb819b558eee4c27c1af9d21a5f3892d904b2","磁悬浮信号控制系统","","ChainNode"
"f6d355c6-03fc-5f46-ab99-73562d099927","concept:master_v1_350756d79c381722","网红经济","","Concept"
"f6d59dba-6424-5c7b-8c5d-1f94117748fa","chain_node:v2_a79ed9dd43e9f8e8b70917486b773d6af9b7ba60","AI加速卡","","ChainNode"
"f6d76152-e27c-527d-8f83-b9fc7e8a799f","chain_node:v1_259e30b93b9b5b6dfbd7efddadc05acf2c9a027a","培育钻石","","ChainNode"
"f6f8ca80-becf-57bd-b50c-38a5c9b689aa","chain_node:v2_d67272407eb2cfcdd09ff8c220aa390c4f10396e","石墨电极制造","","ChainNode"
"f748205f-962e-5b28-833d-4a93f852ed49","chain_node:v2_5a97790f9ac63ea87f37a6a28d8190f54063193f","在线问诊服务","","ChainNode"
"f750be06-31ba-5319-9883-ab184a072fa5","chain_node:v2_f0843ae62edca3f479c9a1598399c334e53c99d5","ONU/ONT设备","","ChainNode"
"f75f37bf-9651-5258-b57c-b59105c40e61","industry_chain:skin_care_products","护肤品产业链","","IndustryChain"
"f7608930-ab6c-5a26-b20f-0a44fc921477","industry:sw:workbook_snapshot_v1:630804","电工仪器仪表","","Industry"
"f7711d60-7ba2-55cd-8702-ad3305ad5cde","industry:sw:workbook_snapshot_v1:370101","原料药","","Industry"
"f77bedfa-d1a0-5ab1-83f0-de2d4b55f6e3","chain_node:v2_ebc5c7fc1372095967d8f99a82973874afae93a0","风电齿轮箱轴承","","ChainNode"
"f787c186-3145-5867-80ee-474284dc7e28","concept:master_v1_faa78dae03ca3b8e","碳中和","","Concept"
"f7a865d6-5b93-5ade-9eb5-6bf26049ea6a","chain_node:v2_39c858151196edb6f057116d49669f3b5ec0e564","托育机构安全管理系统","","ChainNode"
"f7ac9834-c536-53b3-a55d-bb5d4f4572c8","chain_node:v2_834ef005b753f30026119f049f010e339cb271f1","信托法律文件设立服务","","ChainNode"
"f7bc7dd2-5112-5669-b2d7-36e816437ba4","chain_node:v2_b5b72a8d2f68652e014b3387e6c9756cb785778a","TOPCon电池金属化服务","","ChainNode"
"f7c51966-9728-5bb7-9bec-f6bd343345fd","chain_node:v1_d54c161dcf255e491fb598c7071e973d76bc471a","商用载客车","","ChainNode"
"f7d42c7f-48ca-5994-ba84-d195018b650d","industry:sw:workbook_snapshot_v1:280303","汽车综合服务","","Industry"
"f7f02f24-b66d-5e52-88b5-7f299063befc","chain_node:v2_77107248db1f827d16c804e167dff6561dcded60","水性油墨分散研磨服务","","ChainNode"
"f7fa806a-7e19-5e17-a0ff-5a984c584509","chain_node:v2_ac4095dd324194c2d46d0c5eb2c479c5bc73a1e1","综合包装供应链交付服务","","ChainNode"
"f80a7ea4-e6b5-53a7-8fde-303e7815e4e0","industry_chain:diamond_jewelry","钻石珠宝产业链","","IndustryChain"
"f8189a0f-9b13-5c6c-8762-daa35cd40e42","chain_node:v1_eb3f2eeedcd32a287b6b1f383535e17c49e5197e","固结磨具","","ChainNode"
"f823b6a7-786c-579f-8366-4a9dbca55822","industry_chain:convenience_store_retail_services","便利店零售服务产业链","","IndustryChain"
"f82c4c99-7d86-5ea0-9dc5-67241baa2d0e","chain_node:v1_2832b47cfc2d0bf94ab89685c5f13f3f3ea2047e","抽水蓄能","","ChainNode"
"f83578bb-1804-5b79-ab42-7dd44a73a599","industry_chain:new_energy_vehicle_reducers","新能源汽车减速器产业链","","IndustryChain"
"f8390bb4-fd14-5324-8e3d-367cb457933b","industry_chain:aluminum_metal","铝金属产业链","","IndustryChain"
"f840394c-a94d-5cab-9b3b-3197464581bc","industry_chain:bonded_abrasives","固结磨具产业链","","IndustryChain"
"f841609a-12d6-5a4c-b4c0-1187f6e5b4ee","chain_node:v2_efa41462f14603e557b8348ae0ea4c66ff78933c","水处理设备","","ChainNode"
"f88cfcb2-aefc-55e1-a0bb-4ab28b693fd8","industry:sw:workbook_snapshot_v1:220309","其他化学制品","","Industry"
"f88eea4c-67cb-5d22-a873-17c6c49aff86","chain_node:v2_96de836e0b8b4c425198e339f7b67cfca2c54e66","游戏控制器主控芯片","","ChainNode"
"f8b34355-cf4c-520d-8448-317982f37983","chain_node:v1_4dd3f1de885b72520a238eb2e0facdc219ac3f46","金属锌","","ChainNode"
"f8bb5f8d-1b4e-5051-b70f-77eefe0fee06","chain_node:v2_9b2f572047f4249d67b7a7e97a6f257253388bf3","小分子药物发现服务","","ChainNode"
"f8c31d37-897f-56a3-949c-e60d12f412dd","chain_node:v2_5f96baf4d681b24e778b818548546dcd7677da0c","光伏组件层压机集成服务","","ChainNode"
"f8c899d6-18b5-5b5c-b066-e6080de89083","chain_node:v2_8046da5af5dba00cb257385490a355f48953c2a0","运营商设备适配验证服务","","ChainNode"
"f8dea3aa-b1ba-5336-aaf6-3fb913ed36fd","industry:sw:workbook_snapshot_v1:340500","白酒Ⅱ","","Industry"
"f8e6f2f7-b3a3-505a-96c9-a5150097aa82","chain_node:v2_86d88e93890bcadbf8f54ebd52b1e47d6530e933","高速光模块DSP芯片","","ChainNode"
"f903ec03-8fd0-5bfc-b034-df16f075da54","chain_node:v1_d72394064d4f02f29f37f3bc178747c8010ffc6f","化学制剂","","ChainNode"
"f911ab06-9d90-5432-b18b-ba1e72bc1499","chain_node:v2_dc06c4eded9b416d00ca7f898081331a2b2f3331","血浆分离纯化与病毒灭活服务","","ChainNode"
"f912be1b-f6ba-5d94-9c98-1d85cb4363b9","chain_node:v2_b1e1a2f7b19935931916039ed910212d2ce510cf","采购与供应商整合服务","","ChainNode"
"f91624bc-6453-514b-bbe4-67e8ae5d284d","chain_node:v2_ecab1e8f61b2651e47205513443239515d4eea66","金融市场数据","","ChainNode"
"f919779f-fdd0-51ed-ae9a-c54040fe8448","chain_node:v2_a6f5a8ed815406b4f14f5dd5f0d3fa950fe201f7","电子烟控制芯片","","ChainNode"
"f9479de4-a974-530e-90ea-dce21e0c21ad","industry_chain:intelligent_logistics_systems","智能物流系统产业链","","IndustryChain"
"f94a6de1-5a78-5f04-82b3-ae381f790f87","chain_node:v2_e2bdf9143f9af6282d5375bc4573596c1bc5af90","执业药师药事服务","","ChainNode"
"f967db19-895b-5f61-979d-3c040b4d31b1","chain_node:v2_9ae4715ccd9c8326fa9d470e222aca6d7b04c44c","低轨宽带通信载荷","","ChainNode"
"f96a2046-b6da-5e9d-a36e-4b6c5a30e2e6","industry:sw:workbook_snapshot_v1:220901","非金属材料Ⅲ","","Industry"
"f974fac8-e759-5e4a-bfed-9b67624fd248","chain_node:v2_0930247f14b3ee8db6634f65ba4702d549e465bc","合同物流仓库基础设施","","ChainNode"
"f980adfb-0c16-58e5-a988-375d8453a701","chain_node:v2_0243ad87edc3af6650d845bbef518b7e1d0a0b9c","盐湖锂浓缩卤水","","ChainNode"
"f9912f33-8bd8-5112-ac8c-5de9c2235c49","industry_chain:copper_metal","铜金属产业链","","IndustryChain"
"f9a9188d-6f81-5668-8613-f3de7e75928c","chain_node:v2_a64e856d237af39a9cc429be3882debd593ee56f","单晶炉石墨加热器","","ChainNode"
"f9d4eae2-a642-553e-bf3f-9dc9c18535e2","chain_node:v2_541dc3f33ac7fb6728531a8e8728abc1e0285f26","无机盐混凝剂","","ChainNode"
"f9facbc8-ac7f-5901-8765-0a1388a8fb1c","chain_node:v2_eeaa3939cbad01aa428679bc2f8b14334e404ff0","内容推荐系统","","ChainNode"
"fa0ff0e7-2835-50cd-95ae-40a797d1ed8e","chain_node:v2_26a1f2bc121da531e846a28420391cbcbf2345f4","核素分析实验室基础设施","","ChainNode"
"fa1113fe-2e2b-5922-b8c2-72ad90af8a7d","industry_chain:internet_of_things_systems","物联网系统产业链","","IndustryChain"
"fa2f6bc3-84b2-5f2f-9550-959150d42dd4","chain_node:v2_831143a98144be70dbf7b7d4a1f3670c7abbca5b","纸尿裤面层无纺布","","ChainNode"
"fa34e6e2-5e77-52e1-bcca-1e52584eb050","chain_node:v2_3f7a88c8ef07d429f9fbaaea65ce78d2541e359a","电力物联网平台","","ChainNode"
"fa5e897d-52d0-5cbb-9bbd-674d5bb5697d","chain_node:v1_f1433dc20aaf9ac11c5721851b12252d2c6e69b1","管材","","ChainNode"
"fa6867ce-f1c1-5107-9044-362912284a60","industry:sw:workbook_snapshot_v1:620101","房屋建设Ⅲ","","Industry"
"fa6e65c9-e326-5a8a-81c0-57343d2fb06e","industry:sw:workbook_snapshot_v1:740100","煤炭开采","","Industry"
"fa6fcecb-1a13-5844-9f2d-0383d9ce751e","chain_node:v1_3a2ecdea78e4f6aa2fe7dbc5beb851d3f1b0f943","MLCC","","ChainNode"
"fa7c230e-6a3d-5373-a4d0-bedd5f7a816f","industry:sw:workbook_snapshot_v1:630800","电网设备","","Industry"
"fa7d0cf7-e4cc-5eda-9761-bffb83ad2c0e","chain_node:v2_f1556eebce30c91c963fa5f65db32dc539b641c2","生物基丁二酸分离纯化服务","","ChainNode"
"faa1e3d3-7f8a-533b-8400-7de5a851824a","chain_node:v1_e2fe72e0e8e5df7a7d29a64cafa5504f3f812548","电视广播服务","电视广播|电视广播Ⅱ|电视广播Ⅲ","ChainNode"
"fac53c08-32fd-5d09-8500-f860387c8b05","industry:sw:workbook_snapshot_v1:610302","管材","","Industry"
"facc6f28-35e2-5926-9e9b-803939694271","industry_chain:automotive_thermal_management_systems","汽车热管理系统产业链","汽车热管理产业链","IndustryChain"
"fadc82c8-3df4-5797-a1e4-b59c11c3afde","chain_node:v1_c23ffdd2fe580d86de5a06f175c2f89be3e12bbe","MiniLED","","ChainNode"
"faf465a7-34eb-5556-b866-f5dea1704c70","chain_node:v2_fac82f3d59b079e4af5430110edc740eaf089249","钻石切割与抛光","","ChainNode"
"faf79925-f47f-55c6-8368-486f4f571e68","chain_node:v2_fc067a85ac57938fc415e96ce16088b09b4d5655","农作物种质资源","","ChainNode"
"fb04e06d-ef12-5cf6-b9df-a92db3e9e86e","chain_node:v1_07cd56db07fbab1ca89cff5d342f87bcea4a9dd7","电子烟","","ChainNode"
"fb071c1a-5cfa-5c75-a84a-f7a3315f5eba","chain_node:v2_b4fe0fd53f703de837a4d982e2a782d4692fb04b","煤气化合成气","","ChainNode"
"fb0b5f62-caa7-599e-8418-f081aac23cc4","chain_node:v1_3a7dad62b286388fe292637d355d7eb7412b6d99","个护小家电","","ChainNode"
"fb190bd9-c6b9-5819-ab58-61ddd5d300a5","chain_node:v2_681b8e8ef13d19cd6562f533b88cff96fd3f2574","维生素C原料","","ChainNode"
"fb1cdae7-b538-5133-955b-6a284a7b6151","chain_node:v2_306afcf103de7de5dc3635b182058c62ccbcc79a","钨粉","","ChainNode"
"fb22d5b1-ea84-5165-b3bb-ddc6c1769218","chain_node:v2_e1ea686a9269b57c4b2359208ceebfdf9c410b0e","教材内容版权授权服务","","ChainNode"
"fb336ce5-7742-5948-b4dc-4822af163a5e","chain_node:v2_b76c3008cb86e6999bcbff80ebd48b8cf21abdc9","通用服务器","","ChainNode"
"fb35b1c7-5177-56c5-8b18-23662ff6f31d","chain_node:v1_3d79b5852a38d5a211916b278c98dcf0e2103223","轨道交通设备","轨交设备|轨交设备Ⅱ|轨交设备Ⅲ","ChainNode"
"fb3945a7-0cbd-5082-a436-9dbb1b659e9a","industry_chain:glyphosate_herbicides","草甘膦除草剂产业链","草甘膦产业链","IndustryChain"
"fb471233-12ed-59e6-90fb-c2f7c5abfaae","chain_node:v2_3afe6e63d58794268eaf9586dd0a70ad411994c5","船用GNSS接收设备","","ChainNode"
"fb5704f8-bb98-5786-8c32-311510c6f88c","industry_chain:oral_hygiene_products","口腔清洁用品产业链","","IndustryChain"
"fb6a1f59-c973-577e-9de8-c25f02db3752","industry:sw:workbook_snapshot_v1:110801","动物保健Ⅲ","","Industry"
"fb6b384a-9050-54b8-86d0-2320e4111520","chain_node:v2_7afccbf8ce69f1c4e22e03f51f7adb1242d6350d","汽车维修保养服务","","ChainNode"
"fb6fe005-8a81-5f20-b419-5533b1d849e5","industry_chain:multilayer_ceramic_capacitors","多层陶瓷电容器产业链","MLCC产业链","IndustryChain"
"fb712583-b86c-514f-99b3-f4bd6850990d","chain_node:v2_5a065f9144cb2ea938b9d91a3c321dfcf2b326db","医用高压氧供氧系统","","ChainNode"
"fb8e1e78-89f4-517e-93b6-9ee8d83fef84","chain_node:v2_6500da9a5be6755df4a870f79fd24b0678ba9d57","多业态零售服务","","ChainNode"
"fb91cc89-82a8-5140-ad3b-507baf65d158","concept:master_v1_a76fbe4eb96a9e70","超导","","Concept"
"fb923727-3102-5ab6-b2c6-6989bc969d14","industry_chain:ai_training_data_services","AI训练语料与数据服务产业链","AI语料产业链","IndustryChain"
"fbcb88f3-be38-5502-bf9c-2e55545311b8","chain_node:v2_21768a861b4c097917b191c394ebf8b3a0d105d4","柔直电缆系统","","ChainNode"
"fbd4443d-daba-5843-957f-2972abb80ee9","chain_node:v2_8869ff882c9b763267c3e442c607a55a802e6b4a","职业技能考试认证服务","","ChainNode"
"fbd518e6-4d34-54a9-8433-cfaa1ea08172","industry:sw:workbook_snapshot_v1:240505","钼","","Industry"
"fbd72cb7-900b-5811-bffa-4a489d136649","chain_node:v2_9dea51ff8ce0ce932fdf13bdad1f14e768fa08e7","新能源汽车电驱系统","","ChainNode"
"fbe6f52e-8e70-53b0-afd8-31c7b6c5a4b0","chain_node:v2_be8cc0640b1ac6e71b986535c77caef35e124040","智能语音助手软件","","ChainNode"
"fbe77705-d34a-5240-9390-205f457ba5a0","chain_node:v2_d595b456687af9e76086c498f00de803ffb6c726","智能座舱SoC","","ChainNode"
"fc039f6d-dda2-5f83-9c40-62f2d1f1efa5","industry_chain:nuclear_contamination_remediation_services","核污染治理服务产业链","","IndustryChain"
"fc1a22f4-5303-57ed-9fa4-811715d24a19","chain_node:v2_b032a667ded2ad9cf8da12e044987ca70ad0c6cc","光伏单晶硅棒","","ChainNode"
"fc244fa8-cacf-5908-b540-1dd9cd40e6a2","chain_node:v2_86167f2421571853354f871a374bcd72024e7555","军用雷达系统","","ChainNode"
"fc398b92-183e-5ddc-ad0e-0286b1ff1afd","chain_node:v2_d3283f76bad0a3abb8a6af0f12a5ae52494430bc","广告创意素材","","ChainNode"
"fc3a71bb-05d2-5455-858d-ec181543e41b","chain_node:v2_19b3dc39324947273945409f4b7275b3b6122f07","城市燃气接收储运服务","","ChainNode"
"fc3b3c19-8eb9-5031-bb6f-6848c8609a81","chain_node:v1_a22a00decc91d026148e70b43c46e7735307e6f2","线控制动执行器","","ChainNode"
"fc3e48ce-bbfe-5c5a-8b9a-89d53ebca843","chain_node:v1_af08cd59eb2e10d56914dc916034aefd3e37345b","液冷系统","液冷|液冷概念","ChainNode"
"fc424029-391e-59fd-b175-a7d378dce7da","chain_node:v2_ba3288ba2c991b05601e67d0d9aa55271a787f94","线控转向减速与丝杠传动总成","","ChainNode"
"fc471feb-faa8-5f01-9043-bf1275ae0f99","chain_node:v2_ff53484185de2cdf919d57b7fa7317eb7fb335b1","电动剃须刀整机制造服务","","ChainNode"
"fc4a34c4-1ff7-57cc-a18b-6c0a70eed463","industry:sw:workbook_snapshot_v1:450303","多业态零售","","Industry"
"fc6afe14-0b85-5eb6-9f24-b0c49c4a6264","concept:master_v1_fdd4ed9fbd365004","国资云","","Concept"
"fc755165-517c-53aa-9959-d1baff428986","chain_node:v1_2187087222069b951af2b44cf7300993885705ca","油服工程","","ChainNode"
"fc957647-3301-530b-9daf-0b8499b515a0","industry:sw:workbook_snapshot_v1:270400","其他电子Ⅱ","","Industry"
"fca57734-5e7b-598b-92da-6fa2a7902620","chain_node:v2_49f034c3a36c685fe6ec3c60290425ebb7cab646","奢侈品牌直营零售服务","","ChainNode"
"fca82401-bd84-5a9f-865b-017587dc416e","chain_node:v2_61e08c5d803867b1522e6306c25252385cbd74d0","租赁物评估服务","","ChainNode"
"fcad1840-b248-54be-98be-cc2d8881eb1b","industry:sw:workbook_snapshot_v1:350209","非运动服装","","Industry"
"fcc1d544-170c-56c9-a49e-a92ba81ff702","chain_node:v2_dc4b63014a22a61ac869178ea9aaf7c9e16a3ecc","保险承保服务","","ChainNode"
"fccad5d8-9820-54e9-9f14-5f49960b7df7","chain_node:v2_d770d82d199be7afb1163c8bd10a4473ee92492e","冷藏熟肉制品","","ChainNode"
"fcd316fe-9235-5e3e-862b-90f39a6fe5ba","industry_chain:petroleum_refining_and_petrochemicals","炼油及石油化工产业链","炼油化工产业链","IndustryChain"
"fcd75d32-f1a8-5ff6-8c2f-c4998fc88ef3","industry_chain:steel_long_products","钢铁长材产业链","长材产业链","IndustryChain"
"fcee22f0-159b-5ffb-8273-5af5ffb1b1b2","chain_node:v1_023644651fa64551f2603ebb0708eecac8bff764","数字孪生软件平台","","ChainNode"
"fd06eccf-5ac5-51e0-9272-c5deb2b8fbbb","chain_node:v1_064c54721be6bf5f3de5a055da80cd70d45c378f","燃料电池","燃料电池概念","ChainNode"
"fd1420a1-c8ae-52ee-8c2e-36753906bf58","chain_node:v2_9b47b517e82802571e261af349f3834a7adbbd43","氦气纯化服务","","ChainNode"
"fd20a31e-a1f4-5435-be13-701ce1624609","industry:sw:workbook_snapshot_v1:461103","教育运营及其他","","Industry"
"fd33b52e-b7f2-508f-a1e8-fe76a74c3c6a","chain_node:v2_5a395a1f1c704764a2f1a5224eee75b1bdc954af","车规级MCU芯片","","ChainNode"
"fd38135f-4b7a-53c8-a2fa-bf93094344c4","chain_node:v2_a981fa17f57e8131a6dca534b575ef901d888dab","物联网终端设备","","ChainNode"
"fd4676fd-bff1-5987-a53a-23126151ac5a","chain_node:v2_f2305902af5f24e644154e9dcc1471191006161f","蓝宝石衬底","","ChainNode"
"fd5578cf-efe3-56ef-a4a2-00ebcabe6480","chain_node:v1_9ed1ef1213f8ce15583a2f92daf0b18f51eef14b","动力电池回收","","ChainNode"
"fda5f96f-d683-543a-8a90-4babf2d1f67c","concept:master_v1_51dfdd60427c98f8","车路云","","Concept"
"fdb61136-fa6b-55b1-96ae-68863b3594b6","chain_node:v1_9aa28689d3e41d461f5628fc7a536fef69721308","NK细胞疗法","","ChainNode"
"fdb9be4b-8df3-5b2a-9489-83ca0cde9d8d","industry:sw:workbook_snapshot_v1:460902","餐饮","","Industry"
"fdcd59c8-de51-5724-a3f7-17f6eef6ec7d","industry:sw:workbook_snapshot_v1:640704","其他自动化设备","","Industry"
"fdd67259-8a4d-50d4-af7d-bc27632d8195","industry_chain:footwear_products","鞋类产品产业链","","IndustryChain"
"fde6e0e5-35e0-54ca-b1f4-a4743e432cee","chain_node:v2_b3087be4234719066ee0177712740152015844c0","数字人民币核心发行与清算系统","","ChainNode"
"fdeaa28e-ca2a-53d1-86d0-3dc4927abd72","concept:master_v1_a5fdde3dd34418dc","脑机接口","","Concept"
"fe149971-0e54-51ef-a9ee-23f8829548ce","concept:master_v1_e7dd974b41b336ec","海洋产业","","Concept"
"fe1c1f98-58e9-5497-9e49-8f17606e54ce","chain_node:v2_1e0c9867271bcfd373ce728c383d8594780b829d","道路工程材料供应服务","","ChainNode"
"fe1d1a59-92b5-5cb0-88e8-922830e03b24","industry_chain:infrastructure_as_a_service","基础设施云服务产业链","IaaS产业链","IndustryChain"
"fe4bed4e-6c92-590f-8bdb-fb41472fad01","industry:sw:workbook_snapshot_v1:720801","社交Ⅲ","","Industry"
"fe5e803d-d9d2-5406-9754-fb1baa5bd3e1","concept:master_v1_db0ecdf7d33102a9","地热能","","Concept"
"fe7ccf84-01ca-5b55-92a6-788e66cda21c","chain_node:v2_dfa42b4e2891d428dd7b392506deeb50181f9416","电子烟烟油","","ChainNode"
"fe80f4a7-a8a3-5b16-8c67-ddf3406c6537","concept:master_v1_ce221d57d2b1ef8e","户外露营","露营产业|露营经济|露营","Concept"
"fe8338ac-bb0e-54a4-b4b2-b7b0ff5dfb79","industry:sw:workbook_snapshot_v1:421000","航空机场","","Industry"
"fe9db69b-2c54-5f36-9052-d0372f6d6657","chain_node:v2_f33443231eea7847cd6a85482c5b3102f9f80553","国产CPU","","ChainNode"
"feaf8a82-ed5e-5ebd-b86c-8dd452177826","chain_node:v2_cc21b8b46821d8a9b7adb075d7b039b6ee550156","无线充电磁性屏蔽材料","","ChainNode"
"feb0c63d-bafc-5cf2-b52d-0e6fd5bd52dc","chain_node:v1_95d40d324cdba6b9cd86a979e06d3d61c1aaf392","金属镍","","ChainNode"
"feb92e55-1dd9-51d5-8796-9170ac69f47f","chain_node:v2_6acb25e045ed46f4a52ba8c8c6bbeef506798e0e","特种纸抄造服务","","ChainNode"
"fed4be27-304f-50d0-a116-29cfcd47d3d4","chain_node:v2_6ac7106289728a49d381eb666a7dddcfeed0feb5","云视频会议服务","","ChainNode"
"fedbff2b-eb5a-55d5-90e8-40b96b49790f","chain_node:v2_35de3b0406cbfe141cf5134d1591ae5ce8c265e8","丁苯橡胶混炼胶","","ChainNode"
"fef10d17-e444-509c-b600-1ab54d109412","industry:sw:workbook_snapshot_v1:490303","期货","","Industry"
"fef1cc7a-3b83-590b-b2d0-ae4b092ffded","industry_chain:ai_compute_leasing_services","AI算力租赁服务产业链","算力租赁产业链","IndustryChain"
"fef257c8-c70d-556b-a3ba-94292b66d98f","chain_node:v2_19111f124914203dc0c4e23bcc4ab6301e48380b","建筑玻璃深加工服务","","ChainNode"
"ff0ecf0f-a02c-5383-99ed-9fb117751e71","chain_node:v2_7980e95c27d2e4153860853727b0f6216f8d025e","外汇兑换服务","","ChainNode"
"ff23ec4e-a903-5dbd-9445-a0ea4faae425","chain_node:v2_11006a01e8efda43decf57a64b4728dd120d9833","风电机组控制系统","","ChainNode"
"ff2574dc-b49e-529a-8e1c-2104814f87b5","industry_chain:construction_machinery_components","工程机械核心零部件产业链","","IndustryChain"
"ff2d294b-6f3e-55b9-a6fd-461557952503","chain_node:v2_f8220639e2dcf64e0678dce3ff63103caf738618","晶圆测试服务","","ChainNode"
"ff2fd19c-50b5-5979-a202-dce8b19708b5","concept:master_v1_65859b88e12763c9","Web3.0","","Concept"
"ff3294fb-2763-5eb8-9304-c1c20696bcf9","concept:master_v1_de064aec70efbe8a","大数据","","Concept"
"ff341e24-6217-5066-be4c-f79c8cc82b86","industry:sw:workbook_snapshot_v1:330601","家电零部件Ⅲ","","Industry"
"ff465710-17b5-5fca-b089-d5b21c60f7f3","chain_node:v2_1d3a774de25c80e0eac0a238deaa1504ee3f8d13","人形机器人传感器","","ChainNode"
"ff51e40c-6014-5da7-ab62-302adda65bdd","chain_node:v2_cab7e2e220299051c341e3e1253b480481f1671c","成品葡萄酒","","ChainNode"
"ff541064-3912-5108-805d-a6d3a1f8fabc","chain_node:v1_5f75d68b24b81b9a5695db9ee51c7763adb45136","风电零部件","","ChainNode"
"ff72487a-bfa3-5a75-9852-0ccabd981efb","concept:master_v1_0303057ac94e30b8","混合现实","","Concept"
"ff78cb4b-496f-5285-b486-3264f98b83f7","industry:sw:workbook_snapshot_v1:110400","饲料","","Industry"
"ff7ba86d-1095-5be1-ba10-023a9e375456","chain_node:v2_260dfe8411fac6d871f5e5b941f4f282373d49ed","玻璃纤维配合料","","ChainNode"
"ff83d655-f623-5b26-bca3-b28f6f4f62f3","chain_node:v2_8edcc5e12c9df2a3fa4f8dd5e1f8eff8e0e11422","SCR脱硝催化剂","","ChainNode"
"ff9fecca-6122-523e-83d9-007caf2ab895","chain_node:v2_3b791c9ef314a2eed7f860906edbe25fb7c8b500","轮胎混炼胶密炼服务","","ChainNode"
"ffbf0b47-a4a8-5728-9bcc-2d53ec230915","chain_node:v1_758b20db103c2be36c6651174f20198db3de75fc","电机","电机Ⅱ|电机Ⅲ","ChainNode"
"ffbf12a1-a7bd-563e-9908-9f419ae67cd8","chain_node:v2_6a8c85c495f030ce5742d464fe6c20f068141e92","城市感知摄像传感模组","","ChainNode"
"ffbfa05a-c741-5d79-a239-57a930131293","chain_node:v1_ee0ef2969570a9936cb89a399bdb88c07eae3f80","钻石珠宝","","ChainNode"
"ffcd2136-d07c-5769-a5cf-3becb16a7e83","chain_node:v2_08d5cd6d99cb5e14e761e325b6f578bdd654860f","光电二极管传感器","","ChainNode"
"ffd5219c-e87a-5853-951e-ee61cf363983","industry_chain:industrial_control_mcu","工业控制微控制器产业链","工业控制MCU产业链","IndustryChain"
"ffe12af5-2ae1-5a1d-9535-620d0baed727","chain_node:v2_b753517de68813af34b59fc42838dc8e1d560848","企业级联盟链平台","","ChainNode"
"ffe4cc00-aeb4-5822-80a3-d7f3d2f7dc43","chain_node:v1_2235d4f5c12980b6cb7311c1cbb8d43bcc410e83","工程监理服务","","ChainNode"
"fffc45a0-3b7d-516d-ac8f-858e4955d80a","industry_chain:pharmaceutical_research_outsourcing_services","医药研发外包服务产业链","CRO产业链|医药CRO产业链","IndustryChain"
